"","degree","normalised.degree","species.strength","interaction.push.pull","nestedrank","PDI","species.specificity.index","resource.range","PSI","node.specialisation.index.NSI","betweenness","weighted.betweenness","closeness","weighted.closeness","Fisher.alpha","partner.diversity","effective.partners","proportional.similarity","proportional.generality","d","uniID","X","Site","Date","Waypoint","Species","Height","N.flowers","Time","NN","NN.id","dist.lar","LT","AS","EC","SD","SM","SC","PP","HH","EL","LOTUS","BW","Quantity","density","shrub.density","cactus.density","con.density","het.density","site.density","site.shrub.density","site.cactus.density","S","S.1"
"1",2,0.0350877192982456,0.53030303030303,-0.234848484848485,0.30188679245283,0.991071428571429,0.740012869900955,0.982142857142857,1,2.21710526315789,0.00157085767741695,0.000639321811351768,0.00705828517486704,0.00314059660426095,2.62230229845195,0.636514168294813,1.88988157484231,0.158139534883721,0.0845928937553696,0.383994992102198,"LT 3",1,"low","4.21.2018",3,"LT",185,45,"",95,"LT",215,1,0,0,0,0,0,0,1,0,0,0,3,2,1,1,1,0,0.0194444444444444,0.0194444444444444,0,2,3
"2",NA,NA,NA,NA,NA,NA,NA,NA,NA,NA,NA,NA,NA,NA,NA,NA,NA,NA,NA,NA,"LT 5",2,"low","4.21.2018",5,"LT",175,72,"",160,"LT",39,2,0,0,0,0,0,0,0,0,0,0,0,2,2,0,2,0,0.0194444444444444,0.0194444444444444,0,1,1
"3",2,0.0350877192982456,0.295454545454545,-0.352272727272727,0.238993710691824,0.994047619047619,0.786322816296571,0.982142857142857,1,2.14473684210526,0.0143146727352879,0.00975763891333301,0.00727413487440426,0.00376055402075039,1.59181590415142,0.562335144618808,1.75476535060332,0.162790697674419,0.0785449632639424,0.322589017610063,"LT 6",3,"low","4.21.2018",6,"LT",125,73,"11:34",130,"LT",24,1,2,0,0,0,0,0,0,0,0,0,4,3,3,0,1,2,0.0194444444444444,0.0194444444444444,0,2,2
"4",1,0.0175438596491228,0.0625,-0.9375,0.735849056603774,1,1,1,1,2.53947368421053,0,0,0.00580635691755117,0.00202030774040552,134217776.500017,0,1,0.0372093023255814,0.0447609495121026,0.357823658263914,"AS 7",4,"low","4.21.2018",7,"AS",49,4,"11:48",55,"AS",202,0,0,0,0,0,0,0,0,0,0,0,1,0,0,0,0,0,0.0194444444444444,0.0194444444444444,0,0,2
"5",NA,NA,NA,NA,NA,NA,NA,NA,NA,NA,NA,NA,NA,NA,NA,NA,NA,NA,NA,NA,"AS 8",5,"low","4.21.2018",8,"AS",39,9,"12:08",575,"EC",193,0,0,0,0,0,0,0,0,0,0,0,0,0,0,0,0,0,0.0194444444444444,0.0194444444444444,0,0,1
"6",1,0.0175438596491228,0.1,-0.9,0.786163522012579,1,1,1,1,2.52631578947368,0,0,0.00572721202772086,0.00203554576233189,134217776.500017,0,1,0.0232558139534884,0.0447609495121026,0.466684092128727,"EC 10",6,"low","4.21.2018",10,"EC",46,264,"12:38",270,"EC",189,0,0,1,0,0,0,0,0,0,0,0,1,1,1,0,1,0,0.0194444444444444,0.0194444444444444,0,1,3
"7",2,0.0350877192982456,0.263333333333333,-0.368333333333333,0.377358490566038,0.982142857142857,0.700764888226735,0.982142857142857,1,1.99342105263158,0.00192731536163116,0.000671246972225928,0.00741803467409573,0.00233536151085461,268435505.000009,0.693147180559945,2,0.183720930232558,0.0895218990242052,0.32953018757331,"EC 11",7,"low","4.21.2018",11,"EC",55,135,"1:09",150,"EC",178,0,0,4,0,0,0,0,0,0,0,0,2,4,4,0,4,0,0.0194444444444444,0.0194444444444444,0,1,3
"8",2,0.0350877192982456,1.11111111111111,0.0555555555555556,0.389937106918239,0.982142857142857,0.700764888226735,0.982142857142857,1,2.61842105263158,0,0,0.00550416733819907,0.00193932385787384,268435505.000009,0.693147180559945,2,0.0232558139534884,0.0895218990242052,0.741720032842816,"EC 12",8,"low","4.21.2018",12,"EC",57,185,"",120,"EC",127,0,1,3,0,0,0,0,0,0,0,0,2,4,4,0,3,1,0.0194444444444444,0.0194444444444444,0,2,3
"9",1,0.0175438596491228,0.0454545454545455,-0.954545454545455,0.553459119496855,1,1,1,1,2.22368421052632,0,0,0.00701511523495959,0.00374124614276726,0.5252543404995,0,1,0.153488372093023,0.0447609495121026,0.256808187606916,"LT 13",9,"low","4.21.2018",13,"LT",275,131,"",100,"LT",4,1,0,3,0,0,0,0,0,0,0,0,3,4,4,0,1,3,0.0194444444444444,0.0194444444444444,0,2,3
"10",NA,NA,NA,NA,NA,NA,NA,NA,NA,NA,NA,NA,NA,NA,NA,NA,NA,NA,NA,NA,"AS 14",10,"low","4.21.2018",14,"AS",35,4,"2:09",200,"AS",217,0,1,0,0,0,0,0,0,0,0,0,0,1,1,0,1,0,0.0194444444444444,0.0194444444444444,0,1,1
"11",NA,NA,NA,NA,NA,NA,NA,NA,NA,NA,NA,NA,NA,NA,NA,NA,NA,NA,NA,NA,"SD 16",11,"up","4.21.2018",16,"SD",38,12,"3:04",68,"SD",168,0,0,0,1,0,0,0,0,0,0,0,0,1,1,0,1,0,0.0194444444444444,0.0194444444444444,0,1,2
"12",NA,NA,NA,NA,NA,NA,NA,NA,NA,NA,NA,NA,NA,NA,NA,NA,NA,NA,NA,NA,"EL 19",12,"up","4.21.2018",19,"EL",75,24,"3:59",595,"PP",126,0,0,0,0,0,0,0,0,0,0,0,0,0,0,0,0,0,0.0194444444444444,0.0194444444444444,0,0,1
"13",NA,NA,NA,NA,NA,NA,NA,NA,NA,NA,NA,NA,NA,NA,NA,NA,NA,NA,NA,NA,"EL 20",13,"up","4.22.2018",20,"EL",68,27,"4:16",145,"EC",126,0,0,0,0,0,0,0,0,3,0,0,0,3,3,0,3,0,NA,NA,NA,1,2
"14",1,0.0175438596491228,0.0625,-0.9375,0.660377358490566,1,1,1,1,2.53947368421053,0,0,0.00580635691755117,0.00202030774040552,134217776.500017,0,1,0.0372093023255814,0.0447609495121026,0.357823658263914,"AS 22",14,"up","4.22.2018",22,"AS",56,82,"9:16",965,"PP",220,0,0,0,0,0,0,0,0,0,0,0,1,0,0,0,0,0,NA,NA,NA,0,2
"15",4,0.0701754385964912,0.279056776556777,-0.180235805860806,0.0125786163522013,0.993303571428571,0.738748742699853,0.946428571428571,1,1.74342105263158,0.0668812348913966,0.12830926803792,0.00873471784127277,0.00480286385326217,2.2612632119324,0.885574151576672,2.42437595123906,0.304651162790698,0.108517369551767,0.234687572623852,"EC 23",15,"up","4.22.2018",23,"EC",45,180,"",230,"EC",33,0,0,1,0,0,0,0,0,0,0,0,11,1,1,0,1,0,NA,NA,NA,1,3
"16",1,0.0175438596491228,0.5,-0.5,0.993710691823899,1,1,1,1,2.96710526315789,0,0,0.00479186332972624,0.00165978326943919,134217776.500017,0,1,0.00465116279069767,0.0447609495121026,0.839455914565979,"SD 25",16,"low","4.22.2018",25,"SD",50,29,"10:18",285,"SD",155,0,0,0,1,0,0,0,0,0,0,0,1,1,1,0,1,0,NA,NA,NA,1,3
"17",2,0.0350877192982456,0.276666666666667,-0.361666666666667,0.251572327044025,0.991071428571429,0.740012869900955,0.982142857142857,1,1.99342105263158,0.00192731536163116,0.000671246972225928,0.00741803467409573,0.00305012345864696,2.62230229845195,0.636514168294813,1.88988157484231,0.183720930232558,0.0845928937553696,0.307952605094229,"AS 26",17,"low","4.22.2018",26,"AS",54,56,"10:35",245,"AS",11,0,2,0,0,0,0,0,0,0,0,0,3,2,2,0,2,0,NA,NA,NA,1,2
"18",1,0.0175438596491228,1,0,0.861635220125786,1,1,1,1,NA,0,0,0,NA,134217776.500017,0,1,0.00232558139534884,0.0447609495121026,1,"EL 28",18,"low","4.22.2018",28,"EL",56,117,"11:04",160,"AS",78,0,2,0,0,0,0,0,0,0,0,0,1,2,2,0,0,2,NA,NA,NA,1,2
"19",1,0.0175438596491228,0.0625,-0.9375,0.69811320754717,1,1,1,1,2.53947368421053,0,0,0.00580635691755117,0.00202030774040552,134217776.500017,0,1,0.0372093023255814,0.0447609495121026,0.357823658263914,"AS 29",19,"low","4.22.2018",29,"AS",49,29,"11:19",690,"AS",64,0,1,0,0,0,0,0,0,0,0,0,1,1,1,0,1,0,NA,NA,NA,1,2
"20",1,0.0175438596491228,0.0151515151515152,-0.984848484848485,0.918238993710692,1,1,1,1,2.22368421052632,0,0,0.00701511523495959,0.00210133228689235,134217776.500017,0,1,0.153488372093023,0.0447609495121026,0.0296082741048199,"LT 30",20,"low","4.22.2018",30,"LT",165,46,"11:33",80,"LT",200,2,0,0,0,0,0,0,0,0,0,0,1,2,2,0,2,0,NA,NA,NA,1,2
"21",NA,NA,NA,NA,NA,NA,NA,NA,NA,NA,NA,NA,NA,NA,NA,NA,NA,NA,NA,NA,"AS 32",21,"low","4.22.2018",32,"AS",4,9,"12:10",40,"AS",187,0,4,0,0,0,0,0,0,0,0,0,0,4,4,0,4,0,NA,NA,NA,1,1
"22",2,0.0350877192982456,0.0643224699828473,-0.467838765008576,0.232704402515723,0.994047619047619,0.786322816296571,0.982142857142857,1,1.98026315789474,0.00384456085725213,0,0.00795765892293878,0.00386887246654681,1.59181590415142,0.562335144618808,1.75476535060332,0.276744186046512,0.0785449632639424,0.15837482604601,"LT 33",22,"low","4.22.2018",33,"LT",290,120,"12:25",75,"LT",195,1,0,0,0,0,0,0,0,0,0,0,4,1,1,0,1,0,NA,NA,NA,1,2
"23",NA,NA,NA,NA,NA,NA,NA,NA,NA,NA,NA,NA,NA,NA,NA,NA,NA,NA,NA,NA,"EC 34",23,"low","4.22.2018",34,"EC",39,38,"12:47",90,"AS",140,0,1,0,0,0,0,0,0,0,0,0,0,1,1,0,0,1,NA,NA,NA,1,1
"24",1,0.0175438596491228,0.333333333333333,-0.666666666666667,0.949685534591195,1,1,1,1,3.14473684210526,0,0,0.00456737964220754,0.00160054017176554,134217776.500017,0,1,0.00697674418604651,0.0447609495121026,0.745543644874503,"LT 35",24,"low","4.22.2018",35,"LT",155,44,"12:58",160,"AS",188,0,1,0,0,0,0,0,0,0,0,0,1,1,1,0,0,1,NA,NA,NA,1,2
"25",NA,NA,NA,NA,NA,NA,NA,NA,NA,NA,NA,NA,NA,NA,NA,NA,NA,NA,NA,NA,"EC 36",25,"low","4.22.2018",36,"EC",47,20,"1:28",200,"AS",219,0,1,1,0,0,0,0,0,0,0,0,0,2,2,0,1,1,NA,NA,NA,2,2
"26",NA,NA,NA,NA,NA,NA,NA,NA,NA,NA,NA,NA,NA,NA,NA,NA,NA,NA,NA,NA,"AS 37",26,"low","4.22.2018",37,"AS",40,12,"1:39",200,"EC",15,0,0,1,0,0,0,0,0,0,0,0,0,1,1,0,0,1,NA,NA,NA,1,2
"27",2,0.0350877192982456,0.034019439679817,-0.482990280160091,0.465408805031447,0.982142857142857,0.700764888226735,0.982142857142857,1,1.98026315789474,0.00384456085725213,0,0.00795765892293878,0.00269986579854192,268435505.000009,0.693147180559945,2,0.276744186046512,0.0895218990242052,0.0408123157068134,"LT 38",27,"low","4.22.2018",38,"LT",200,91,"1:52",95,"LT",215,2,0,0,0,0,0,0,0,0,0,0,2,2,2,0,2,0,NA,NA,NA,1,2
"28",NA,NA,NA,NA,NA,NA,NA,NA,NA,NA,NA,NA,NA,NA,NA,NA,NA,NA,NA,NA,"AS 39",28,"low","4.22.2018",39,"AS",37,5,"2:07",96,"AS",26,1,2,0,0,0,0,0,0,0,0,0,0,3,3,0,2,1,NA,NA,NA,2,1
"29",NA,NA,NA,NA,NA,NA,NA,NA,NA,NA,NA,NA,NA,NA,NA,NA,NA,NA,NA,NA,"LT 40",29,"low","4.22.2018",40,"LT",190,76,"2:19",0,"AS",120,1,2,0,0,0,0,0,0,0,0,0,0,3,3,0,1,2,NA,NA,NA,2,1
"30",NA,NA,NA,NA,NA,NA,NA,NA,NA,NA,NA,NA,NA,NA,NA,NA,NA,NA,NA,NA,"EC 41",30,"low","4.22.2018",41,"EC",55,105,"2:34",170,"EC",172,0,0,1,0,0,0,0,0,0,0,0,0,1,1,0,1,0,NA,NA,NA,1,2
"31",NA,NA,NA,NA,NA,NA,NA,NA,NA,NA,NA,NA,NA,NA,NA,NA,NA,NA,NA,NA,"EC 42",31,"low","4.22.2018",42,"EC",30,70,"2:56",300,"LT",94,1,0,0,0,0,0,0,0,0,0,0,0,1,1,0,0,1,NA,NA,NA,1,1
"32",1,0.0175438596491228,0.1,-0.9,0.855345911949686,1,1,1,1,2.52631578947368,0,0,0.00572721202772086,0.00203554576233189,134217776.500017,0,1,0.0232558139534884,0.0447609495121026,0.466684092128727,"EC 43",32,"low","4.22.2018",43,"EC",46,112,"3:08",290,"EC",171,0,0,3,0,0,0,0,0,0,0,0,1,3,3,0,3,0,NA,NA,NA,1,3
"33",1,0.0175438596491228,0.0625,-0.9375,0.729559748427673,1,1,1,1,2.53947368421053,0,0,0.00580635691755117,0.00202030774040552,134217776.500017,0,1,0.0372093023255814,0.0447609495121026,0.357823658263914,"AS 44",33,"LOW","4.22.2018",44,"AS",60,16,"3:35",360,"EC",148,0,0,0,0,0,0,0,0,0,0,0,1,0,0,0,0,0,NA,NA,NA,0,2
"34",NA,NA,NA,NA,NA,NA,NA,NA,NA,NA,NA,NA,NA,NA,NA,NA,NA,NA,NA,NA,"EC 45",34,"UP","4.22.2018",45,"EC",59,64,"3:57",105,"SD",12,0,0,0,1,2,0,0,0,0,0,0,0,3,3,0,0,3,NA,NA,NA,2,3
"35",NA,NA,NA,NA,NA,NA,NA,NA,NA,NA,NA,NA,NA,NA,NA,NA,NA,NA,NA,NA,"SM 46",35,"UP","4.22.2018",46,"SM",60,46,"4:08",430,"EC",13,0,0,0,0,0,0,0,0,0,0,0,0,0,0,0,0,0,NA,NA,NA,0,1
"36",3,0.0526315789473684,0.584761904761905,-0.138412698412698,0.157232704402516,0.964285714285714,0.566946709513841,0.964285714285714,1,1.94078947368421,0.00721238477201398,0.000967987249581904,0.00770583427347869,0.00281900555224589,536870956.16667,1.09861228866811,3,0.211627906976744,0.134282848536308,0.386917842868901,"AS 47",36,"UP","4.23.2018",47,"AS",57,90,"9:23",870,"PP",52,0,0,0,0,0,0,0,0,0,0,0,3,0,0,0,0,0,0.05,0.05,0,0,2
"37",NA,NA,NA,NA,NA,NA,NA,NA,NA,NA,NA,NA,NA,NA,NA,NA,NA,NA,NA,NA,"SD 48",37,"UP","4.23.2018",48,"SD",54,11,"9:52",52,"SD",203,0,0,0,8,0,0,0,0,0,0,0,0,8,8,0,8,0,0.05,0.05,0,1,2
"38",2,0.0350877192982456,1.33333333333333,0.166666666666667,0.477987421383648,0.982142857142857,0.700764888226735,0.982142857142857,1,3.15131578947368,0,0,0.00452420970230009,0.00159266896995287,268435505.000009,0.693147180559945,2,0.00930232558139535,0.0895218990242052,0.870860016421408,"SD 49",38,"UP","4.23.2018",49,"SD",60,12,"10:01",20,"SD",220,0,0,0,2,0,0,0,0,0,0,0,2,2,2,0,2,0,0.05,0.05,0,1,3
"39",2,0.0350877192982456,0.642857142857143,-0.178571428571429,0.490566037735849,0.982142857142857,0.700764888226735,0.982142857142857,1,2.74342105263158,0.00321446626001377,4.91156321140924e-05,0.00515161282895494,0.00174491018742998,268435505.000009,0.693147180559945,2,0.0209302325581395,0.0895218990242052,0.689783353304147,"SM 50",39,"UP","4.23.2018",50,"SM",70,24,"10:16",35,"SM",163,0,0,0,3,5,0,0,0,0,0,0,2,8,8,0,5,3,0.05,0.05,0,2,4
"40",NA,NA,NA,NA,NA,NA,NA,NA,NA,NA,NA,NA,NA,NA,NA,NA,NA,NA,NA,NA,"SM 51",40,"UP","4.23.2018",51,"SM",64,19,"10:31",35,"SM",159,0,0,0,2,0,0,0,0,0,0,0,0,2,2,0,0,2,0.05,0.05,0,1,2
"41",5,0.087719298245614,2.28030303030303,0.256060606060606,0.00628930817610063,0.955357142857143,0.458956860082633,0.928571428571429,1,2.15789473684211,0.0330522166224487,0.0229762927029724,0.00730291483434255,0.00316446465135033,7.8243628497743,1.5498260458782,4.71065067421325,0.17906976744186,0.210853196997611,0.57558923079665,"SD 52",41,"UP","4.23.2018",52,"SD",83,97,"10:43",115,"SD",144,0,0,0,3,4,0,0,0,0,0,0,7,7,7,0,3,4,0.05,0.05,0,2,4
"42",3,0.0526315789473684,1.6875,0.229166666666667,0.0943396226415094,0.988095238095238,0.6557438524302,0.964285714285714,1,2.53289473684211,0.000222200907986444,0.000245578160570462,0.00584952685745861,0.00349191083872414,3.16655491100451,0.950270539233235,2.58640928985893,0.0441860465116279,0.115770135641009,0.693836146241933,"AS 54",42,"low","4.23.2018",54,"AS",52,49,"11:15",166,"AS",6,0,3,0,0,0,0,0,0,0,0,0,5,3,3,0,3,0,0.05,0.05,0,1,2
"43",NA,NA,NA,NA,NA,NA,NA,NA,NA,NA,NA,NA,NA,NA,NA,NA,NA,NA,NA,NA,"AS 56",43,"low","4.23.2018",56,"AS",62,33,"12:07",20,"AS",218,0,3,0,0,0,0,0,0,0,0,0,0,3,3,0,3,0,0.05,0.05,0,1,1
"44",NA,NA,NA,NA,NA,NA,NA,NA,NA,NA,NA,NA,NA,NA,NA,NA,NA,NA,NA,NA,"LT 57",44,"low","4.23.2018",57,"LT",250,94,"12:20",470,"AS",1,0,0,0,0,0,0,0,0,0,0,0,0,0,0,0,0,0,0.05,0.05,0,0,1
"45",NA,NA,NA,NA,NA,NA,NA,NA,NA,NA,NA,NA,NA,NA,NA,NA,NA,NA,NA,NA,"LT 58",45,"low","4.23.2018",58,"LT",160,53,"12:33",340,"AS",202,0,0,0,0,0,0,0,0,0,0,0,0,0,0,0,0,0,0.05,0.05,0,0,1
"46",NA,NA,NA,NA,NA,NA,NA,NA,NA,NA,NA,NA,NA,NA,NA,NA,NA,NA,NA,NA,"EC 59",46,"low","4.23.2018",59,"EC",40,103,"1:11",290,"LT",90,1,0,0,0,0,0,0,0,0,0,0,0,1,1,0,0,1,0.05,0.05,0,1,1
"47",NA,NA,NA,NA,NA,NA,NA,NA,NA,NA,NA,NA,NA,NA,NA,NA,NA,NA,NA,NA,"AS 60",47,"low","4.23.2018",60,"AS",42,9,"1:22",415,"EC",196,0,0,0,0,0,0,0,0,0,0,0,0,0,0,0,0,0,0.05,0.05,0,0,1
"48",2,0.0350877192982456,0.185534591194969,-0.407232704402516,0.471698113207547,0.982142857142857,0.700764888226735,0.982142857142857,1,1.97368421052632,0.0151654925764507,0,0.00754034950383349,0.00216181085034509,268435505.000009,0.693147180559945,2,0.137209302325581,0.0895218990242052,0.322680777716995,"LT 61",48,"low","4.23.2018",61,"LT",170,90,"1:42",570,"LT",166,0,0,0,0,0,0,0,0,0,0,0,2,0,0,0,0,0,0.05,0.05,0,0,2
"49",1,0.0175438596491228,0.0151515151515152,-0.984848484848485,0.968553459119497,1,1,1,1,2.22368421052632,0,0,0.00701511523495959,0.00210133228689235,134217776.500017,0,1,0.153488372093023,0.0447609495121026,0.0296082741048199,"LT 62",49,"low","4.23.2018",62,"LT",150,55,"1:53",410,"LT",132,0,0,0,0,0,0,0,0,0,0,0,1,0,0,0,0,0,0.05,0.05,0,0,2
"50",NA,NA,NA,NA,NA,NA,NA,NA,NA,NA,NA,NA,NA,NA,NA,NA,NA,NA,NA,NA,"AS 64",50,"low","4.23.2018",64,"AS",43,27,"2:22",60,"LT",173,1,0,0,0,0,0,0,0,0,0,0,0,1,1,0,0,1,0.05,0.05,0,1,1
"51",3,0.0526315789473684,0.306969696969697,-0.231010101010101,0.106918238993711,0.973214285714286,0.590399380564909,0.964285714285714,1,1.71710526315789,0.0472967857086524,0.00990498580967529,0.00885703267101052,0.00364760630009498,3.16655491100451,1.05492016798614,2.87174588749259,0.337209302325581,0.128542072681644,0.16278879663426,"EC 65",51,"low","4.23.2018",65,"EC",48,175,"2:40",550,"LT",161,0,0,0,0,0,0,0,0,0,0,0,5,0,0,0,0,0,0.05,0.05,0,0,2
"52",NA,NA,NA,NA,NA,NA,NA,NA,NA,NA,NA,NA,NA,NA,NA,NA,NA,NA,NA,NA,"EC 66",52,"low","4.23.2018",66,"EC",44,84,"2:52",120,"EC",41,1,0,3,0,0,0,0,0,0,0,0,0,4,4,0,3,1,0.05,0.05,0,2,2
"53",NA,NA,NA,NA,NA,NA,NA,NA,NA,NA,NA,NA,NA,NA,NA,NA,NA,NA,NA,NA,"EC 67",53,"low","4.23.2018",67,"EC",39,120,"3:06",230,"EC",207,0,0,1,0,0,0,0,0,0,0,0,0,1,1,0,1,0,0.05,0.05,0,1,2
"54",NA,NA,NA,NA,NA,NA,NA,NA,NA,NA,NA,NA,NA,NA,NA,NA,NA,NA,NA,NA,"LT 68",54,"low","4.23.2018",68,"LT",105,20,"3:21",180,"EC",169,0,0,1,0,0,0,0,0,0,0,0,0,1,1,0,0,1,0.05,0.05,0,1,2
"55",NA,NA,NA,NA,NA,NA,NA,NA,NA,NA,NA,NA,NA,NA,NA,NA,NA,NA,NA,NA,"SM 69",55,"UP","4.23.2018",69,"SM",60,11,"3:57",115,"SM",100,0,0,0,0,2,0,1,0,0,0,0,0,3,2,1,2,0,0.05,0.05,0,2,3
"56",2,0.0350877192982456,0.171428571428571,-0.414285714285714,0.364779874213836,0.982142857142857,0.700764888226735,0.982142857142857,1,2.45394736842105,0.00102637805295579,7.36734481711385e-05,0.00612293647687242,0.00236082080112857,268435505.000009,0.693147180559945,2,0.0558139534883721,0.0895218990242052,0.419118438880098,"AS 71",56,"UP","4.24.2018",71,"AS",67,75,"9:17",80,"SM",121,0,2,0,0,1,0,0,0,0,0,0,2,3,3,0,2,1,0.0385,0.036,0.0015,2,3
"57",1,0.0175438596491228,0.0714285714285714,-0.928571428571429,0.742138364779874,1,1,1,1,2.51315789473684,0,0,0.00576318697764373,0.00197212824608569,134217776.500017,0,1,0.0325581395348837,0.0447609495121026,0.388751686115542,"AS 73",57,"UP","4.24.2018",73,"AS",60,34,"9:43",130,"AS",123,0,1,0,0,0,0,0,0,0,0,0,1,1,1,0,1,0,0.0385,0.036,0.0015,1,2
"58",NA,NA,NA,NA,NA,NA,NA,NA,NA,NA,NA,NA,NA,NA,NA,NA,NA,NA,NA,NA,"SM 75",58,"UP","4.24.2018",75,"SM",72,24,"10:12",240,"SM",89,0,0,0,0,2,0,0,0,0,0,0,0,2,2,0,2,0,0.0385,0.036,0.0015,1,2
"59",NA,NA,NA,NA,NA,NA,NA,NA,NA,NA,NA,NA,NA,NA,NA,NA,NA,NA,NA,NA,"SD 76",59,"UP","4.24.2018",76,"SD",55,30,"10:34",210,"SD",159,0,0,0,1,0,0,0,0,0,0,0,0,1,1,0,1,0,0.0385,0.036,0.0015,1,2
"60",NA,NA,NA,NA,NA,NA,NA,NA,NA,NA,NA,NA,NA,NA,NA,NA,NA,NA,NA,NA,"AS 78",60,"","4.24.2018",78,"AS",30,25,"11:07",0,"PP",218,0,2,0,0,0,0,1,0,0,0,0,0,3,2,1,2,0,0.0385,0.036,0.0015,2,2
"61",NA,NA,NA,NA,NA,NA,NA,NA,NA,NA,NA,NA,NA,NA,NA,NA,NA,NA,NA,NA,"AS 79",61,"","4.24.2018",79,"AS",58,83,"11:24",NA,"",1,0,0,0,0,0,0,0,0,0,0,0,0,0,0,0,0,0,0.0385,0.036,0.0015,0,1
"62",NA,NA,NA,NA,NA,NA,NA,NA,NA,NA,NA,NA,NA,NA,NA,NA,NA,NA,NA,NA,"SM 81",62,"","4.24.2018",81,"SM",100,21,"",75,"AS",133,0,2,0,0,0,0,0,0,0,0,0,0,2,2,0,0,2,0.0385,0.036,0.0015,1,1
"63",4,0.0701754385964912,0.266199733180865,-0.183450066704784,0.0314465408805031,0.982142857142857,0.566946709513841,0.946428571428571,1,1.875,0.0465101139777736,0.0335287862626851,0.0085332581217047,0.00359452543816727,5.24460493178456,1.242453324894,3.46410161513775,0.325581395348837,0.155056477499974,0.185526071039771,"LT 82",63,"","4.24.2018",82,"LT",220,233,"12:33",50,"AS",157,0,2,0,0,0,0,0,0,0,0,0,6,2,2,0,0,2,0.0385,0.036,0.0015,1,2
"64",NA,NA,NA,NA,NA,NA,NA,NA,NA,NA,NA,NA,NA,NA,NA,NA,NA,NA,NA,NA,"AS 83",64,"","4.24.2018",83,"AS",45,32,"12:33",60,"AS",177,0,2,0,0,0,0,0,0,0,0,0,0,2,2,0,2,0,0.0385,0.036,0.0015,1,1
"65",NA,NA,NA,NA,NA,NA,NA,NA,NA,NA,NA,NA,NA,NA,NA,NA,NA,NA,NA,NA,"AS 84",65,"","4.24.2018",84,"AS",55,13,"12:51",60,"AS",156,0,3,0,0,0,0,0,0,0,0,0,0,3,3,0,3,0,0.0385,0.036,0.0015,1,1
"66",2,0.0350877192982456,0.545454545454545,-0.227272727272727,0.245283018867925,0.994047619047619,0.786322816296571,0.982142857142857,1,2.22368421052632,0,0,0.00701511523495959,0.00374364877790482,1.59181590415142,0.562335144618808,1.75476535060332,0.158139534883721,0.0785449632639424,0.366638828641584,"LT 85",66,"","4.24.2018",85,"LT",245,127,"1:13",830,"LT",204,0,5,0,0,0,0,0,0,0,0,0,4,5,5,0,0,5,0.0385,0.036,0.0015,1,2
"67",2,0.0350877192982456,0.53030303030303,-0.234848484848485,0.314465408805031,0.991071428571429,0.740012869900955,0.982142857142857,1,2.22368421052632,0,0,0.00701511523495959,0.00313384315176734,2.62230229845195,0.636514168294813,1.88988157484231,0.158139534883721,0.0845928937553696,0.383994992102198,"LT 86",67,"","4.24.2018",86,"LT",115,135,"",80,"AS",9,0,3,0,0,0,0,0,0,0,0,0,3,3,3,0,0,3,0.0385,0.036,0.0015,1,2
"68",NA,NA,NA,NA,NA,NA,NA,NA,NA,NA,NA,NA,NA,NA,NA,NA,NA,NA,NA,NA,"AS 89",68,"","4.24.2018",89,"AS",50,21,"2:36",240,"SC",180,0,2,0,0,0,1,0,0,0,0,0,0,3,2,1,2,0,0.0385,0.036,0.0015,2,2
"69",2,0.0350877192982456,0.124444444444444,-0.437777777777778,0.421383647798742,0.982142857142857,0.700764888226735,0.982142857142857,1,1.92105263157895,0.00741422568429257,0.00270749922028934,0.00769144429350954,0.00270588125508359,268435505.000009,0.693147180559945,2,0.195348837209302,0.0895218990242052,0.234206736447052,"EC 90",69,"","4.24.2018",90,"EC",50,360,"2:55",220,"EC",36,0,0,8,0,0,0,0,0,0,0,0,2,8,8,0,8,0,0.0385,0.036,0.0015,1,3
"70",2,0.0350877192982456,0.113333333333333,-0.443333333333333,0.427672955974843,0.982142857142857,0.700764888226735,0.982142857142857,1,1.93421052631579,0.00787814180205072,0.00165355961450777,0.00772022425344784,0.00215425555739376,268435505.000009,0.693147180559945,2,0.197674418604651,0.0895218990242052,0.221821789180188,"EC 91",70,"","4.24.2018",91,"EC",55,175,"",160,"EC",79,1,1,2,0,0,0,0,0,0,0,0,2,4,4,0,2,2,0.0385,0.036,0.0015,3,3
"71",NA,NA,NA,NA,NA,NA,NA,NA,NA,NA,NA,NA,NA,NA,NA,NA,NA,NA,NA,NA,"LT 92",71,"","4.24.2018",92,"LT",270,98,"3:31",260,"EC",212,0,0,3,0,0,0,0,0,0,0,0,0,3,3,0,0,3,0.0385,0.036,0.0015,1,2
"72",2,0.0350877192982456,0.18,-0.41,0.433962264150943,0.982142857142857,0.700764888226735,0.982142857142857,1,1.98026315789474,0.00163798576719442,0,0.00750437455391062,0.00268260716641758,268435505.000009,0.693147180559945,2,0.188372093023256,0.0895218990242052,0.281868462010181,"EC 94",72,"","4.24.2018",94,"EC",60,275,"",200,"EC",7,0,0,1,0,0,0,0,0,0,0,0,2,1,1,0,1,0,0.0385,0.036,0.0015,1,3
"73",1,0.0175438596491228,0.0188679245283019,-0.981132075471698,0.974842767295597,1,1,1,1,2.15789473684211,0,0,0.00702231022494417,0.00194602321921915,134217776.500017,0,1,0.123255813953488,0.0447609495121026,0.0804162491833271,"LT 96",73,"","4.24.2018",96,"LT",170,102,"",0,"PP",210,2,0,1,0,0,0,1,0,0,0,0,1,4,3,1,2,1,0.0385,0.036,0.0015,3,4
"74",1,0.0175438596491228,0.0625,-0.9375,0.748427672955975,1,1,1,1,2.53947368421053,0,0,0.00580635691755117,0.00202030774040552,134217776.500017,0,1,0.0372093023255814,0.0447609495121026,0.357823658263914,"AS 98",74,"","4.25.2018",98,"AS",64,17,"9:43",300,"PP",27,0,0,0,0,0,0,1,0,0,0,0,1,1,0,1,0,0,NA,NA,NA,1,3
"75",NA,NA,NA,NA,NA,NA,NA,NA,NA,NA,NA,NA,NA,NA,NA,NA,NA,NA,NA,NA,"AS 100",75,"","4.25.2018",100,"AS",38,6,"9:57",88,"PP",70,0,3,0,0,0,0,1,0,0,0,0,0,4,3,1,3,0,NA,NA,NA,2,2
"76",1,0.0175438596491228,0.0754716981132075,-0.924528301886792,0.522012578616352,1,1,1,1,2.15789473684211,0,0,0.00702231022494417,0.0035817157923568,0.427959424154393,0,1,0.123255813953488,0.0447609495121026,0.34314323374379,"LT 101",76,"","4.25.2018",101,"LT",285,146,"",170,"PP",181,0,1,0,0,0,0,1,0,0,0,0,4,2,1,1,0,1,NA,NA,NA,2,3
"77",NA,NA,NA,NA,NA,NA,NA,NA,NA,NA,NA,NA,NA,NA,NA,NA,NA,NA,NA,NA,"AS 103",77,"","4.25.2018",103,"AS",65,53,"10:58",30,"AS",135,0,4,0,0,0,0,0,0,0,0,0,0,4,4,0,4,0,NA,NA,NA,1,1
"78",NA,NA,NA,NA,NA,NA,NA,NA,NA,NA,NA,NA,NA,NA,NA,NA,NA,NA,NA,NA,"EC 104",78,"","4.25.2018",104,"EC",32,28,"11:28",330,"EC",208,0,0,0,0,0,0,0,0,0,0,0,0,0,0,0,0,0,NA,NA,NA,0,1
"79",1,0.0175438596491228,0.04,-0.96,0.547169811320755,1,1,1,1,2,0,0,0.00737486473418829,0.00360462277650635,0.5252543404995,0,1,0.174418604651163,0.0447609495121026,0.226072694164072,"LT 105",79,"","4.25.2018",105,"LT",136,36,"11:42",180,"LT",46,2,0,0,0,0,0,0,0,0,0,0,3,2,2,0,2,0,NA,NA,NA,1,2
"80",3,0.0526315789473684,1.07142857142857,0.0238095238095238,0.138364779874214,0.982142857142857,0.603190919787662,0.964285714285714,1,2.25,0.0038351200341051,0.000135067988313754,0.00637476112633251,0.00253650507099734,5.4525555311395,1.03972077083992,2.82842712474619,0.0465116279069767,0.126603083729426,0.700137302058865,"EC 106",80,"","4.25.2018",106,"EC",38,200,"",370,"LT",122,0,0,0,0,0,0,0,0,0,0,0,4,0,0,0,0,0,NA,NA,NA,0,2
"81",1,0.0175438596491228,0.5,-0.5,0.792452830188679,1,1,1,1,1,0,0,8.63398798148873e-05,NA,134217776.500017,0,1,0.00465116279069767,0.0447609495121026,0.839455914565979,"EC 107",81,"","4.25.2018",107,"EC",35,34,"12:13",230,"EC",72,1,0,2,0,0,0,0,0,0,0,0,1,3,3,0,2,1,NA,NA,NA,2,3
"82",1,0.0175438596491228,0.0133333333333333,-0.986666666666667,0.610062893081761,1,1,1,1,2,0,0,0.00737486473418829,0.00205753069114996,134217776.500017,0,1,0.174418604651163,0.0447609495121026,0,"AS 108",82,"","4.25.2018",108,"AS",140,31,"12:31",140,"AS",46,0,1,0,0,0,0,0,0,0,0,0,1,1,1,0,1,0,NA,NA,NA,1,2
"83",1,0.0175438596491228,0.5,-0.5,0.867924528301887,1,1,1,1,1,0,0,8.63398798148873e-05,NA,134217776.500017,0,1,0.00465116279069767,0.0447609495121026,0.839455914565979,"LT 109",83,"","4.25.2018",109,"LT",200,151,"12:56",120,"LT",17,1,0,0,0,0,0,0,0,0,0,0,1,1,1,0,1,0,NA,NA,NA,1,2
"84",2,0.0350877192982456,0.303333333333333,-0.348333333333333,0.20125786163522,0.995535714285714,0.821149020754281,0.982142857142857,1,1.96710526315789,0.00385036747272184,0.00251472036424153,0.00750437455391062,0.00397856671728506,1.23549253245909,0.500402423538188,1.64938488846612,0.183720930232558,0.0738280337186569,0.297623480875349,"EC 110",84,"","4.25.2018",110,"EC",58,150,"1:13",250,"LT",74,0,0,3,0,0,0,0,0,0,0,0,5,3,3,0,3,0,NA,NA,NA,1,3
"85",2,0.0350877192982456,1.14285714285714,0.0714285714285714,0.383647798742138,0.982142857142857,0.700764888226735,0.982142857142857,1,3.21710526315789,0,0,0.0045055027283402,0.0012641780652497,268435505.000009,0.693147180559945,2,0.0186046511627907,0.0895218990242052,0.77126161131961,"EC 111",85,"","4.25.2018",111,"EC",56,109,"1:33",810,"LT",202,0,0,0,0,0,0,0,0,0,0,0,2,0,0,0,0,0,NA,NA,NA,0,2
"86",1,0.0175438596491228,0.111111111111111,-0.888888888888889,0.616352201257862,1,1,1,1,2.39473684210526,0,0,0.00595025671724265,0.00201816944682097,134217776.500017,0,1,0.0209302325581395,0.0447609495121026,0.491087289749005,"AS 113",86,"","4.25.2018",113,"AS",52,49,"",530,"LT",157,0,1,0,0,0,0,0,0,0,0,0,1,1,1,0,1,0,NA,NA,NA,1,2
"87",NA,NA,NA,NA,NA,NA,NA,NA,NA,NA,NA,NA,NA,NA,NA,NA,NA,NA,NA,NA,"SD 116",87,"UP","4.25.2018",116,"SD",39,41,"3:17",50,"SD",185,0,0,0,2,0,0,0,0,0,0,0,0,2,2,0,2,0,NA,NA,NA,1,2
"88",NA,NA,NA,NA,NA,NA,NA,NA,NA,NA,NA,NA,NA,NA,NA,NA,NA,NA,NA,NA,"SM 117",88,"UP","4.25.2018",117,"SM",70,42,"3:34",80,"SM",152,0,0,0,0,1,0,0,0,2,0,0,0,3,3,0,1,2,NA,NA,NA,2,3
"89",1,0.0175438596491228,0.0188679245283019,-0.981132075471698,0.874213836477987,1,1,1,1,2.15789473684211,0,0,0.00702231022494417,0.00194602321921915,134217776.500017,0,1,0.123255813953488,0.0447609495121026,0.0804162491833271,"LT 118",89,"","4.25.2018",118,"LT",195,130,"3:47",1470,"LT",30,0,0,0,0,0,0,0,0,0,0,0,1,0,0,0,0,0,NA,NA,NA,0,2
"90",NA,NA,NA,NA,NA,NA,NA,NA,NA,NA,NA,NA,NA,NA,NA,NA,NA,NA,NA,NA,"AS 120",90,"","4.25.2018",120,"AS",35,16,"4:21",160,"LT",39,1,0,0,0,0,0,0,0,0,0,0,0,1,1,0,0,1,NA,NA,NA,1,1
"91",NA,NA,NA,NA,NA,NA,NA,NA,NA,NA,NA,NA,NA,NA,NA,NA,NA,NA,NA,NA,"AS 123",91,"","4.26.2018",123,"AS",50,71,"9:47",125,"AS",194,0,1,0,0,0,0,1,0,0,0,0,0,2,1,1,1,0,0.0445,0.0415,0.003,2,2
"92",1,0.0175438596491228,0.0833333333333333,-0.916666666666667,0.880503144654088,1,1,1,1,2.75657894736842,0,0,0.00533148757856929,0.00174087542040301,134217776.500017,0,1,0.027906976744186,0.0447609495121026,0.42445547400646,"LT 127",92,"","4.26.2018",127,"LT",190,156,"11:02",30,"AS",178,0,1,0,0,0,0,0,0,0,0,0,1,1,1,0,0,1,0.0445,0.0415,0.003,1,2
"93",2,0.0350877192982456,0.722222222222222,-0.138888888888889,0.19496855345912,0.988095238095238,0.715142343473362,0.982142857142857,1,2.27631578947368,0.00754308943316675,0.00776436284336943,0.00628842124651762,0.00304175649108195,1.23549253245909,0.673011667009257,1.96013170420779,0.0348837209302326,0.0877373562491165,0.727451048911829,"AS 128",93,"","4.26.2018",128,"AS",53,62,"11:20",0,"EC",133,0,3,1,0,0,0,0,0,0,0,0,5,4,4,0,3,1,0.0445,0.0415,0.003,2,3
"94",NA,NA,NA,NA,NA,NA,NA,NA,NA,NA,NA,NA,NA,NA,NA,NA,NA,NA,NA,NA,"EC 129",94,"","4.26.2018",129,"EC",42,11,"11:20",0,"AS",133,0,3,0,0,0,0,0,0,0,0,0,0,3,3,0,0,3,0.0445,0.0415,0.003,1,1
"95",1,0.0175438596491228,0.0151515151515152,-0.984848484848485,0.886792452830189,1,1,1,1,2.22368421052632,0,0,0.00701511523495959,0.00210133228689235,134217776.500017,0,1,0.153488372093023,0.0447609495121026,0.0296082741048199,"LT 131",95,"","4.26.2018",131,"LT",180,50,"12:02",180,"LT",46,1,0,0,0,0,0,0,0,0,0,0,1,1,1,0,1,0,0.0445,0.0415,0.003,1,2
"96",3,0.0526315789473684,0.206262626262626,-0.264579124579125,0.0628930817610063,0.994047619047619,0.765829965275769,0.964285714285714,1,1.69078947368421,0.052438539852367,0.124467197715796,0.009000932470702,0.00454184716610598,1.74344393002143,0.735621939758795,2.08677944009772,0.320348837209302,0.0934062291611076,0.202626630843502,"EC 132",96,"","4.26.2018",132,"EC",64,192,"12:13",320,"AS",124,0,0,0,0,0,0,0,0,0,0,0,8,0,0,0,0,0,0.0445,0.0415,0.003,0,2
"97",NA,NA,NA,NA,NA,NA,NA,NA,NA,NA,NA,NA,NA,NA,NA,NA,NA,NA,NA,NA,"LT 133",97,"","4.26.2018",133,"LT",165,96,"12:32",450,"LT",140,0,0,0,0,0,0,0,0,0,0,0,0,0,0,0,0,0,0.0445,0.0415,0.003,0,1
"98",NA,NA,NA,NA,NA,NA,NA,NA,NA,NA,NA,NA,NA,NA,NA,NA,NA,NA,NA,NA,"AS 134",98,"","4.26.2018",134,"AS",45,47,"12:45",320,"SC",161,0,0,0,0,0,0,0,0,0,0,0,0,0,0,0,0,0,0.0445,0.0415,0.003,0,1
"99",NA,NA,NA,NA,NA,NA,NA,NA,NA,NA,NA,NA,NA,NA,NA,NA,NA,NA,NA,NA,"SM 135",99,"","4.26.2018",135,"SM",65,12,"1:01",65,"SM",158,0,1,0,0,3,0,0,0,0,0,0,0,4,4,0,3,1,0.0445,0.0415,0.003,2,2
"100",NA,NA,NA,NA,NA,NA,NA,NA,NA,NA,NA,NA,NA,NA,NA,NA,NA,NA,NA,NA,"AS 136",100,"","4.27.2018",136,"AS",48,40,"10:38",0,"SC",82,0,3,0,0,0,1,0,0,0,0,0,0,4,3,1,3,0,0.043,0.0385,0.0045,2,2
"101",2,0.0350877192982456,0.211111111111111,-0.394444444444444,0.320754716981132,0.982142857142857,0.700764888226735,0.982142857142857,1,2.27631578947368,0.00303377122633539,0.00083496574593957,0.00643951603619368,0.00215170380708921,268435505.000009,0.693147180559945,2,0.0441860465116279,0.0895218990242052,0.471055118418767,"AS 141",101,"","4.27.2018",141,"AS",54,80,"11:19",200,"AS",87,0,1,0,0,0,0,0,0,0,0,0,2,1,1,0,1,0,0.043,0.0385,0.0045,1,2
"102",1,0.0175438596491228,0.166666666666667,-0.833333333333333,0.622641509433962,1,1,1,1,2.92105263157895,0,0,0.00478035134575093,0.00158387823248519,134217776.500017,0,1,0.013953488372093,0.0447609495121026,0.584999559440481,"AS 142",102,"","4.27.2018",142,"AS",22,155,"11:40",140,"SM",57,1,3,0,0,1,0,0,0,0,0,0,1,5,5,0,3,2,0.043,0.0385,0.0045,3,3
"103",4,0.0701754385964912,1.62444444444444,0.156111111111111,0.050314465408805,0.946428571428571,0.486422802567008,0.946428571428571,1,1.91447368421053,0.0170695744917611,0.00985382369288977,0.00773461423341699,0.00271343837636734,2147483650,1.38629436111989,4,0.202325581395349,0.17904379804841,0.541937305404897,"EC 143",103,"","4.27.2018",143,"EC",60,375,"",105,"AS",88,2,5,0,0,1,0,0,0,0,0,0,4,8,8,0,0,8,0.043,0.0385,0.0045,3,3
"104",1,0.0175438596491228,0.0151515151515152,-0.984848484848485,0.893081761006289,1,1,1,1,2.22368421052632,0,0,0.00701511523495959,0.00210133228689235,134217776.500017,0,1,0.153488372093023,0.0447609495121026,0.0296082741048199,"LT 145",104,"","4.27.2018",145,"LT",170,85,"12:09",160,"EC",178,0,1,3,0,0,0,0,0,0,0,0,1,4,4,0,0,4,0.043,0.0385,0.0045,2,3
"105",1,0.0175438596491228,0.111111111111111,-0.888888888888889,0.79874213836478,1,1,1,1,2.39473684210526,0,0,0.00595025671724265,0.00201816944682097,134217776.500017,0,1,0.0209302325581395,0.0447609495121026,0.491087289749005,"EC 146",105,"","4.27.2018",146,"EC",58,46,"12:09",0,"LT",2,1,1,2,0,0,0,0,0,0,0,0,1,4,4,0,2,2,0.043,0.0385,0.0045,3,3
"106",3,0.0526315789473684,1.20666666666667,0.0688888888888889,0.0566037735849057,0.995535714285714,0.808658501116863,0.964285714285714,1,1.94078947368421,0.019162894498363,0.0226238880425538,0.00773461423341699,0.0047462920975135,1.45308990103431,0.639031859650177,1.894645708138,0.2,0.0848061408852868,0.373200617541565,"EC 147",106,"","4.27.2018",147,"EC",56,240,"12:26",30,"EC",79,2,0,1,0,0,0,0,0,0,0,0,10,3,3,0,1,2,0.043,0.0385,0.0045,2,3
"107",1,0.0175438596491228,0.04,-0.96,0.540880503144654,1,1,1,1,2,0,0,0.00737486473418829,0.00360462277650635,0.5252543404995,0,1,0.174418604651163,0.0447609495121026,0.226072694164072,"EC 148",107,"","4.27.2018",148,"EC",62,225,"12:26",15,"EC",79,1,0,1,0,0,0,0,0,0,0,0,3,2,2,0,1,1,0.043,0.0385,0.0045,2,3
"108",2,0.0350877192982456,0.556603773584906,-0.221698113207547,0.220125786163522,0.994047619047619,0.786322816296571,0.982142857142857,1,2.13157894736842,0.00774741785173984,0.00351995363484328,0.00710865010475905,0.0032850127742487,1.59181590415142,0.562335144618808,1.75476535060332,0.127906976744186,0.0785449632639424,0.408460644033636,"LT 149",108,"","4.27.2018",149,"LT",210,151,"12:47",300,"LT",94,2,0,0,0,0,0,0,0,0,0,0,4,2,2,0,2,0,0.043,0.0385,0.0045,1,2
"109",NA,NA,NA,NA,NA,NA,NA,NA,NA,NA,NA,NA,NA,NA,NA,NA,NA,NA,NA,NA,"AS 150",109,"","4.27.2018",150,"AS",53,45,"12:47",270,"AS",174,0,1,0,0,0,0,0,0,0,0,0,0,1,1,0,1,0,0.043,0.0385,0.0045,1,1
"110",1,0.0175438596491228,0.0566037735849057,-0.943396226415094,0.559748427672956,1,1,1,1,2.15789473684211,0,0,0.00702231022494417,0.00327578283982745,0.5252543404995,0,1,0.123255813953488,0.0447609495121026,0.309550477797194,"LT 151",110,"","4.27.2018",151,"LT",135,87,"1:14",70,"AS",41,1,1,1,0,0,0,0,0,0,0,0,3,3,3,0,1,2,0.043,0.0385,0.0045,3,3
"111",3,0.0526315789473684,1.54,0.18,0.10062893081761,0.988095238095238,0.6557438524302,0.964285714285714,1,1.99342105263158,0.00965534880746851,0.00741646044922795,0.00741803467409573,0.00361356059643322,3.16655491100451,0.950270539233235,2.58640928985893,0.181395348837209,0.115770135641009,0.445549520757096,"EC 153",111,"","4.27.2018",153,"EC",58,92,"2:00",60,"AS",104,0,4,1,0,0,0,0,0,0,0,0,5,5,5,0,1,4,0.043,0.0385,0.0045,2,3
"112",NA,NA,NA,NA,NA,NA,NA,NA,NA,NA,NA,NA,NA,NA,NA,NA,NA,NA,NA,NA,"AS 154",112,"","4.27.2018",154,"AS",34,38,"2:00",147,"EC",136,0,1,2,0,0,0,0,0,0,0,0,0,3,3,0,1,2,0.043,0.0385,0.0045,2,2
"113",NA,NA,NA,NA,NA,NA,NA,NA,NA,NA,NA,NA,NA,NA,NA,NA,NA,NA,NA,NA,"LT 155",113,"","4.27.2018",155,"LT",130,39,"2:19",150,"LT",32,2,0,0,0,0,0,0,0,0,0,0,0,2,2,0,2,0,0.043,0.0385,0.0045,1,1
"114",NA,NA,NA,NA,NA,NA,NA,NA,NA,NA,NA,NA,NA,NA,NA,NA,NA,NA,NA,NA,"AS 157",114,"","4.27.2018",157,"AS",51,22,"2:36",125,"LT",181,0,1,0,0,0,0,0,0,0,0,0,0,1,1,0,1,0,0.043,0.0385,0.0045,1,1
"115",NA,NA,NA,NA,NA,NA,NA,NA,NA,NA,NA,NA,NA,NA,NA,NA,NA,NA,NA,NA,"AS 158",115,"","4.27.2018",158,"AS",54,30,"2:36",125,"AS",160,0,1,0,0,0,0,0,0,0,0,0,0,1,1,0,1,0,0.043,0.0385,0.0045,1,1
"116",3,0.0526315789473684,0.0776558033161807,-0.307448065561273,0.113207547169811,0.988095238095238,0.6557438524302,0.964285714285714,1,1.57236842105263,0.0868772233921178,0.136664246357462,0.00959811663942164,0.00408180170842878,3.16655491100451,0.950270539233235,2.58640928985893,0.451162790697674,0.115770135641009,0.0592400471352886,"LT 159",116,"","4.27.2018",159,"LT",230,160,"3:00",70,"AS",161,0,2,0,0,0,0,0,0,0,0,0,5,2,2,0,0,2,0.043,0.0385,0.0045,1,2
"117",1,0.0175438596491228,0.333333333333333,-0.666666666666667,0.981132075471698,1,1,1,1,3.14473684210526,0,0,0.00456737964220754,0.00160054017176554,134217776.500017,0,1,0.00697674418604651,0.0447609495121026,0.745543644874503,"SD 160",117,"","4.27.2018",160,"SD",53,12,"3:00",242,"SD",34,0,2,0,1,0,0,0,0,0,0,0,1,3,3,0,1,2,0.043,0.0385,0.0045,2,3
"118",NA,NA,NA,NA,NA,NA,NA,NA,NA,NA,NA,NA,NA,NA,NA,NA,NA,NA,NA,NA,"SM 161",118,"","4.27.2018",161,"SM",55,7,"3:26",710,"EL",112,0,0,0,0,0,0,0,0,0,0,0,0,0,0,0,0,0,0.043,0.0385,0.0045,0,1
"119",NA,NA,NA,NA,NA,NA,NA,NA,NA,NA,NA,NA,NA,NA,NA,NA,NA,NA,NA,NA,"EL 162",119,"","4.27.2018",162,"EL",78,18,"3:26",185,"EL",115,0,0,0,0,0,0,0,0,1,0,0,0,1,1,0,1,0,0.043,0.0385,0.0045,1,2
"120",2,0.0350877192982456,0.415151515151515,-0.292424242424242,0.276729559748428,0.991071428571429,0.740012869900955,0.982142857142857,1,2.22368421052632,0,0,0.00701511523495959,0.00303908331564479,2.62230229845195,0.636514168294813,1.88988157484231,0.165116279069767,0.0845928937553696,0.517349814508231,"LT 163",120,"","4.28.2018",163,"LT",250,119,"10:21",60,"LT",173,2,0,0,0,0,0,0,0,0,0,0,3,2,2,0,2,0,NA,NA,NA,1,2
"121",NA,NA,NA,NA,NA,NA,NA,NA,NA,NA,NA,NA,NA,NA,NA,NA,NA,NA,NA,NA,"AS 165",121,"","4.28.2018",165,"AS",69,46,"10:40",270,"AS",218,0,1,0,0,0,0,0,0,0,0,0,0,1,1,0,1,0,NA,NA,NA,1,1
"122",NA,NA,NA,NA,NA,NA,NA,NA,NA,NA,NA,NA,NA,NA,NA,NA,NA,NA,NA,NA,"AS 166",122,"","4.28.2018",166,"AS",65,45,"10:40",440,"AS",178,0,0,0,0,0,0,0,0,0,0,0,0,0,0,0,0,0,NA,NA,NA,0,1
"123",2,0.0350877192982456,0.137735849056604,-0.431132075471698,0.283018867924528,0.991071428571429,0.740012869900955,0.982142857142857,1,2.04605263157895,0.0116148454866833,0.00317491631924179,0.00746839960398775,0.00291974496480792,2.62230229845195,0.636514168294813,1.88988157484231,0.146511627906977,0.0845928937553696,0.290168634589728,"LT 169",123,"","4.28.2018",169,"LT",185,69,"11:16",135,"LT",26,1,1,0,0,0,0,0,0,0,0,0,3,2,2,0,1,1,NA,NA,NA,2,2
"124",NA,NA,NA,NA,NA,NA,NA,NA,NA,NA,NA,NA,NA,NA,NA,NA,NA,NA,NA,NA,"AS 170",124,"","4.28.2018",170,"AS",47,85,"11:16",125,"LT",21,2,1,0,0,0,0,0,0,0,0,0,0,3,3,0,1,2,NA,NA,NA,2,1
"125",NA,NA,NA,NA,NA,NA,NA,NA,NA,NA,NA,NA,NA,NA,NA,NA,NA,NA,NA,NA,"AS 171",125,"","4.28.2018",171,"AS",43,11,"11:38",20,"LT",201,0,2,0,0,0,0,0,0,0,0,0,0,2,2,0,2,0,NA,NA,NA,1,1
"126",2,0.0350877192982456,1.0625,0.03125,0.39622641509434,0.982142857142857,0.700764888226735,0.982142857142857,1,2.59210526315789,0,0,0.00558331222802938,0.00191277353616939,268435505.000009,0.693147180559945,2,0.0395348837209302,0.0895218990242052,0.674086967938147,"EC 172",126,"","4.28.2018",172,"EC",49,225,"11:38",149,"SC",176,0,0,0,0,0,1,0,0,0,0,0,2,1,0,1,0,0,NA,NA,NA,1,3
"127",1,0.0175438596491228,0.0754716981132075,-0.924528301886792,0.528301886792453,1,1,1,1,2.15789473684211,0,0,0.00702231022494417,0.0035817157923568,0.427959424154393,0,1,0.123255813953488,0.0447609495121026,0.34314323374379,"LT 173",127,"","4.28.2018",173,"LT",165,112,"11:57",570,"LT",166,0,0,0,0,0,0,0,0,0,0,0,4,0,0,0,0,0,NA,NA,NA,0,2
"128",NA,NA,NA,NA,NA,NA,NA,NA,NA,NA,NA,NA,NA,NA,NA,NA,NA,NA,NA,NA,"LT 174",128,"","4.28.2018",174,"LT",122,105,"11:57",179,"SC",166,0,0,0,0,0,1,0,0,0,0,0,0,1,0,1,0,0,NA,NA,NA,1,2
"129",1,0.0175438596491228,0.25,-0.75,0.628930817610063,1,1,1,1,2.69736842105263,0,0,0.00523363571477908,0.00171344831741182,134217776.500017,0,1,0.00930232558139535,0.0447609495121026,0.678911829131957,"AS 176",129,"","4.28.2018",176,"AS",37,24,"12:14",0,"SC",106,0,1,0,0,0,1,0,0,0,0,0,1,2,1,1,1,0,NA,NA,NA,2,3
"130",1,0.0175438596491228,0.142857142857143,-0.857142857142857,0.635220125786163,1,1,1,1,3.21710526315789,0,0,0.0045055027283402,0.0012641780652497,134217776.500017,0,1,0.0162790697674419,0.0447609495121026,0.549295771549564,"AS 177",130,"","4.28.2018",177,"AS",68,130,"12:14",74,"AS",111,0,6,0,0,0,0,0,0,0,0,0,1,6,6,0,6,0,NA,NA,NA,1,2
"131",NA,NA,NA,NA,NA,NA,NA,NA,NA,NA,NA,NA,NA,NA,NA,NA,NA,NA,NA,NA,"EC 179",131,"","4.28.2018",179,"EC",30,175,"12:37",10,"LT",3,4,0,0,0,0,0,0,0,0,0,0,0,4,4,0,0,4,NA,NA,NA,1,1
"132",2,0.0350877192982456,0.685534591194969,-0.157232704402516,0.289308176100629,0.991071428571429,0.740012869900955,0.982142857142857,1,2.15131578947368,0.00965534880746851,0.00741646044922795,0.00706548016485161,0.00195385024894481,2.62230229845195,0.636514168294813,1.88988157484231,0.130232558139535,0.0845928937553696,0.616810488835148,"LT 182",132,"","4.28.2018",182,"LT",220,177,"1:49",270,"PP",146,0,0,0,0,0,0,1,0,0,0,0,3,1,0,1,0,0,NA,NA,NA,1,3
"133",2,0.0350877192982456,0.181318681318681,-0.409340659340659,0.484276729559748,0.982142857142857,0.700764888226735,0.982142857142857,1,2.48684210526316,0.00421848134510505,0.0026931738275894,0.00600781663711924,0.00201284346333555,268435505.000009,0.693147180559945,2,0.0767441860465116,0.0895218990242052,0.388277971178779,"SM 183",133,"","4.28.2018",183,"SM",100,22,"2:05",30,"SM",201,0,0,0,0,12,0,0,0,0,0,0,2,12,12,0,12,0,NA,NA,NA,1,3
"134",NA,NA,NA,NA,NA,NA,NA,NA,NA,NA,NA,NA,NA,NA,NA,NA,NA,NA,NA,NA,"AS 183.1",134,"","4.28.2018",183.1,"AS",49,52,"1:49",39,"AS",130,0,3,0,0,0,0,0,0,0,0,0,0,3,3,0,3,0,NA,NA,NA,1,1
"135",1,0.0175438596491228,0.5,-0.5,0.641509433962264,1,1,1,1,2.90789473684211,0,0,0.00475876637579721,0.0014719422445085,134217776.500017,0,1,0.00465116279069767,0.0447609495121026,0.839455914565979,"AS 185",135,"","4.28.2018",185,"AS",56,14,"2:22",190,"AS",51,0,1,0,0,0,0,0,0,0,0,0,1,1,1,0,1,0,NA,NA,NA,1,2
"136",NA,NA,NA,NA,NA,NA,NA,NA,NA,NA,NA,NA,NA,NA,NA,NA,NA,NA,NA,NA,"EC 187",136,"","4.28.2018",187,"EC",50,190,"2:41",0,"AS",39,1,3,2,0,0,0,0,0,0,0,0,0,6,6,0,2,4,NA,NA,NA,3,2
"137",NA,NA,NA,NA,NA,NA,NA,NA,NA,NA,NA,NA,NA,NA,NA,NA,NA,NA,NA,NA,"AS 188",137,"","4.28.2018",188,"AS",81,80,"2:42",167,"SC",67,0,1,0,0,0,1,0,0,0,0,0,0,2,1,1,1,0,NA,NA,NA,2,2
"138",NA,NA,NA,NA,NA,NA,NA,NA,NA,NA,NA,NA,NA,NA,NA,NA,NA,NA,NA,NA,"EC 189",138,"","4.28.2018",189,"EC",60,130,"2:58",30,"LT",93,1,0,2,0,0,0,0,0,0,0,0,0,3,3,0,2,1,NA,NA,NA,2,2
"139",1,0.0175438596491228,0.142857142857143,-0.857142857142857,0.805031446540881,1,1,1,1,3.21710526315789,0,0,0.0045055027283402,0.0012641780652497,134217776.500017,0,1,0.0162790697674419,0.0447609495121026,0.549295771549564,"EC 190",139,"","4.28.2018",190,"EC",43,110,"2:58",20,"LT",53,1,1,0,0,0,0,0,0,0,0,0,1,2,2,0,0,2,NA,NA,NA,2,2
"140",1,0.0175438596491228,1,0,0.811320754716981,1,1,1,1,NA,0,0,0,NA,134217776.500017,0,1,0.00232558139534884,0.0447609495121026,1,"EC 191",140,"","4.28.2018",191,"EC",60,58,"3:16",80,"LT",200,1,0,0,0,0,0,0,0,0,0,0,1,1,1,0,0,1,NA,NA,NA,1,2
"141",2,0.0350877192982456,0.205357142857143,-0.397321428571429,0.40251572327044,0.982142857142857,0.700764888226735,0.982142857142857,1,2.55263157894737,0.0235731836203225,0.0282046517415175,0.00584233186747404,0.00195905631390217,268435505.000009,0.693147180559945,2,0.0534883720930233,0.0895218990242052,0.445348579257757,"EC 192",141,"","4.28.2018",192,"EC",53,360,"3:16",95,"EC",113,1,0,2,0,0,0,0,0,0,0,0,2,3,3,0,2,1,NA,NA,NA,2,3
"142",1,0.0175438596491228,0.0188679245283019,-0.981132075471698,0.89937106918239,1,1,1,1,2.15789473684211,0,0,0.00702231022494417,0.00194602321921915,134217776.500017,0,1,0.123255813953488,0.0447609495121026,0.0804162491833271,"LT 193",142,"","4.28.2018",193,"LT",205,89,"3:35",100,"LT",10,1,1,0,0,0,0,0,0,0,0,0,1,2,2,0,1,1,NA,NA,NA,2,2
"143",1,0.0175438596491228,0.333333333333333,-0.666666666666667,0.987421383647799,1,1,1,1,3.14473684210526,0,0,0.00446089379043584,0.00121406725454802,134217776.500017,0,1,0.00697674418604651,0.0447609495121026,0.745543644874503,"SD 195",143,"","4.28.2018",195,"SD",78,23,"3:58",120,"SM",59,0,0,0,0,1,0,0,0,0,0,0,1,1,1,0,0,1,NA,NA,NA,1,3
"144",NA,NA,NA,NA,NA,NA,NA,NA,NA,NA,NA,NA,NA,NA,NA,NA,NA,NA,NA,NA,"AS 197",144,"","4.30.2018",197,"AS",48,36,"10:56",65,"AS",138,0,6,0,0,0,0,0,0,0,0,0,0,6,6,0,6,0,0.035,0.0315,0.0035,1,1
"145",3,0.0526315789473684,0.568038879359634,-0.143987040213455,0.119496855345912,0.973214285714286,0.590399380564909,0.964285714285714,1,1.97368421052632,0.0134999096647206,0.00741646044922795,0.00800082886284622,0.00342876831183619,3.16655491100451,1.05492016798614,2.87174588749259,0.281395348837209,0.128542072681644,0.237121041637153,"LT 199",145,"","4.30.2018",199,"LT",185,55,"11:17",65,"AS",142,0,1,0,0,0,1,0,0,0,0,0,5,2,1,1,0,1,0.035,0.0315,0.0035,2,3
"146",NA,NA,NA,NA,NA,NA,NA,NA,NA,NA,NA,NA,NA,NA,NA,NA,NA,NA,NA,NA,"AS 200",146,"","4.30.2018",200,"AS",42,39,"11:17",83,"AS",128,0,3,0,0,0,0,0,0,0,0,0,0,3,3,0,3,0,0.035,0.0315,0.0035,1,1
"147",NA,NA,NA,NA,NA,NA,NA,NA,NA,NA,NA,NA,NA,NA,NA,NA,NA,NA,NA,NA,"SM 201",147,"","4.30.2018",201,"SM",80,20,"11:32",30,"SM",206,0,0,0,0,11,0,0,0,0,0,1,0,12,12,0,11,1,0.035,0.0315,0.0035,2,3
"148",NA,NA,NA,NA,NA,NA,NA,NA,NA,NA,NA,NA,NA,NA,NA,NA,NA,NA,NA,NA,"BW 203",148,"","4.30.2018",203,"BW",61,150,"11:49",133,"SC",98,0,1,0,0,0,1,0,0,0,0,0,0,2,1,1,0,1,0.035,0.0315,0.0035,2,2
"149",NA,NA,NA,NA,NA,NA,NA,NA,NA,NA,NA,NA,NA,NA,NA,NA,NA,NA,NA,NA,"AS 204",149,"","4.30.2018",204,"AS",66,12,"11:49",40,"AS",103,0,2,0,0,0,0,0,0,0,0,0,0,2,2,0,2,0,0.035,0.0315,0.0035,1,1
"150",NA,NA,NA,NA,NA,NA,NA,NA,NA,NA,NA,NA,NA,NA,NA,NA,NA,NA,NA,NA,"AS 205",150,"","4.30.2018",205,"AS",68,29,"11:49",40,"AS",105,0,2,0,0,0,0,0,0,0,0,0,0,2,2,0,2,0,0.035,0.0315,0.0035,1,1
"151",1,0.0175438596491228,0.0625,-0.9375,0.817610062893082,1,1,1,1,2.59210526315789,0,0,0.00558331222802938,0.00191277353616939,134217776.500017,0,1,0.0372093023255814,0.0447609495121026,0.357823658263914,"EC 206",151,"","4.30.2018",206,"EC",54,90,"12:06",2,"EC",149,0,0,3,0,0,0,0,0,0,0,0,1,3,3,0,3,0,0.035,0.0315,0.0035,1,3
"152",3,0.0526315789473684,0.330891330891331,-0.223036223036223,0.144654088050314,0.982142857142857,0.603190919787662,0.964285714285714,1,2.40789473684211,0.00880726710878064,0.0107624628870005,0.00632439619644049,0.00291455224947056,5.4525555311395,1.03972077083992,2.82842712474619,0.0976744186046512,0.126603083729426,0.410694608252019,"SM 209",152,"","4.30.2018",209,"SM",65,32,"12:22",30,"SM",107,0,1,1,0,9,0,0,0,0,0,0,4,11,11,0,9,2,0.035,0.0315,0.0035,3,4
"153",2,0.0350877192982456,0.034019439679817,-0.482990280160091,0.440251572327044,0.982142857142857,0.700764888226735,0.982142857142857,1,1.98026315789474,0.00384456085725213,0,0.00795765892293878,0.00269986579854192,268435505.000009,0.693147180559945,2,0.276744186046512,0.0895218990242052,0.0408123157068134,"LT 211",153,"","4.30.2018",211,"LT",275,165,"12:43",0,"AS",99,0,2,0,0,0,1,0,0,0,0,0,2,3,2,1,0,2,0.035,0.0315,0.0035,2,3
"154",1,0.0175438596491228,0.0625,-0.9375,0.647798742138365,1,1,1,1,2.53947368421053,0,0,0.00580635691755117,0.00202030774040552,134217776.500017,0,1,0.0372093023255814,0.0447609495121026,0.357823658263914,"AS 212",154,"","4.30.2018",212,"AS",54,80,"1:21",38,"AS",145,2,4,0,0,0,0,0,0,0,0,0,1,6,6,0,4,2,0.035,0.0315,0.0035,2,2
"155",NA,NA,NA,NA,NA,NA,NA,NA,NA,NA,NA,NA,NA,NA,NA,NA,NA,NA,NA,NA,"LT 214",155,"","4.30.2018",214,"LT",90,10,"1:38",0,"EC",96,0,3,1,0,0,0,0,0,0,0,0,0,4,4,0,0,4,0.035,0.0315,0.0035,2,2
"156",1,0.0175438596491228,0.1,-0.9,0.823899371069182,1,1,1,1,2.61842105263158,0,0,0.00556172725807566,0.0017704716545854,134217776.500017,0,1,0.0232558139534884,0.0447609495121026,0.466684092128727,"EC 215",156,"","4.30.2018",215,"EC",49,34,"1:38",0,"LT",2,1,3,0,0,0,0,0,0,0,0,0,1,4,4,0,0,4,0.035,0.0315,0.0035,2,2
"157",1,0.0175438596491228,0.0133333333333333,-0.986666666666667,0.654088050314465,1,1,1,1,2,0,0,0.00737486473418829,0.00205753069114996,134217776.500017,0,1,0.174418604651163,0.0447609495121026,0,"AS 216",157,"","4.30.2018",216,"AS",52,145,"1:38",10,"AS",17,2,3,1,0,0,0,0,0,0,0,0,1,6,6,0,3,3,0.035,0.0315,0.0035,3,3
"158",NA,NA,NA,NA,NA,NA,NA,NA,NA,NA,NA,NA,NA,NA,NA,NA,NA,NA,NA,NA,"AS 217",158,"","4.30.2018",217,"AS",43,100,"1:38",10,"AS",19,2,0,1,0,0,0,0,0,0,0,0,0,3,3,0,0,3,0.035,0.0315,0.0035,2,2
"159",2,0.0350877192982456,0.0758333333333333,-0.462083333333333,0.408805031446541,0.982142857142857,0.700764888226735,0.982142857142857,1,1.88815789473684,0.0245107251878686,0,0.0078137591232473,0.00268210223931501,268435505.000009,0.693147180559945,2,0.211627906976744,0.0895218990242052,0.166573671542384,"EC 218",159,"","4.30.2018",218,"EC",64,115,"1:54",53,"AS",141,0,4,0,0,0,0,0,0,0,0,0,2,4,4,0,0,4,0.035,0.0315,0.0035,1,2
"160",1,0.0175438596491228,0.0151515151515152,-0.984848484848485,0.905660377358491,1,1,1,1,2.22368421052632,0,0,0.00701511523495959,0.00210133228689235,134217776.500017,0,1,0.153488372093023,0.0447609495121026,0.0296082741048199,"LT 219",160,"","4.30.2018",219,"LT",210,77,"1:54",55,"AS",133,0,2,1,0,0,0,0,0,0,0,0,1,3,3,0,0,3,0.035,0.0315,0.0035,2,3
"161",1,0.0175438596491228,0.0625,-0.9375,0.666666666666667,1,1,1,1,2.59210526315789,0,0,0.00558331222802938,0.00191277353616939,134217776.500017,0,1,0.0372093023255814,0.0447609495121026,0.357823658263914,"AS 220",161,"","4.30.2018",220,"AS",63,165,"2:09",38,"AS",156,0,1,0,0,0,0,0,0,0,0,0,1,1,1,0,1,0,0.035,0.0315,0.0035,1,2
"162",NA,NA,NA,NA,NA,NA,NA,NA,NA,NA,NA,NA,NA,NA,NA,NA,NA,NA,NA,NA,"LT 221",162,"","4.30.2018",221,"LT",120,58,"2:09",70,"LT",190,1,0,0,0,0,0,0,0,0,0,0,0,1,1,0,1,0,0.035,0.0315,0.0035,1,1
"163",1,0.0175438596491228,0.0266666666666667,-0.973333333333333,0.584905660377358,1,1,1,1,2,0,0,0.00737486473418829,0.00303424732155219,0.795904853480872,0,1,0.174418604651163,0.0447609495121026,0.1479299232394,"EC 222",163,"","4.30.2018",222,"EC",43,60,"2:24",210,"EC",192,0,0,2,0,0,0,0,0,0,0,0,2,2,2,0,2,0,0.035,0.0315,0.0035,1,3
"164",NA,NA,NA,NA,NA,NA,NA,NA,NA,NA,NA,NA,NA,NA,NA,NA,NA,NA,NA,NA,"EC 223",164,"","4.30.2018",223,"EC",65,120,"2:29",135,"EC",167,0,0,2,0,0,0,0,0,0,0,0,0,2,2,0,2,0,0.035,0.0315,0.0035,1,2
"165",NA,NA,NA,NA,NA,NA,NA,NA,NA,NA,NA,NA,NA,NA,NA,NA,NA,NA,NA,NA,"LT 225",165,"","4.30.2018",225,"LT",195,70,"2:46",0,"LT",2,2,0,0,0,0,1,0,0,0,0,0,0,3,2,1,2,0,0.035,0.0315,0.0035,2,2
"166",NA,NA,NA,NA,NA,NA,NA,NA,NA,NA,NA,NA,NA,NA,NA,NA,NA,NA,NA,NA,"AS 226",166,"","4.30.2018",226,"AS",58,160,"3:01",93,"AS",139,0,1,0,0,0,1,0,0,0,0,0,0,2,1,1,1,0,0.035,0.0315,0.0035,2,2
"167",1,0.0175438596491228,0.2,-0.8,0.591194968553459,1,1,1,1,2.52631578947368,0,0,0.00572721202772086,0.0029866768901353,0.795904853480872,0,1,0.0232558139534884,0.0447609495121026,0.621626687182829,"EC 227",167,"","4.30.2018",227,"EC",50,240,"3:01",95,"AS",140,0,1,1,0,0,0,0,0,0,0,0,2,2,2,0,1,1,0.035,0.0315,0.0035,2,3
"168",NA,NA,NA,NA,NA,NA,NA,NA,NA,NA,NA,NA,NA,NA,NA,NA,NA,NA,NA,NA,"LT 229",168,"","4.30.2018",229,"LT",103,120,"3:17",13,"SC",38,2,0,0,0,0,1,0,0,0,0,0,0,3,2,1,2,0,0.035,0.0315,0.0035,2,2
"169",1,0.0175438596491228,0.0266666666666667,-0.973333333333333,0.59748427672956,1,1,1,1,2,0,0,0.00737486473418829,0.00303424732155219,0.795904853480872,0,1,0.174418604651163,0.0447609495121026,0.1479299232394,"EC 230",169,"","4.30.2018",230,"EC",49,200,"3:17",20,"AS",91,0,1,0,0,0,0,0,0,0,0,0,2,1,1,0,0,1,0.035,0.0315,0.0035,1,2
"170",NA,NA,NA,NA,NA,NA,NA,NA,NA,NA,NA,NA,NA,NA,NA,NA,NA,NA,NA,NA,"AS 231",170,"","4.30.2018",231,"AS",49,18,"3:17",20,"EC",83,0,0,2,0,0,0,0,0,0,0,0,0,2,2,0,0,2,0.035,0.0315,0.0035,1,2
"171",1,0.0175438596491228,0.111111111111111,-0.888888888888889,0.754716981132076,1,1,1,1,2.61842105263158,0,0,0.00550416733819907,0.00193932385787384,134217776.500017,0,1,0.0209302325581395,0.0447609495121026,0.491087289749005,"BW 235",171,"","4.30.2018",235,"BW",34,4,"3:55",45,"AS",176,0,2,0,0,0,0,0,0,0,0,0,1,2,2,0,0,2,0.035,0.0315,0.0035,1,2
"172",NA,NA,NA,NA,NA,NA,NA,NA,NA,NA,NA,NA,NA,NA,NA,NA,NA,NA,NA,NA,"SM 237",172,"","5.3.2018",237,"SM",70,27,"9:59",30,"EL",92,0,0,0,0,0,0,0,0,1,0,0,0,1,1,0,0,1,0.0385,0.0335,0.005,1,2
"173",NA,NA,NA,NA,NA,NA,NA,NA,NA,NA,NA,NA,NA,NA,NA,NA,NA,NA,NA,NA,"EC 239",173,"","5.3.2018",239,"EC",36,15,"10:23",425,"SC",219,0,0,0,0,0,0,0,0,0,0,0,0,0,0,0,0,0,0.0385,0.0335,0.005,0,1
"174",1,0.0175438596491228,0.0303030303030303,-0.96969696969697,0.60377358490566,1,1,1,1,2.22368421052632,0,0,0.00701511523495959,0.00313047730565113,0.795904853480872,0,1,0.153488372093023,0.0447609495121026,0.177983108822453,"LT 240",174,"","5.3.2018",240,"LT",230,84,"10:46",210,"AS",155,0,1,0,0,0,0,0,0,0,0,0,2,1,1,0,0,1,0.0385,0.0335,0.005,1,2
"175",NA,NA,NA,NA,NA,NA,NA,NA,NA,NA,NA,NA,NA,NA,NA,NA,NA,NA,NA,NA,"EC 241",175,"","5.3.2018",241,"EC",53,41,"10:59",95,"EC",204,0,0,1,0,0,0,0,0,0,0,0,0,1,1,0,1,0,0.0385,0.0335,0.005,1,2
"176",2,0.0350877192982456,0.475757575757576,-0.262121212121212,0.188679245283019,0.992857142857143,0.764557456935885,0.982142857142857,1,2.22368421052632,0,0.00736734481711385,0.00701511523495959,0.00443782182481376,0.935406123625067,0.598269588585257,1.81896851165317,0.165116279069767,0.0814187577142121,0.392242559016866,"LT 242",176,"","5.3.2018",242,"LT",145,49,"11:14",170,"LT",41,1,0,0,0,0,0,0,0,0,0,0,7,1,1,0,1,0,0.0385,0.0335,0.005,1,2
"177",NA,NA,NA,NA,NA,NA,NA,NA,NA,NA,NA,NA,NA,NA,NA,NA,NA,NA,NA,NA,"BW 243",177,"","5.3.2018",243,"BW",45,2,"11:28",350,"LT",113,0,0,0,0,0,0,0,0,0,0,0,0,0,0,0,0,0,0.0385,0.0335,0.005,0,1
"178",1,0.0175438596491228,1,0,0.672955974842767,1,1,1,1,NA,0,0,0,NA,134217776.500017,0,1,0.00232558139534884,0.0447609495121026,1,"AS 245",178,"","5.3.2018",245,"AS",55,49,"11:55",670,"LT",184,0,0,0,0,0,0,0,0,0,0,0,1,0,0,0,0,0,0.0385,0.0335,0.005,0,2
"179",1,0.0175438596491228,0.5,-0.5,0.679245283018868,1,1,1,1,2.98684210526316,0,0,0.00463645154605945,0.00170191403543328,134217776.500017,0,1,0.00465116279069767,0.0447609495121026,0.839455914565979,"AS 247",179,"","5.3.2018",247,"AS",55,89,"12:46",140,"AS",132,0,1,0,0,0,1,0,0,0,0,0,1,2,1,1,1,0,0.0385,0.0335,0.005,2,3
"180",NA,NA,NA,NA,NA,NA,NA,NA,NA,NA,NA,NA,NA,NA,NA,NA,NA,NA,NA,NA,"AS 249",180,"","5.3.2018",249,"AS",62,31,"1:19",70,"AS",97,1,2,0,0,0,0,0,0,0,0,0,0,3,3,0,2,1,0.0385,0.0335,0.005,2,1
"181",1,0.0175438596491228,0.0188679245283019,-0.981132075471698,0.911949685534591,1,1,1,1,2.15789473684211,0,0,0.00702231022494417,0.00194602321921915,134217776.500017,0,1,0.123255813953488,0.0447609495121026,0.0804162491833271,"LT 250",181,"","5.3.2018",250,"LT",225,320,"1:32",0,"AS",120,0,2,0,0,0,0,0,0,0,0,0,1,2,2,0,0,2,0.0385,0.0335,0.005,1,2
"182",2,0.0350877192982456,0.229166666666667,-0.385416666666667,0.327044025157233,0.982142857142857,0.700764888226735,0.982142857142857,1,2.48684210526316,0.0036962577333508,0.00125244861890935,0.00600781663711924,0.00206053679216918,268435505.000009,0.693147180559945,2,0.0511627906976744,0.0895218990242052,0.463468726344092,"AS 251",182,"","5.3.2018",251,"AS",45,39,"1:47",365,"AS",169,0,0,0,0,0,0,0,0,0,0,0,2,0,0,0,0,0,0.0385,0.0335,0.005,0,2
"183",1,0.0175438596491228,0.1,-0.9,0.830188679245283,1,1,1,1,2.52631578947368,0,0,0.00572721202772086,0.00203554576233189,134217776.500017,0,1,0.0232558139534884,0.0447609495121026,0.466684092128727,"EC 252",183,"","5.3.2018",252,"EC",36,42,"2:05",160,"EC",134,0,0,1,0,0,0,0,0,0,0,0,1,1,1,0,1,0,0.0385,0.0335,0.005,1,3
"184",1,0.0175438596491228,0.25,-0.75,1,1,1,1,1,2.77631578947368,0,0,0.00509693090507218,0.00186223391020081,134217776.500017,0,1,0.00930232558139535,0.0447609495121026,0.678911829131957,"SD 253",184,"","5.3.2018",253,"SD",45,12,"2:22",260,"SD",143,0,0,0,1,0,0,0,0,0,0,0,1,1,1,0,1,0,0.0385,0.0335,0.005,1,3
"185",1,0.0175438596491228,0.25,-0.75,0.761006289308176,1,1,1,1,2.77631578947368,0,0,0.00509693090507218,0.00186223391020081,134217776.500017,0,1,0.00930232558139535,0.0447609495121026,0.678911829131957,"BW 254",185,"","5.3.2018",254,"BW",49,6,"2:38",180,"SD",125,0,0,0,1,0,0,0,0,0,0,0,1,1,1,0,0,1,0.0385,0.0335,0.005,1,3
"186",NA,NA,NA,NA,NA,NA,NA,NA,NA,NA,NA,NA,NA,NA,NA,NA,NA,NA,NA,NA,"SD 255",186,"","5.3.2018",255,"SD",75,26,"2:50",180,"BW",112,0,0,0,0,0,0,0,0,0,0,1,0,1,1,0,0,1,0.0385,0.0335,0.005,1,2
"187",NA,NA,NA,NA,NA,NA,NA,NA,NA,NA,NA,NA,NA,NA,NA,NA,NA,NA,NA,NA,"SD 257",187,"","5.3.2018",257,"SD",40,19,"3:18",320,"SD",118,0,0,0,0,0,0,0,0,0,0,0,0,0,0,0,0,0,0.0385,0.0335,0.005,0,1
"188",NA,NA,NA,NA,NA,NA,NA,NA,NA,NA,NA,NA,NA,NA,NA,NA,NA,NA,NA,NA,"EC 258",188,"","5.3.2018",258,"EC",75,73,"3:33",320,"EC",155,0,0,1,0,0,0,0,0,0,0,0,0,1,1,0,1,0,0.0385,0.0335,0.005,1,2
"189",NA,NA,NA,NA,NA,NA,NA,NA,NA,NA,NA,NA,NA,NA,NA,NA,NA,NA,NA,NA,"LT 259",189,"","5.3.2018",259,"LT",215,93,"3:49",245,"EC",117,0,0,1,0,0,0,0,0,0,0,0,0,1,1,0,0,1,0.0385,0.0335,0.005,1,2
"190",NA,NA,NA,NA,NA,NA,NA,NA,NA,NA,NA,NA,NA,NA,NA,NA,NA,NA,NA,NA,"BW 260",190,"","5.3.2018",260,"BW",30,5,"4:02",140,"AS",184,0,1,0,0,0,0,0,0,0,0,0,0,1,1,0,0,1,0.0385,0.0335,0.005,1,1
"191",NA,NA,NA,NA,NA,NA,NA,NA,NA,NA,NA,NA,NA,NA,NA,NA,NA,NA,NA,NA,"AS 261",191,"","5.4.2018",261,"AS",40,41,"9:41",335,"AS",55,0,0,0,0,0,0,0,0,0,0,0,0,0,0,0,0,0,0.0335,0.031,0.0025,0,1
"192",1,0.0175438596491228,0.571428571428571,-0.428571428571429,0.534591194968553,1,1,1,1,3.17105263157895,0,0,0.00445513779844818,0.00240169576226354,0.427959424154393,0,1,0.0162790697674419,0.0447609495121026,0.857744672991976,"SM 262",192,"","5.4.2018",262,"SM",90,31,"9:59",45,"SM",48,0,0,0,0,4,0,0,0,0,0,0,4,4,4,0,4,0,0.0335,0.031,0.0025,1,3
"193",1,0.0175438596491228,0.0625,-0.9375,0.767295597484277,1,1,1,1,2.59210526315789,0,0,0.00558331222802938,0.00191277353616939,134217776.500017,0,1,0.0372093023255814,0.0447609495121026,0.357823658263914,"BW 263",193,"","5.4.2018",263,"BW",55,62,"10:22",210,"SC",58,0,0,0,0,0,1,0,0,0,0,0,1,1,0,1,0,0,0.0335,0.031,0.0025,1,3
"194",1,0.0175438596491228,1,0,0.836477987421384,1,1,1,1,NA,0,0,0,NA,134217776.500017,0,1,0.00232558139534884,0.0447609495121026,1,"EC 264",194,"","5.4.2018",264,"EC",48,43,"10:38",90,"EC",194,0,0,2,0,0,0,0,0,0,0,0,1,2,2,0,2,0,0.0335,0.031,0.0025,1,3
"195",2,0.0350877192982456,0.0491709548313322,-0.475414522584334,0.29559748427673,0.991071428571429,0.740012869900955,0.982142857142857,1,1.98026315789474,0.00384456085725213,0,0.00795765892293878,0.00331640998026386,2.62230229845195,0.636514168294813,1.88988157484231,0.276744186046512,0.0845928937553696,0.121349280573092,"LT 265",195,"","5.4.2018",265,"LT",150,146,"10:55",155,"LT",35,1,0,0,0,0,0,0,0,0,0,0,3,1,1,0,1,0,0.0335,0.031,0.0025,1,2
"196",NA,NA,NA,NA,NA,NA,NA,NA,NA,NA,NA,NA,NA,NA,NA,NA,NA,NA,NA,NA,"AS 267",196,"","5.4.2018",267,"AS",34,25,"11:18",300,"LT",94,1,0,0,0,0,0,0,0,0,0,0,0,1,1,0,0,1,0.0335,0.031,0.0025,1,1
"197",1,0.0175438596491228,0.0625,-0.9375,0.685534591194969,1,1,1,1,2.53947368421053,0,0,0.00580635691755117,0.00202030774040552,134217776.500017,0,1,0.0372093023255814,0.0447609495121026,0.357823658263914,"AS 270",197,"","5.4.2018",270,"AS",50,24,"12:06",35,"SC",124,0,0,0,0,0,1,0,0,0,0,0,1,1,0,1,0,0,0.0335,0.031,0.0025,1,3
"198",3,0.0526315789473684,0.336906803887936,-0.221031065370688,0.0817610062893082,0.982142857142857,0.614797682555969,0.964285714285714,1,1.90131578947368,0.0118939617272172,0.00411220629875238,0.00818789860244514,0.00371549284132742,2.38771671927057,1.01140426470735,2.74945927399721,0.286046511627907,0.123068407748971,0.208463869143255,"LT 271",198,"","5.4.2018",271,"LT",230,312,"12:17",0,"LT",2,1,0,0,0,0,0,0,0,0,0,0,6,1,1,0,1,0,0.0335,0.031,0.0025,1,2
"199",1,0.0175438596491228,0.0533333333333333,-0.946666666666667,0.515723270440252,1,1,1,1,2,0,0,0.00737486473418829,0.00397856671728506,0.427959424154393,0,1,0.174418604651163,0.0447609495121026,0.254885343188362,"AS 273",199,"","5.4.2018",273,"AS",53,34,"1:18",430,"AS",80,0,0,0,0,0,0,0,0,0,0,0,4,0,0,0,0,0,0.0335,0.031,0.0025,0,2
"200",2,0.0350877192982456,0.15494568324757,-0.422527158376215,0.182389937106918,0.985714285714286,0.705233647349938,0.982142857142857,1,1.98026315789474,0.00384456085725213,0.089809570508355,0.00795765892293878,0.00454424125013874,0.797216879155755,0.686961576597323,1.98766697500242,0.276744186046512,0.0889698611149569,0.223799049761413,"LT 275",200,"","5.4.2018",275,"LT",275,351,"1:50",360,"AS",202,0,0,0,0,0,0,0,0,0,0,0,9,0,0,0,0,0,0.0335,0.031,0.0025,0,2
"201",2,0.0350877192982456,0.0831903945111492,-0.458404802744425,0.207547169811321,0.988095238095238,0.715142343473362,0.982142857142857,1,1.98026315789474,0.00384456085725213,0,0.00795765892293878,0.00395228596547687,1.23549253245909,0.673011667009257,1.96013170420779,0.276744186046512,0.0877373562491165,0.152105322408466,"LT 276",201,"","5.4.2018",276,"LT",155,105,"2:10",410,"LT",132,0,0,0,0,0,0,0,0,0,0,0,5,0,0,0,0,0,0.0335,0.031,0.0025,0,2
"202",3,0.0526315789473684,0.475,-0.175,0.125786163522013,0.982142857142857,0.603190919787662,0.964285714285714,1,2.11184210526316,0.0269459900607716,0.0062847544259324,0.00702231022494417,0.00301167387588659,5.4525555311395,1.03972077083992,2.82842712474619,0.0697674418604651,0.126603083729426,0.501271206907738,"AS 277",202,"","5.4.2018",277,"AS",50,51,"2:23",120,"AS",181,0,3,0,0,0,0,0,0,0,0,0,4,3,3,0,3,0,0.0335,0.031,0.0025,1,2
"203",NA,NA,NA,NA,NA,NA,NA,NA,NA,NA,NA,NA,NA,NA,NA,NA,NA,NA,NA,NA,"LT 278",203,"","5.4.2018",278,"LT",145,63,"2:42",30,"SC",154,0,0,0,0,0,0,0,0,0,0,0,0,0,0,0,0,0,0.0335,0.031,0.0025,0,1
"204",NA,NA,NA,NA,NA,NA,NA,NA,NA,NA,NA,NA,NA,NA,NA,NA,NA,NA,NA,NA,"EC 279",204,"","5.4.2018",279,"EC",45,23,"2:57",220,"LT",63,1,1,0,0,0,0,0,0,0,0,0,0,2,2,0,0,2,0.0335,0.031,0.0025,2,1
"205",1,0.0175438596491228,0.0625,-0.9375,0.842767295597484,1,1,1,1,2.53947368421053,0,0,0.00580635691755117,0.00202030774040552,134217776.500017,0,1,0.0372093023255814,0.0447609495121026,0.357823658263914,"EC 280",205,"","5.4.2018",280,"EC",58,26,"3:18",280,"SC",183,0,0,0,0,0,2,0,0,0,0,0,1,2,0,2,0,0,0.0335,0.031,0.0025,1,3
"206",2,0.0350877192982456,0.0758333333333333,-0.462083333333333,0.415094339622642,0.982142857142857,0.700764888226735,0.982142857142857,1,1.91447368421053,0.0228030451912801,0.00764771321709846,0.00787851403310847,0.00283200347559565,268435505.000009,0.693147180559945,2,0.211627906976744,0.0895218990242052,0.166573671542384,"EC 281",206,"","5.4.2018",281,"EC",46,95,"3:30",120,"LT",17,1,0,1,0,0,0,0,0,0,0,0,2,2,2,0,1,1,0.0335,0.031,0.0025,2,3
"207",1,0.0175438596491228,0.0666666666666667,-0.933333333333333,0.49685534591195,1,1,1,1,2,0,0,0.00737486473418829,0.00424264625485158,0.375885357695557,0,1,0.174418604651163,0.0447609495121026,0.274631679509214,"AS 283",207,"","5.4.2018",283,"AS",50,68,"3:56",30,"AS",210,1,0,0,0,0,0,0,0,0,0,0,5,1,1,0,0,1,0.0335,0.031,0.0025,1,2
"208",NA,NA,NA,NA,NA,NA,NA,NA,NA,NA,NA,NA,NA,NA,NA,NA,NA,NA,NA,NA,"AS 284",208,"","5.4.2018",284,"AS",36,14,"3:56",30,"AS",10,1,0,0,0,0,0,0,0,0,0,0,0,1,1,0,0,1,0.0335,0.031,0.0025,1,1
"209",2,0.0350877192982456,0.0643224699828473,-0.467838765008576,0.226415094339623,0.994047619047619,0.786322816296571,0.982142857142857,1,1.98026315789474,0.00384456085725213,0,0.00795765892293878,0.00386887246654681,1.59181590415142,0.562335144618808,1.75476535060332,0.276744186046512,0.0785449632639424,0.15837482604601,"LT 286",209,"","5.4.2018",286,"LT",185,93,"4:22",10,"SC",181,0,0,0,0,0,1,0,0,0,0,0,4,1,0,1,0,0,0.0335,0.031,0.0025,1,3
"210",1,0.0175438596491228,0.142857142857143,-0.857142857142857,0.691823899371069,1,1,1,1,3.21710526315789,0,0,0.0045055027283402,0.0012641780652497,134217776.500017,0,1,0.0162790697674419,0.0447609495121026,0.549295771549564,"AS 287",210,"","5.5.2018",287,"AS",48,28,"10:10",60,"AS",44,1,2,0,0,0,1,0,0,0,0,0,1,4,3,1,2,1,0.033,0.0265,0.0065,3,3
"211",NA,NA,NA,NA,NA,NA,NA,NA,NA,NA,NA,NA,NA,NA,NA,NA,NA,NA,NA,NA,"AS 289",211,"","5.5.2018",289,"AS",44,12,"10:29",0,"SC",132,0,1,0,0,0,1,0,0,0,0,0,0,2,1,1,1,0,0.033,0.0265,0.0065,2,2
"212",NA,NA,NA,NA,NA,NA,NA,NA,NA,NA,NA,NA,NA,NA,NA,NA,NA,NA,NA,NA,"LT 290",212,"","5.5.2018",290,"LT",150,125,"10:40",140,"AS",54,1,2,0,0,0,0,0,0,0,0,0,0,3,3,0,1,2,0.033,0.0265,0.0065,2,1
"213",NA,NA,NA,NA,NA,NA,NA,NA,NA,NA,NA,NA,NA,NA,NA,NA,NA,NA,NA,NA,"AS 291",213,"","5.5.2018",291,"AS",63,41,"10:58",290,"AS",184,0,1,0,0,0,0,0,0,0,0,0,0,1,1,0,1,0,0.033,0.0265,0.0065,1,1
"214",NA,NA,NA,NA,NA,NA,NA,NA,NA,NA,NA,NA,NA,NA,NA,NA,NA,NA,NA,NA,"EC 293",214,"","5.5.2018",293,"EC",25,11,"11:30",100,"AS",26,1,1,0,0,0,0,0,0,0,0,0,0,2,2,0,0,2,0.033,0.0265,0.0065,2,1
"215",2,0.0350877192982456,0.583333333333333,-0.208333333333333,0.446540880503145,0.982142857142857,0.700764888226735,0.982142857142857,1,2.75,0.000101242619945862,0,0.00537465751847673,0.00174400036239144,268435505.000009,0.693147180559945,2,0.0325581395348837,0.0895218990242052,0.626425242375018,"LT 294",215,"","5.5.2018",294,"LT",150,123,"11:48",30,"LT",93,3,0,0,0,0,0,0,0,0,0,0,2,3,3,0,3,0,0.033,0.0265,0.0065,1,2
"216",4,0.0701754385964912,1.58319039451115,0.145797598627787,0.0251572327044025,0.976190476190476,0.541970274485286,0.946428571428571,1,1.97368421052632,0.00626707561026567,0.00367753295454267,0.00800082886284622,0.0039587275344072,3.87837451962527,1.27703425946614,3.58598882705695,0.283720930232558,0.16051226483886,0.318533760106442,"LT 295",216,"","5.5.2018",295,"LT",310,343,"12:17",0,"LT",2,2,0,0,0,0,0,0,0,0,0,0,7,2,2,0,2,0,0.033,0.0265,0.0065,1,2
"217",NA,NA,NA,NA,NA,NA,NA,NA,NA,NA,NA,NA,NA,NA,NA,NA,NA,NA,NA,NA,"AS 297",217,"","5.5.2018",297,"AS",49,21,"1:15",135,"LT",26,1,1,0,0,0,0,0,0,0,0,0,0,2,2,0,1,1,0.033,0.0265,0.0065,2,1
"218",1,0.0175438596491228,0.142857142857143,-0.857142857142857,0.70440251572327,1,1,1,1,3.21710526315789,0,0,0.0045055027283402,0.0012641780652497,134217776.500017,0,1,0.0162790697674419,0.0447609495121026,0.549295771549564,"AS 299",218,"","5.5.2018",299,"AS",33,33,"1:29",0,"SC",129,0,0,0,0,0,2,0,0,0,0,0,1,2,0,2,0,0,0.033,0.0265,0.0065,1,3
"219",1,0.0175438596491228,0.1,-0.9,0.773584905660377,1,1,1,1,2.61842105263158,0,0,0.00556172725807566,0.0017704716545854,134217776.500017,0,1,0.0232558139534884,0.0447609495121026,0.466684092128727,"BW 300",219,"","5.5.2018",300,"BW",45,4,"1:45",185,"AS",73,0,3,0,0,0,0,0,0,0,0,0,1,3,3,0,0,3,0.033,0.0265,0.0065,1,2
"220",4,0.0701754385964912,2.35,0.3375,0.0188679245283019,0.986607142857143,0.613858418069185,0.946428571428571,1,2.48684210526316,0.00521058158497366,0.0016863033692505,0.00607257154698041,0.00348311794654533,3.87837451962527,1.15374194270109,3.17003282492367,0.0651162790697674,0.141893679228117,0.676283132594813,"BW 301",220,"","5.5.2018",301,"BW",50,39,"1:59",110,"BW",109,0,0,0,0,0,0,0,0,0,0,1,7,1,1,0,1,0,0.033,0.0265,0.0065,1,3
"221",NA,NA,NA,NA,NA,NA,NA,NA,NA,NA,NA,NA,NA,NA,NA,NA,NA,NA,NA,NA,"LT 302",221,"","5.5.2018",302,"LT",105,49,"2:19",150,"LT",32,1,1,0,0,0,1,0,0,0,0,0,0,3,2,1,1,1,0.033,0.0265,0.0065,3,2
"222",NA,NA,NA,NA,NA,NA,NA,NA,NA,NA,NA,NA,NA,NA,NA,NA,NA,NA,NA,NA,"AS 304",222,"","5.5.2018",304,"AS",41,16,"2:34",0,"SC",94,1,2,0,0,0,1,0,0,0,0,0,0,4,3,1,2,1,0.033,0.0265,0.0065,3,2
"223",3,0.0526315789473684,0.316239316239316,-0.227920227920228,0.163522012578616,0.964285714285714,0.566946709513841,0.964285714285714,1,2.19736842105263,0.00446107953686762,3.06972700713077e-05,0.00672731563557664,0.00276597986118315,536870956.16667,1.09861228866811,3,0.0953488372093023,0.134282848536308,0.419185055366965,"BW 305",223,"","5.5.2018",305,"BW",48,20,"2:51",45,"BW",11,0,0,0,0,1,0,0,0,0,0,2,3,3,3,0,2,1,0.033,0.0265,0.0065,2,4
"224",1,0.0175438596491228,0.0833333333333333,-0.916666666666667,0.924528301886792,1,1,1,1,2.75657894736842,0,0,0.00533148757856929,0.00174087542040301,134217776.500017,0,1,0.027906976744186,0.0447609495121026,0.42445547400646,"LT 306",224,"","5.5.2018",306,"LT",145,47,"3:12",490,"LT",148,0,0,0,0,0,0,0,0,0,0,0,1,0,0,0,0,0,0.033,0.0265,0.0065,0,2
"225",NA,NA,NA,NA,NA,NA,NA,NA,NA,NA,NA,NA,NA,NA,NA,NA,NA,NA,NA,NA,"EC 307",225,"","5.5.2018",307,"EC",52,87,"3:28",50,"AS",166,0,1,0,0,0,2,0,0,0,0,0,0,3,1,2,0,1,0.033,0.0265,0.0065,2,2
"226",NA,NA,NA,NA,NA,NA,NA,NA,NA,NA,NA,NA,NA,NA,NA,NA,NA,NA,NA,NA,"BW 308",226,"","5.5.2018",308,"BW",30,4,"3:47",230,"LT",65,1,1,0,0,0,0,0,0,0,0,0,0,2,2,0,0,2,0.033,0.0265,0.0065,2,1
"227",NA,NA,NA,NA,NA,NA,NA,NA,NA,NA,NA,NA,NA,NA,NA,NA,NA,NA,NA,NA,"LT 309",227,"","5.5.2018",309,"LT",140,38,"4:00",120,"LT",17,1,1,0,0,0,0,0,0,0,0,1,0,3,3,0,1,2,0.033,0.0265,0.0065,3,2
"228",3,0.0526315789473684,0.237777777777778,-0.254074074074074,0.132075471698113,0.982142857142857,0.603190919787662,0.964285714285714,1,1.875,0.0196643465346191,0.00897178879950756,0.00802241383279994,0.00316575688811456,5.4525555311395,1.03972077083992,2.82842712474619,0.218604651162791,0.126603083729426,0.253378147393419,"BW 310",228,"","5.5.2018",310,"BW",52,19,"4:13",300,"LT",94,0,2,0,0,0,0,0,0,0,0,0,4,2,2,0,0,2,0.033,0.0265,0.0065,1,2
"229",NA,NA,NA,NA,NA,NA,NA,NA,NA,NA,NA,NA,NA,NA,NA,NA,NA,NA,NA,NA,"AS 313",229,"","5.6.2018",313,"AS",40,43,"10:50",450,"AS",56,0,0,0,0,0,0,0,0,0,0,0,0,0,0,0,0,0,0.0265,0.024,0.0025,0,1
"230",1,0.0175438596491228,0.0454545454545455,-0.954545454545455,0.566037735849057,1,1,1,1,2.22368421052632,0,0,0.00701511523495959,0.00374124614276726,0.5252543404995,0,1,0.153488372093023,0.0447609495121026,0.256808187606916,"LT 315",230,"","5.6.2018",315,"LT",155,170,"11:20",100,"SC",180,0,0,0,0,0,1,0,0,0,0,0,3,1,0,1,0,0,0.0265,0.024,0.0025,1,3
"231",2,0.0350877192982456,0.277777777777778,-0.361111111111111,0.333333333333333,0.982142857142857,0.700764888226735,0.982142857142857,1,2.46052631578947,0.00436676706965996,0.000433854750341149,0.00588550180738148,0.00198895016395346,268435505.000009,0.693147180559945,2,0.0348837209302326,0.0895218990242052,0.53110179124876,"AS 316",231,"","5.6.2018",316,"AS",56,79,"11:37",95,"AS",74,1,1,0,0,0,0,0,0,0,0,0,2,2,2,0,1,1,0.0265,0.024,0.0025,2,2
"232",NA,NA,NA,NA,NA,NA,NA,NA,NA,NA,NA,NA,NA,NA,NA,NA,NA,NA,NA,NA,"AS 317",232,"","5.6.2018",317,"AS",40,55,"11:37",95,"AS",117,0,6,0,0,0,0,0,0,0,0,0,0,6,6,0,6,0,0.0265,0.024,0.0025,1,1
"233",NA,NA,NA,NA,NA,NA,NA,NA,NA,NA,NA,NA,NA,NA,NA,NA,NA,NA,NA,NA,"BW 318",233,"","5.6.2018",318,"BW",46,4,"11:53",365,"LT",120,0,0,0,0,0,0,0,0,0,0,0,0,0,0,0,0,0,0.0265,0.024,0.0025,0,1
"234",2,0.0350877192982456,0.583333333333333,-0.208333333333333,0.452830188679245,0.982142857142857,0.700764888226735,0.982142857142857,1,2.75,0.000101242619945862,0,0.00537465751847673,0.00184046887788604,268435505.000009,0.693147180559945,2,0.0325581395348837,0.0895218990242052,0.626425242375018,"LT 319",234,"","5.6.2018",319,"LT",240,209,"12:06",170,"LT",41,2,0,0,0,0,0,0,0,0,0,0,2,2,2,0,2,0,0.0265,0.024,0.0025,1,2
"235",1,0.0175438596491228,0.192307692307692,-0.807692307692308,0.50314465408805,1,1,1,1,2.50657894736842,0,0,0.00590708677733521,0.00394304380016645,0.375885357695557,0,1,0.0604651162790698,0.0447609495121026,0.558396392423513,"BW 320",235,"","5.6.2018",320,"BW",48,8,"12:24",350,"BW",186,0,0,0,0,0,0,0,0,0,0,0,5,0,0,0,0,0,0.0265,0.024,0.0025,0,2
"236",NA,NA,NA,NA,NA,NA,NA,NA,NA,NA,NA,NA,NA,NA,NA,NA,NA,NA,NA,NA,"LT 321",236,"","5.6.2018",321,"LT",140,110,"12:42",990,"LT",219,0,0,0,0,0,0,0,0,0,0,0,0,0,0,0,0,0,0.0265,0.024,0.0025,0,1
"237",3,0.0526315789473684,1.6,0.2,0.150943396226415,0.964285714285714,0.566946709513841,0.964285714285714,1,2.60526315789474,0.00965534880746851,0.00741646044922795,0.00553294729813736,0.00179206122357468,536870956.16667,1.09861228866811,3,0.0302325581395349,0.134282848536308,0.759907999601868,"AS 323",237,"","5.6.2018",323,"AS",49,85,"1:13",105,"AS",14,3,1,0,0,0,0,0,0,0,0,0,3,4,4,0,1,3,0.0265,0.024,0.0025,2,2
"238",NA,NA,NA,NA,NA,NA,NA,NA,NA,NA,NA,NA,NA,NA,NA,NA,NA,NA,NA,NA,"AS 324",238,"","5.6.2018",324,"AS",45,36,"1:52",270,"AS",86,1,1,0,0,0,0,0,0,0,0,0,0,2,2,0,1,1,0.0265,0.024,0.0025,2,1
"239",1,0.0175438596491228,0.25,-0.75,0.930817610062893,1,1,1,1,2.63157894736842,0,0,0.0054106324683996,0.00181559103719489,134217776.500017,0,1,0.00930232558139535,0.0447609495121026,0.678911829131957,"LT 325",239,"","5.6.2018",325,"LT",200,173,"2:04",160,"AS",200,0,2,0,0,0,0,0,0,0,0,0,1,2,2,0,0,2,0.0265,0.024,0.0025,1,2
"240",1,0.0175438596491228,1,0,0.710691823899371,1,1,1,1,NA,0,0,0,NA,134217776.500017,0,1,0.00232558139534884,0.0447609495121026,1,"AS 327",240,"","5.6.2018",327,"AS",62,38,"2:38",160,"SC",220,0,0,0,0,0,1,0,0,0,0,0,1,1,0,1,0,0,0.0265,0.024,0.0025,1,3
"241",NA,NA,NA,NA,NA,NA,NA,NA,NA,NA,NA,NA,NA,NA,NA,NA,NA,NA,NA,NA,"BW 329",241,"","5.6.2018",329,"BW",46,10,"3:11",65,"AS",204,0,1,0,0,0,0,0,0,0,0,1,0,2,2,0,1,1,0.0265,0.024,0.0025,2,2
"242",NA,NA,NA,NA,NA,NA,NA,NA,NA,NA,NA,NA,NA,NA,NA,NA,NA,NA,NA,NA,"AS 330",242,"","5.6.2018",330,"AS",59,24,"3:11",65,"BW",197,0,0,0,0,0,0,0,0,0,0,2,0,2,2,0,0,2,0.0265,0.024,0.0025,1,2
"243",NA,NA,NA,NA,NA,NA,NA,NA,NA,NA,NA,NA,NA,NA,NA,NA,NA,NA,NA,NA,"BW 331",243,"","5.6.2018",331,"BW",38,4,"3:26",200,"LT",54,0,1,0,0,0,0,0,0,0,0,1,0,2,2,0,1,1,0.0265,0.024,0.0025,2,2
"244",NA,NA,NA,NA,NA,NA,NA,NA,NA,NA,NA,NA,NA,NA,NA,NA,NA,NA,NA,NA,"LT 332",244,"","5.6.2018",332,"LT",245,111,"3:38",370,"LT",122,0,0,0,0,0,0,0,0,0,0,0,0,0,0,0,0,0,0.0265,0.024,0.0025,0,1
"245",NA,NA,NA,NA,NA,NA,NA,NA,NA,NA,NA,NA,NA,NA,NA,NA,NA,NA,NA,NA,"BW 333",245,"","5.6.2018",333,"BW",50,4,"3:53",200,"AS",65,1,1,0,0,0,0,0,0,0,0,0,0,2,2,0,0,2,0.0265,0.024,0.0025,2,1
"246",NA,NA,NA,NA,NA,NA,NA,NA,NA,NA,NA,NA,NA,NA,NA,NA,NA,NA,NA,NA,"EC 334",246,"","5.6.2018",334,"EC",32,90,"4:05",300,"SC",198,0,0,0,0,0,1,0,0,0,0,0,0,1,0,1,0,0,0.0265,0.024,0.0025,1,2
"247",3,0.0526315789473684,0.123223443223443,-0.292258852258852,0.169811320754717,0.964285714285714,0.566946709513841,0.964285714285714,1,1.82894736842105,0.0213147913789243,0,0.00823106854235259,0.00320202648720123,536870956.16667,1.09861228866811,3,0.267441860465116,0.134282848536308,0.181350800850737,"BW 336",247,"","5.7.2018",336,"BW",37,8,"10:04",285,"AS",165,0,2,0,0,0,0,0,0,0,0,0,3,2,2,0,0,2,0.03,0.0245,0.0055,1,2
"248",1,0.0175438596491228,0.2,-0.8,0.572327044025157,1,1,1,1,2.61184210526316,0,0,0.00548977735822992,0.00247753663741174,0.795904853480872,0,1,0.0232558139534884,0.0447609495121026,0.621626687182829,"AS 337",248,"","5.7.2018",337,"AS",54,26,"10:15",56,"AS",133,0,1,0,0,0,0,0,0,0,0,0,2,1,1,0,1,0,0.03,0.0245,0.0055,1,2
"249",6,0.105263157894737,1.47980158730159,0.0799669312169312,0,0.967261904761905,0.48187617347666,0.910714285714286,1,1.75657894736842,0.0648166657616351,0.123971948425312,0.0085332581217047,0.00461721984003296,3.30501250225167,1.56437010289277,4.77966329140097,0.283720930232558,0.213942267271249,0.382690643503591,"BW 338",249,"","5.7.2018",338,"BW",44,23,"10:28",100,"AS",198,0,2,0,0,0,0,0,0,0,0,1,17,3,3,0,1,2,0.03,0.0245,0.0055,2,3
"250",2,0.0350877192982456,0.137735849056604,-0.431132075471698,0.308176100628931,0.991071428571429,0.740012869900955,0.982142857142857,1,2.04605263157895,0.0116148454866833,0.00258552873387268,0.00746839960398775,0.00291974496480792,2.62230229845195,0.636514168294813,1.88988157484231,0.146511627906977,0.0845928937553696,0.290168634589728,"LT 339",250,"","5.7.2018",339,"LT",210,210,"10:52",160,"AS",79,1,1,0,0,0,0,0,0,0,0,0,3,2,2,0,1,1,0.03,0.0245,0.0055,2,2
"251",3,0.0526315789473684,0.635714285714286,-0.121428571428571,0.0691823899371069,0.991071428571429,0.700764888226735,0.964285714285714,1,2.21052631578947,0.0124933582209243,0.0146610161860566,0.00669134068565377,0.00370052027884182,2.38771671927057,0.867563228481461,2.3811015779523,0.0651162790697674,0.106580367513911,0.594788229780361,"BW 340",251,"","5.7.2018",340,"BW",33,5,"11:07",70,"BW",108,0,0,0,0,0,0,0,0,0,0,3,6,3,3,0,3,0,0.03,0.0245,0.0055,1,3
"252",1,0.0175438596491228,0.0714285714285714,-0.928571428571429,0.716981132075472,1,1,1,1,2.51315789473684,0,0,0.00576318697764373,0.00197212824608569,134217776.500017,0,1,0.0325581395348837,0.0447609495121026,0.388751686115542,"AS 342",252,"","5.7.2018",342,"AS",39,27,"11:38",135,"AS",129,0,3,0,0,0,0,0,0,0,0,0,1,3,3,0,3,0,0.03,0.0245,0.0055,1,2
"253",1,0.0175438596491228,0.0714285714285714,-0.928571428571429,0.723270440251572,1,1,1,1,2.51315789473684,0,0,0.00576318697764373,0.00197212824608569,134217776.500017,0,1,0.0325581395348837,0.0447609495121026,0.388751686115542,"AS 344",253,"","5.7.2018",344,"AS",64,60,"12:12",130,"AS",140,0,3,0,0,0,0,0,0,0,0,0,1,3,3,0,3,0,0.03,0.0245,0.0055,1,2
"254",1,0.0175438596491228,0.0188679245283019,-0.981132075471698,0.937106918238994,1,1,1,1,2.15789473684211,0,0,0.00702231022494417,0.00194602321921915,134217776.500017,0,1,0.123255813953488,0.0447609495121026,0.0804162491833271,"LT 345",254,"","5.7.2018",345,"LT",200,229,"12:50",125,"AS",194,0,1,0,0,0,0,0,0,0,0,0,1,1,1,0,0,1,0.03,0.0245,0.0055,1,2
"255",2,0.0350877192982456,0.242857142857143,-0.378571428571429,0.339622641509434,0.982142857142857,0.700764888226735,0.982142857142857,1,2.57236842105263,0.0245394448812657,0.0077807347207408,0.00574879699767458,0.00182330061643103,268435505.000009,0.693147180559945,2,0.0395348837209302,0.0895218990242052,0.500596696895561,"AS 346",255,"","5.7.2018",346,"AS",69,56,"1:06",90,"AS",146,0,2,0,0,0,0,0,0,0,0,0,2,2,2,0,2,0,0.03,0.0245,0.0055,1,2
"256",NA,NA,NA,NA,NA,NA,NA,NA,NA,NA,NA,NA,NA,NA,NA,NA,NA,NA,NA,NA,"AS 347",256,"","5.7.2018",347,"AS",40,10,"1:06",90,"AS",177,0,2,0,0,0,0,0,0,0,0,0,0,2,2,0,2,0,0.03,0.0245,0.0055,1,1
"257",1,0.0175438596491228,0.0188679245283019,-0.981132075471698,0.943396226415094,1,1,1,1,2.15789473684211,0,0,0.00702231022494417,0.00194602321921915,134217776.500017,0,1,0.123255813953488,0.0447609495121026,0.0804162491833271,"LT 349",257,"","5.7.2018",349,"LT",280,170,"1:39",400,"LT",129,0,0,0,0,0,0,0,0,0,0,0,1,0,0,0,0,0,0.03,0.0245,0.0055,0,2
"258",1,0.0175438596491228,0.0384615384615385,-0.961538461538462,0.779874213836478,1,1,1,1,2.50657894736842,0,0,0.00590708677733521,0.00198440766413606,134217776.500017,0,1,0.0604651162790698,0.0447609495121026,0.245372204313289,"BW 352",258,"","5.7.2018",352,"BW",50,9,"2:34",20,"LT",53,1,2,0,0,0,0,0,0,0,0,0,1,3,3,0,0,3,0.03,0.0245,0.0055,2,2
"259",NA,NA,NA,NA,NA,NA,NA,NA,NA,NA,NA,NA,NA,NA,NA,NA,NA,NA,NA,NA,"LT 353",259,"","5.7.2018",353,"LT",250,153,"2:49",20,"BW",96,0,1,0,0,0,0,0,0,0,0,1,0,2,2,0,0,2,0.03,0.0245,0.0055,2,2
"260",2,0.0350877192982456,0.260683760683761,-0.36965811965812,0.270440251572327,0.991071428571429,0.740012869900955,0.982142857142857,1,2.42763157894737,0.0014357924154184,0.00983540533084699,0.00622366633665646,0.00281764298376059,2.62230229845195,0.636514168294813,1.88988157484231,0.0813953488372093,0.0845928937553696,0.497793300664271,"BW 354",260,"","5.7.2018",354,"BW",36,7,"3:02",35,"BW",69,1,0,0,0,0,0,0,0,0,0,2,3,3,3,0,2,1,0.03,0.0245,0.0055,2,3
"261",1,0.0175438596491228,0.0769230769230769,-0.923076923076923,0.578616352201258,1,1,1,1,2.50657894736842,0,0,0.00590708677733521,0.00287786135178025,0.795904853480872,0,1,0.0604651162790698,0.0447609495121026,0.396989235749264,"BW 355",261,"","5.7.2018",355,"BW",39,4,"3:02",35,"BW",74,1,0,0,0,0,0,0,0,0,0,2,2,3,3,0,2,1,0.03,0.0245,0.0055,2,3
"262",1,0.0175438596491228,0.0151515151515152,-0.984848484848485,0.955974842767296,1,1,1,1,2.22368421052632,0,0,0.00701511523495959,0.00210133228689235,134217776.500017,0,1,0.153488372093023,0.0447609495121026,0.0296082741048199,"LT 357",262,"","5.7.2018",357,"LT",270,154,"3:37",405,"LT",131,0,0,0,0,0,0,0,0,0,0,0,1,0,0,0,0,0,0.03,0.0245,0.0055,0,2
"263",NA,NA,NA,NA,NA,NA,NA,NA,NA,NA,NA,NA,NA,NA,NA,NA,NA,NA,NA,NA,"AS 358",263,"","5.7.2018",358,"AS",46,46,"3:49",135,"AS",35,2,1,0,0,0,0,0,0,0,0,0,0,3,3,0,1,2,0.03,0.0245,0.0055,2,1
"264",NA,NA,NA,NA,NA,NA,NA,NA,NA,NA,NA,NA,NA,NA,NA,NA,NA,NA,NA,NA,"LT 360",264,"","5.7.2018",360,"LT",230,61,"4:20",240,"SC",164,0,0,0,0,0,1,0,0,0,0,0,0,1,0,1,0,0,0.03,0.0245,0.0055,1,2
"265",3,0.0526315789473684,0.548717948717949,-0.15042735042735,0.0880503144654088,0.988095238095238,0.6557438524302,0.964285714285714,1,2.17105263157895,0.0206907860110265,0.0183536931271677,0.00678487555545323,0.00343390430853327,3.16655491100451,0.950270539233235,2.58640928985893,0.0906976744186047,0.115770135641009,0.470734684407519,"AS 361",265,"","5.8.2018",361,"AS",54,43,"9:55",125,"AS",25,0,2,0,0,0,0,0,0,0,0,0,5,2,2,0,2,0,0.0275,0.026,0.0015,1,2
"266",NA,NA,NA,NA,NA,NA,NA,NA,NA,NA,NA,NA,NA,NA,NA,NA,NA,NA,NA,NA,"BW 362",266,"","5.8.2018",362,"BW",36,8,"10:15",250,"SC",170,0,0,0,0,0,1,0,0,0,0,0,0,1,0,1,0,0,0.0275,0.026,0.0015,1,2
"267",4,0.0701754385964912,0.805128205128205,-0.0487179487179487,0.0440251572327044,0.946428571428571,0.486422802567008,0.946428571428571,1,2.38815789473684,0.00608904254162951,0.00115831032402401,0.00645390601616283,0.00247799300911075,2147483650,1.38629436111989,4,0.0976744186046512,0.17904379804841,0.506981616513108,"BW 365",267,"","5.8.2018",365,"BW",46,13,"10:44",235,"LT",68,1,0,0,0,0,0,0,0,0,0,0,4,1,1,0,0,1,0.0275,0.026,0.0015,1,2
"268",4,0.0701754385964912,0.382504288164666,-0.154373927958834,0.0377358490566038,0.973214285714286,0.516858643289301,0.946428571428571,1,1.86184210526316,0.0361781267202034,0.0167124124206885,0.00844691824188981,0.00343159409304044,9.28414131051468,1.33217904021012,3.789291416276,0.313953488372093,0.169612281770574,0.205296697729988,"LT 366",268,"","5.8.2018",366,"LT",225,175,"10:59",130,"LT",24,0,0,0,0,0,1,0,0,0,0,5,5,6,5,1,0,5,0.0275,0.026,0.0015,2,4
"269",3,0.0526315789473684,1.33333333333333,0.111111111111111,0.176100628930818,0.964285714285714,0.566946709513841,0.964285714285714,1,2.63815789473684,4.4531528322052e-05,0,0.00535307254852301,0.00192509691016236,536870956.16667,1.09861228866811,3,0.0162790697674419,0.134282848536308,0.800847955066947,"BW 367",269,"","5.8.2018",367,"BW",54,19,"11:16",25,"SC",129,0,0,0,0,0,0,0,0,0,0,6,3,6,6,0,6,0,0.0275,0.026,0.0015,1,3
"270",2,0.0350877192982456,0.433333333333333,-0.283333333333333,0.345911949685535,0.982142857142857,0.700764888226735,0.982142857142857,1,2.53947368421053,0.000943615280521462,0,0.00566245711785969,0.00227764161685007,268435505.000009,0.693147180559945,2,0.0302325581395349,0.0895218990242052,0.600195101997359,"AS 369",270,"","5.8.2018",369,"AS",69,81,"11:31",105,"LT",8,1,1,0,0,0,0,0,0,0,0,1,2,3,3,0,1,2,0.0275,0.026,0.0015,3,3
"271",2,0.0350877192982456,0.215151515151515,-0.392424242424242,0.459119496855346,0.982142857142857,0.700764888226735,0.982142857142857,1,2.22368421052632,0,0,0.00701511523495959,0.0026233218694415,268435505.000009,0.693147180559945,2,0.165116279069767,0.0895218990242052,0.318326639987178,"LT 370",271,"","5.8.2018",370,"LT",270,301,"11:44",105,"AS",32,2,2,0,0,0,0,0,0,0,0,0,2,4,4,0,2,2,0.0275,0.026,0.0015,2,2
"272",2,0.0350877192982456,0.137735849056604,-0.431132075471698,0.257861635220126,0.991071428571429,0.740012869900955,0.982142857142857,1,1.98684210526316,0.0276217854777283,0.00940891792532296,0.00756912946377179,0.00285259295335569,2.62230229845195,0.636514168294813,1.88988157484231,0.146511627906977,0.0845928937553696,0.290168634589728,"AS 371",272,"","5.8.2018",371,"AS",59,35,"12:04",95,"AS",69,1,1,0,0,0,0,0,0,0,0,0,3,2,2,0,1,1,0.0275,0.026,0.0015,2,2
"273",2,0.0350877192982456,0.218867924528302,-0.390566037735849,0.264150943396226,0.991071428571429,0.740012869900955,0.982142857142857,1,1.98684210526316,0.0276217854777283,0.0178903689975581,0.00756912946377179,0.00262360860262211,2.62230229845195,0.636514168294813,1.88988157484231,0.146511627906977,0.0845928937553696,0.423826461812846,"AS 372",273,"","5.8.2018",372,"AS",56,63,"12:04",95,"AS",39,1,1,0,0,0,0,0,0,0,0,0,3,2,2,0,1,1,0.0275,0.026,0.0015,2,2
"274",NA,NA,NA,NA,NA,NA,NA,NA,NA,NA,NA,NA,NA,NA,NA,NA,NA,NA,NA,NA,"LT 373",274,"","5.8.2018",373,"LT",135,87,"12:48",155,"AS",150,0,1,0,0,0,0,0,0,0,0,0,0,1,1,0,0,1,0.0275,0.026,0.0015,1,1
"275",3,0.0526315789473684,0.475384615384615,-0.174871794871795,0.0754716981132075,0.982142857142857,0.614797682555969,0.964285714285714,1,1.875,0.0163943092508698,0.0482458761287386,0.00798643888287708,0.00386821231198811,2.38771671927057,1.01140426470735,2.74945927399721,0.241860465116279,0.123068407748971,0.309469589965274,"BW 375",275,"","5.8.2018",375,"BW",53,20,"1:24",340,"LT",110,0,0,0,0,0,0,0,0,0,0,0,6,0,0,0,0,0,0.0275,0.026,0.0015,0,2
"276",1,0.0175438596491228,0.5,-0.5,0.849056603773585,1,1,1,1,3.59868421052632,0,0,0.00383924665576866,0.00115093998976605,134217776.500017,0,1,0.00465116279069767,0.0447609495121026,0.839455914565979,"EC 376",276,"","5.8.2018",376,"EC",55,20,"1:36",290,"LT",90,1,0,0,0,0,0,0,0,0,0,0,1,1,1,0,0,1,0.0275,0.026,0.0015,1,2
"277",1,0.0175438596491228,0.0833333333333333,-0.916666666666667,0.962264150943396,1,1,1,1,2.75657894736842,0,0,0.00533148757856929,0.00174087542040301,134217776.500017,0,1,0.027906976744186,0.0447609495121026,0.42445547400646,"LT 377",277,"","5.8.2018",377,"LT",177,122,"1:49",140,"LT",28,1,0,1,0,0,0,0,0,0,0,0,1,2,2,0,1,1,0.0275,0.026,0.0015,2,3
"278",2,0.0350877192982456,0.282051282051282,-0.358974358974359,0.213836477987421,0.994047619047619,0.786322816296571,0.982142857142857,1,2.23684210526316,0.00196923359810212,0.000503435229169447,0.00652585591600856,0.00338800183317801,1.59181590415142,0.562335144618808,1.75476535060332,0.0744186046511628,0.0785449632639424,0.474424342218589,"BW 378",278,"","5.8.2018",378,"BW",42,16,"2:12",110,"LT",10,1,0,0,0,0,0,0,0,0,0,2,4,3,3,0,2,1,0.0275,0.026,0.0015,2,3
"279",2,0.0350877192982456,0.113333333333333,-0.443333333333333,0.371069182389937,0.982142857142857,0.700764888226735,0.982142857142857,1,1.93421052631579,0.00787814180205072,0.00165355961450777,0.00772022425344784,0.00215425555739376,268435505.000009,0.693147180559945,2,0.197674418604651,0.0895218990242052,0.221821789180188,"BW 379",279,"","5.8.2018",379,"BW",54,27,"2:32",265,"LT",81,1,0,0,0,0,0,0,0,0,0,1,2,2,2,0,1,1,0.0275,0.026,0.0015,2,3
"280",2,0.0350877192982456,0.138461538461538,-0.430769230769231,0.352201257861635,0.982142857142857,0.700764888226735,0.982142857142857,1,2.40131578947368,0.00250484738958194,0.000221020344513416,0.00636756613634794,0.00205094323405906,268435505.000009,0.693147180559945,2,0.0837209302325581,0.0895218990242052,0.34635144543512,"AS 380",280,"","5.8.2018",380,"AS",48,25,"2:51",240,"LT",69,1,0,0,0,0,0,0,0,0,0,0,2,1,1,0,0,1,0.0275,0.026,0.0015,1,2
"281",2,0.0350877192982456,0.1625,-0.41875,0.358490566037736,0.982142857142857,0.700764888226735,0.982142857142857,1,2.28947368421053,0.00942513523996157,0.000708083696311498,0.00638195611631709,0.00199690580533718,268435505.000009,0.693147180559945,2,0.0604651162790698,0.0895218990242052,0.403422053514098,"AS 381",281,"","5.8.2018",381,"AS",56,62,"3:08",160,"AS",39,1,3,0,0,0,0,0,0,0,0,0,2,4,4,0,3,1,0.0275,0.026,0.0015,2,2
"282",1,0.0175438596491228,0.416666666666667,-0.583333333333333,0.509433962264151,1,1,1,1,2.75657894736842,0,0,0.00533148757856929,0.00308540926392869,0.375885357695557,0,1,0.027906976744186,0.0447609495121026,0.765500178911706,"LT 384",282,"","5.8.2018",384,"LT",195,380,"3:48",0,"LT",2,1,1,0,0,0,1,0,0,0,0,0,5,3,2,1,1,1,0.0275,0.026,0.0015,3,3
"283",NA,NA,NA,NA,NA,NA,NA,NA,NA,NA,NA,NA,NA,NA,NA,NA,NA,NA,NA,NA,"AS 386",283,"","5.9.2018",386,"AS",58,31,"9:47",350,"LT",113,0,0,0,0,0,0,0,0,0,0,0,0,0,0,0,0,0,NA,NA,NA,0,1
"284",NA,NA,NA,NA,NA,NA,NA,NA,NA,NA,NA,NA,NA,NA,NA,NA,NA,NA,NA,NA,"LT 387",284,"","5.9.2018",387,"LT",155,94,"10:02",225,"AS",194,0,1,0,0,0,0,0,0,0,0,0,0,1,1,0,0,1,NA,NA,NA,1,1
"285",NA,NA,NA,NA,NA,NA,NA,NA,NA,NA,NA,NA,NA,NA,NA,NA,NA,NA,NA,NA,"BW 388",285,"","5.9.2018",388,"BW",39,3,"10:16",115,"AS",179,0,1,0,0,0,0,0,0,0,0,0,0,1,1,0,0,1,NA,NA,NA,1,1
"286",NA,NA,NA,NA,NA,NA,NA,NA,NA,NA,NA,NA,NA,NA,NA,NA,NA,NA,NA,NA,"AS 389",286,"","5.9.2018",389,"AS",40,13,"10:16",115,"BW",154,0,0,0,0,0,0,0,0,0,0,1,0,1,1,0,0,1,NA,NA,NA,1,2
"287",NA,NA,NA,NA,NA,NA,NA,NA,NA,NA,NA,NA,NA,NA,NA,NA,NA,NA,NA,NA,"AS 390",287,"","5.9.2018",390,"AS",33,31,"10:39",660,"AS",216,0,0,0,0,0,0,0,0,0,0,0,0,0,0,0,0,0,NA,NA,NA,0,1
"288",NA,NA,NA,NA,NA,NA,NA,NA,NA,NA,NA,NA,NA,NA,NA,NA,NA,NA,NA,NA,"LT 391",288,"","5.9.2018",391,"LT",220,198,"10:58",50,"LT",151,0,0,0,0,0,0,0,0,0,0,0,0,0,0,0,0,0,NA,NA,NA,0,1
"289",NA,NA,NA,NA,NA,NA,NA,NA,NA,NA,NA,NA,NA,NA,NA,NA,NA,NA,NA,NA,"BW 392",289,"","5.9.2018",392,"BW",34,5,"11:14",75,"BW",182,0,0,0,0,0,0,0,0,0,0,1,0,1,1,0,1,0,NA,NA,NA,1,2
"290",NA,NA,NA,NA,NA,NA,NA,NA,NA,NA,NA,NA,NA,NA,NA,NA,NA,NA,NA,NA,"LT 393",290,"","5.9.2018",393,"LT",210,465,"11:30",470,"BW",147,0,0,0,0,0,0,0,0,0,0,0,0,0,0,0,0,0,NA,NA,NA,0,1
"291",NA,NA,NA,NA,NA,NA,NA,NA,NA,NA,NA,NA,NA,NA,NA,NA,NA,NA,NA,NA,"BW 394",291,"","5.9.2018",394,"BW",41,6,"11:42",315,"LT",102,0,0,0,0,0,0,0,0,0,0,0,0,0,0,0,0,0,NA,NA,NA,0,1
"292",NA,NA,NA,NA,NA,NA,NA,NA,NA,NA,NA,NA,NA,NA,NA,NA,NA,NA,NA,NA,"LT 395",292,"","5.9.2018",395,"LT",62,40,"11:56",250,"BW",188,0,0,0,0,0,0,0,0,0,0,3,0,3,3,0,0,3,NA,NA,NA,1,2
