"","name","module","connectivity","participation","role","uniID","Date","Site","Waypoint","Species","Height","N.flowers","Time","NN","NN.id","dist.lar","LT","AS","EC","SD","SM","SC","PP","HH","EL","LOTUS","BW","Quantity","density","shrub.density","cactus.density","x","y"
"1","LT 163",8,-0.836694558287249,0.102044444444444,"Peripheral","LT 163","4.28.2018",NA,163,"LT",250,119,1021,60,"LT",60,2,0,0,0,0,0,0,0,0,0,0,3,2,2,0,622387.432871,3849298.28343
"2","SC 164",0,-0.57035182547203,0.471655328798186,"Peripheral","SC 164","4.28.2018",NA,164,"SC",54,10,1021,443,"LT",443,0,0,0,0,0,0,0,0,0,0,0,1,0,0,0,622390.634003,3849305.31421
"3",NA,NA,NA,NA,NA,"AS 165","4.28.2018",NA,165,"AS",69,46,1040,270,"AS",980,0,1,0,0,0,0,0,0,0,0,0,0,1,1,0,622373.528407,3849304.64268
"4",NA,NA,NA,NA,NA,"AS 166","4.28.2018",NA,166,"AS",65,45,1040,440,"AS",630,0,0,0,0,0,0,0,0,0,0,0,0,0,0,0,622370.910094,3849308.82286
"5","SC 167",15,-0.153102476963244,0,"Ultra peripheral","SC 167","4.28.2018",NA,167,"SC",67,15,1057,140,"SC",380,0,1,0,0,0,0,0,0,0,0,0,2,1,1,0,622330.183009,3849267.57208
"6",NA,NA,NA,NA,NA,"PP 168","4.28.2018",NA,168,"PP",38,9,1057,149,"AS",890,0,2,0,0,0,0,0,0,0,0,0,0,2,2,0,622341.880898,3849282.59141
"7","LT 169",8,-0.508299083191571,0.27116729044559,"Peripheral","LT 169","4.28.2018",NA,169,"LT",185,69,1116,135,"LT",135,1,1,0,0,0,0,0,0,0,0,0,3,2,2,0,622359.041356,3849251.65074
"8",NA,NA,NA,NA,NA,"AS 170","4.28.2018",NA,170,"AS",47,85,1116,125,"LT",125,2,1,0,0,0,0,0,0,0,0,0,0,3,3,0,622357.758819,3849251.74449
"9",NA,NA,NA,NA,NA,"AS 171","4.28.2018",NA,171,"AS",43,11,1138,20,"LT",800,0,2,0,0,0,0,0,0,0,0,0,0,2,2,0,622385.098931,3849205.52119
"10","EC 172",0,-0.57035182547203,0.471655328798186,"Peripheral","EC 172","4.28.2018",NA,172,"EC",49,225,1138,149,"SC",615,0,0,0,0,0,1,0,0,0,0,0,2,1,0,1,622380.626907,3849211.45142
"11","LT 173",8,0.487833857931987,0.0399833402748856,"Ultra peripheral","LT 173","4.28.2018",NA,173,"LT",165,112,1157,570,"LT",570,0,0,0,0,0,0,0,0,0,0,0,4,0,0,0,622422.921418,3849148.78894
"12",NA,NA,NA,NA,NA,"LT 174","4.28.2018",NA,174,"LT",122,105,1157,179,"SC",570,0,0,0,0,0,1,0,0,0,0,0,0,1,0,1,622428.724706,3849152.85955
"13","SC 175",17,0,0.625,"Connector","SC 175","4.28.2018",NA,175,"SC",66,4,1214,0,"AS",330,0,2,0,0,0,0,0,0,0,0,0,1,2,2,0,622455.753296,3849150.66844
"14","AS 176",24,0,0,"Ultra peripheral","AS 176","4.28.2018",NA,176,"AS",37,24,1214,0,"SC",330,0,1,0,0,0,1,0,0,0,0,0,1,2,1,1,622457.703031,3849148.5869
"15","AS 177",14,-1,0.277777777777778,"Peripheral","AS 177","4.28.2018",NA,177,"AS",68,130,1214,74,"AS",348,0,6,0,0,0,0,0,0,0,0,0,1,6,6,0,622456.007255,3849145.3475
"16",NA,NA,NA,NA,NA,"EC 179","4.28.2018",NA,179,"EC",30,175,1237,10,"LT",10,4,0,0,0,0,0,0,0,0,0,0,0,4,4,0,622579.134521,3849198.12439
"17",NA,NA,NA,NA,NA,"SC 178","4.28.2018",NA,178,"SC",45,5,1237,20,"AS",360,0,2,1,0,0,0,0,0,0,0,0,0,3,3,0,622560.520177,3849200.76003
"18","SC 180",11,0.120385853085769,0.698961937716263,"Connector","SC 180","4.28.2018",NA,180,"SC",50,4,134,190,"SC",230,0,0,0,0,0,1,0,0,0,0,0,1,1,0,1,622472.287988,3849379.61096
"19",NA,NA,NA,NA,NA,"PP 181","4.28.2018",NA,181,"PP",16,1,134,60,"AS",245,0,0,2,0,0,0,0,0,0,0,0,0,2,2,0,622475.929244,3849367.34712
"20","LT 182",15,-0.153102476963244,0.309256055363322,"Peripheral","LT 182","4.28.2018",NA,182,"LT",220,177,149,270,"PP",470,0,0,0,0,0,0,1,0,0,0,0,3,1,0,1,622472.69259,3849369.85522
"21","SM 183",5,-0.657125151194705,0.489073881373569,"Peripheral","SM 183","4.28.2018",NA,183,"SM",100,22,205,30,"SM",800,0,0,0,0,12,0,0,0,0,0,0,2,12,12,0,622505.647871,3849362.41895
"22","SC 184",0,0.697096675576925,0.485,"Peripheral","SC 184","4.28.2018",NA,184,"SC",70,7,205,230,"AS",842,0,3,0,0,0,0,0,0,0,0,0,2,3,3,0,622501.403284,3849358.14731
"23","AS 185",18,0,0.444444444444444,"Peripheral","AS 185","4.28.2018",NA,185,"AS",56,14,222,190,"AS",1970,0,1,0,0,0,0,0,0,0,0,0,1,1,1,0,622553.39766,3849295.61473
"24",NA,NA,NA,NA,NA,"SC 186","4.28.2018",NA,186,"SC",45,7,222,165,"AS",2110,0,2,0,0,0,0,0,0,0,0,0,0,2,2,0,622548.118244,3849300.31401
"25",NA,NA,NA,NA,NA,"AS 188","4.28.2018",NA,188,"AS",81,80,242,167,"SC",2330,0,1,0,0,0,1,0,0,0,0,0,0,2,1,1,622549.242795,3849305.20963
"26",NA,NA,NA,NA,NA,"EC 189","4.28.2018",NA,189,"EC",60,130,258,30,"LT",30,1,0,2,0,0,0,0,0,0,0,0,0,3,3,0,622559.266664,3849267.29692
"27","EC 190",14,-1,0.277777777777778,"Peripheral","EC 190","4.30.2018",NA,190,"EC",43,110,258,20,"LT",20,1,1,0,0,0,0,0,0,0,0,0,1,2,2,0,622554.868889,3849253.92754
"28","EC 192",0,-0.57035182547203,0.631001371742112,"Connector","EC 192","4.30.2018",NA,192,"EC",53,360,316,95,"EC",350,1,0,2,0,0,0,0,0,0,0,0,2,3,3,0,622546.489358,3849230.30023
"29","LT 193",8,-1.0556248750177,0.0377218934911244,"Ultra peripheral","LT 193","4.28.2018",NA,193,"LT",205,89,335,100,"LT",110,1,1,0,0,0,0,0,0,0,0,0,1,2,2,0,622462.150295,3849213.20303
"30",NA,NA,NA,NA,NA,"SC 194","4.30.2018",NA,194,"SC",68,2,335,120,"SM",149,3,0,1,0,1,0,0,0,0,0,0,0,5,5,0,622458.05169,3849211.70645
"31","SD 195",15,-0.669918930168839,0,"Ultra peripheral","SD 195","4.28.2018",NA,195,"SD",78,23,358,120,"SM",2080,0,0,0,0,1,0,0,0,0,0,0,1,1,1,0,622404.614051,3849396.34593
"32","SC 196",15,0.131383644067359,0,"Ultra peripheral","SC 196","4.30.2018",NA,196,"SC",72,9,NA,163,"SC",1100,0,0,0,1,0,1,1,0,0,0,0,3,3,1,2,622406.397387,3849358.656
"33",NA,NA,NA,NA,NA,"AS 197","4.30.2018",NA,197,"AS",48,36,1056,65,"AS",444,0,6,0,0,0,0,0,0,0,0,0,0,6,6,0,622432.296307,3849358.77918
"34","SC 198",15,-0.636728882715268,0,"Ultra peripheral","SC 198","4.30.2018",NA,198,"SC",73,2,1056,70,"AS",310,0,9,0,0,0,0,0,0,0,0,0,2,9,9,0,622431.046206,3849356.43324
"35","LT 199",8,0.8819084280468,0.0890040440468481,"Peripheral","LT 199","4.30.2018",NA,199,"LT",185,55,1117,65,"AS",460,0,1,0,0,0,1,0,0,0,0,0,5,2,1,1,622482.852569,3849369.76878
"36",NA,NA,NA,NA,NA,"AS 200","4.30.2018",NA,200,"AS",42,39,1117,83,"AS",398,0,3,0,0,0,0,0,0,0,0,0,0,3,3,0,622482.508707,3849368.10029
"37",NA,NA,NA,NA,NA,"SM 201","4.30.2018",NA,201,"SM",80,20,1132,30,"SM",845,0,0,0,0,11,0,0,0,0,0,1,0,12,12,0,622504.66165,3849374.60734
"38","SC 202",15,-0.911732133044851,0,"Ultra peripheral","SC 202","4.30.2018",NA,202,"SC",48,9,1132,192,"LT",192,1,0,0,0,0,0,0,0,0,0,0,1,1,1,0,622498.055737,3849368.97309
"39",NA,NA,NA,NA,NA,"AS 204","4.30.2018",NA,204,"AS",66,12,1149,40,"AS",3180,0,2,0,0,0,0,0,0,0,0,0,0,2,2,0,622528.007939,3849346.52243
"40",NA,NA,NA,NA,NA,"AS 205","4.30.2018",NA,205,"AS",68,29,1149,40,"AS",3230,0,2,0,0,0,0,0,0,0,0,0,0,2,2,0,622529.27568,3849347.53759
"41",NA,NA,NA,NA,NA,"BW 203","4.30.2018",NA,203,"BW",61,150,1149,133,"SC",3090,0,1,0,0,0,1,0,0,0,0,0,0,2,1,1,622524.656267,3849343.92651
"42","EC 206",0,-0.57035182547203,0.471655328798186,"Peripheral","EC 206","4.30.2018",NA,206,"EC",54,90,1206,2,"EC",4920,0,0,3,0,0,0,0,0,0,0,0,1,3,3,0,622539.53504,3849333.14357
"43","SC 207",15,-0.371208503086706,0,"Ultra peripheral","SC 207","4.30.2018",NA,207,"SC",32,7,1206,200,"AS",3595,0,0,0,0,0,0,0,0,0,0,0,3,0,0,0,622526.827447,3849338.96391
"44","PP 208",11,0.120385853085769,0.820301783264746,"Kinless","PP 208","4.30.2018",NA,208,"PP",38,6,1222,125,"SM",2755,0,0,0,0,4,0,0,0,0,0,1,2,5,5,0,622554.619165,3849313.82236
"45","SM 209",5,0.440856114092651,0.50634765625,"Peripheral","SM 209","4.30.2018",NA,209,"SM",65,32,1222,30,"SM",3320,0,1,1,0,9,0,0,0,0,0,0,4,11,11,0,622559.970857,3849310.5661
"46","LT 211",8,-0.344101345643732,0.0800491769687864,"Peripheral","LT 211","4.30.2018",NA,211,"LT",275,165,1243,0,"AS",310,0,2,0,0,0,1,0,0,0,0,0,2,3,2,1,622543.583483,3849276.62704
"47",NA,NA,NA,NA,NA,"SC 210","4.30.2018",NA,210,"SC",78,14,1243,70,"AS",510,0,2,0,0,0,0,0,0,0,0,0,0,2,2,0,622542.725693,3849286.04405
"48",NA,NA,NA,NA,NA,"SC 213","4.30.2018",NA,213,"SC",55,7,121,0,"AS",555,0,3,0,0,0,0,0,0,0,0,0,0,3,3,0,622505.072612,3849281.99243
"49","AS 212",16,-0.448851317521838,0.231111111111111,"Peripheral","AS 212","4.30.2018",NA,212,"AS",54,80,121,38,"AS",47,2,4,0,0,0,0,0,0,0,0,0,1,6,6,0,622512.249986,3849279.09327
"50",NA,NA,NA,NA,NA,"LT 214","4.30.2018",NA,214,"LT",90,10,138,0,"EC",305,0,3,1,0,0,0,0,0,0,0,0,0,4,4,0,622522.588902,3849272.46483
"51","EC 215",4,-1.0215078369105,0.716049382716049,"Connector","EC 215","4.30.2018",NA,215,"EC",49,34,138,0,"LT",0,1,3,0,0,0,0,0,0,0,0,0,1,4,4,0,622522.501828,3849272.13088
"52","AS 216",1,-0.812815524815182,0.0266617969320671,"Ultra peripheral","AS 216","4.30.2018",NA,216,"AS",52,145,138,10,"AS",120,2,3,1,0,0,0,0,0,0,0,0,1,6,6,0,622523.896578,3849270.48566
"53",NA,NA,NA,NA,NA,"AS 217","4.30.2018",NA,217,"AS",43,100,138,10,"AS",124,2,0,1,0,0,0,0,0,0,0,0,0,3,3,0,622522.985913,3849270.14074
"54","EC 218",1,-0.777076148724062,0.300720221606648,"Peripheral","EC 218","4.30.2018",NA,218,"EC",64,115,154,53,"AS",455,0,4,0,0,0,0,0,0,0,0,0,2,4,4,0,622548.293517,3849259.71872
"55","LT 219",8,-0.902373653306385,0.110480991388364,"Peripheral","LT 219","4.30.2018",NA,219,"LT",210,77,154,55,"AS",420,0,2,1,0,0,0,0,0,0,0,0,1,3,3,0,622543.132215,3849262.42298
"56","AS 220",0,-0.57035182547203,0.471655328798186,"Peripheral","AS 220","4.30.2018",NA,220,"AS",63,165,209,38,"AS",525,0,1,0,0,0,0,0,0,0,0,0,1,1,1,0,622555.010497,3849257.03521
"57",NA,NA,NA,NA,NA,"LT 221","4.30.2018",NA,221,"LT",120,58,209,70,"LT",70,1,0,0,0,0,0,0,0,0,0,0,0,1,1,0,622561.021744,3849259.22291
"58","EC 222",1,-0.305316384321281,0.0270219553387125,"Ultra peripheral","EC 222","4.30.2018",NA,222,"EC",43,60,224,210,"EC",705,0,0,2,0,0,0,0,0,0,0,0,2,2,2,0,622555.570406,3849235.63463
"59",NA,NA,NA,NA,NA,"EC 223","4.30.2018",NA,223,"EC",65,120,229,135,"EC",575,0,0,2,0,0,0,0,0,0,0,0,0,2,2,0,622557.931847,3849236.99726
"60",NA,NA,NA,NA,NA,"LT 225","4.30.2018",NA,225,"LT",195,70,246,0,"LT",0,2,0,0,0,0,1,0,0,0,0,0,0,3,2,1,622578.913037,3849201.00536
"61",NA,NA,NA,NA,NA,"SC 224","4.30.2018",NA,224,"SC",52,7,246,116,"AS",506,0,1,0,0,0,0,0,0,0,0,0,0,1,1,0,622575.084333,3849206.72233
"62","EC 227",11,1.92617364937231,0.71875,"Connector","EC 227","4.30.2018",NA,227,"EC",50,240,301,95,"AS",450,0,1,1,0,0,0,0,0,0,0,0,2,2,2,0,622580.796637,3849190.16007
"63",NA,NA,NA,NA,NA,"AS 226","4.30.2018",NA,226,"AS",58,160,301,93,"AS",448,0,1,0,0,0,1,0,0,0,0,0,0,2,1,1,622588.515908,3849180.94562
"64","SC 228",15,-0.636728882715268,0,"Ultra peripheral","SC 228","4.30.2018",NA,228,"SC",62,9,317,13,"LT",13,3,0,0,0,0,0,0,0,0,0,0,2,3,3,0,622596.626694,3849162.97341
"65",NA,NA,NA,NA,NA,"LT 229","4.30.2018",NA,229,"LT",103,120,317,13,"SC",156,2,0,0,0,0,1,0,0,0,0,0,0,3,2,1,622597.060578,3849164.75394
"66","EC 230",1,-0.305316384321281,0.0270219553387127,"Ultra peripheral","EC 230","4.30.2018",NA,230,"EC",49,200,317,20,"AS",295,0,1,0,0,0,0,0,0,0,0,0,2,1,1,0,622603.010488,3849150.96806
"67",NA,NA,NA,NA,NA,"AS 231","4.30.2018",NA,231,"AS",49,18,317,20,"EC",275,0,0,2,0,0,0,0,0,0,0,0,0,2,2,0,622602.830424,3849150.7438
"68",NA,NA,NA,NA,NA,"SC 233","4.30.2018",NA,233,"SC",43,8,339,640,"SC",775,0,0,0,0,0,0,0,0,0,0,0,0,0,0,0,622599.567529,3849093.46419
"69",NA,NA,NA,NA,NA,"SC 232","4.30.2018",NA,232,"SC",54,8,339,227,"SC",921,0,0,0,0,0,1,0,0,0,0,0,0,1,0,1,622605.374997,3849104.0793
"70",NA,NA,NA,NA,NA,"SC 234","4.30.2018",NA,234,"SC",52,4,355,171,"LT",171,1,0,0,0,0,0,0,0,0,0,2,0,3,3,0,622593.177244,3849078.51534
"71","BW 235",5,-1.50556521982584,0.76,"Connector","BW 235","4.30.2018",NA,235,"BW",34,4,355,45,"AS",615,0,2,0,0,0,0,0,0,0,0,0,1,2,2,0,622588.603703,3849064.58897
"72",NA,NA,NA,NA,NA,"SC 137","4.27.2018",NA,137,"SC",54,3,1038,0,"AS",2720,0,4,0,0,0,0,0,0,0,0,0,0,4,4,0,622491.051994,3849331.38788
"73",NA,NA,NA,NA,NA,"AS 136","4.27.2018",NA,136,"AS",48,40,1038,0,"SC",2720,0,3,0,0,0,1,0,0,0,0,0,0,4,3,1,622492.790593,3849331.41106
"74",NA,NA,NA,NA,NA,"SC 138","4.27.2018",NA,138,"SC",46,10,1054,25,"AS",2560,0,2,0,0,0,1,0,0,0,0,0,0,3,2,1,622497.445352,3849339.23775
"75","SC 139",15,-0.655694624117309,0.201416015625,"Peripheral","SC 139","4.27.2018",NA,139,"SC",58,8,1054,110,"SC",NA,0,1,0,0,0,2,0,0,0,0,0,2,3,1,2,622495.720061,3849338.2164
"76","PP 140",8,0.454994310422419,0.113611049231455,"Peripheral","PP 140","4.27.2018",NA,140,"PP",22,1,1119,16,"SC",NA,0,0,0,0,0,0,0,0,0,0,0,3,0,0,0,622509.163823,3849345.82747
"77","AS 141",11,0.120385853085769,0.8032,"Kinless","AS 141","4.27.2018",NA,141,"AS",54,80,1119,200,"AS",2810,0,1,0,0,0,0,0,0,0,0,0,2,1,1,0,622503.166003,3849335.76452
"78","AS 142",12,-0.303239217431561,0.32,"Peripheral","AS 142","4.27.2018",NA,142,"AS",22,155,1140,140,"SM",205,1,3,0,0,1,0,0,0,0,0,0,1,5,5,0,622542.850107,3849269.85097
"79","EC 143",1,-0.798519774378734,0.217854671280277,"Peripheral","EC 143","4.27.2018",NA,143,"EC",60,375,NA,105,"AS",285,2,5,0,0,1,0,0,0,0,0,0,4,8,8,0,622543.3328,3849267.97174
"80","LT 145",8,-0.902373653306385,0.110480991388364,"Peripheral","LT 145","4.27.2018",NA,145,"LT",170,85,1209,160,"EC",630,0,1,3,0,0,0,0,0,0,0,0,1,4,4,0,622537.056254,3849251.36062
"81","HH 144",15,-0.371208503086706,0,"Ultra peripheral","HH 144","4.27.2018",NA,144,"HH",44,6,1209,130,"EC",303,0,0,2,0,0,0,0,0,0,0,0,3,2,2,0,622541.023571,3849248.97322
"82","EC 146",12,-0.682288239221013,0.6875,"Connector","EC 146","4.27.2018",NA,146,"EC",58,46,1209,0,"LT",0,1,1,2,0,0,0,0,0,0,0,0,1,4,4,0,622537.132977,3849252.47082
"83","EC 147",1,2.43946769947672,0.0877214208868932,"Peripheral","EC 147","4.27.2018",NA,147,"EC",56,240,1226,30,"EC",260,2,0,1,0,0,0,0,0,0,0,0,10,3,3,0,622535.716216,3849248.90244
"84","EC 148",1,0.187887005736173,0.027391975308642,"Ultra peripheral","EC 148","4.27.2018",NA,148,"EC",62,225,1226,15,"EC",260,1,0,1,0,0,0,0,0,0,0,0,3,2,2,0,622532.346507,3849254.51452
"85","LT 149",8,-0.00475935471153116,0.0761245674740485,"Peripheral","LT 149","4.27.2018",NA,149,"LT",210,151,1247,300,"LT",300,2,0,0,0,0,0,0,0,0,0,0,4,2,2,0,622628.239782,3849235.60583
"86",NA,NA,NA,NA,NA,"AS 150","4.27.2018",NA,150,"AS",53,45,1247,270,"AS",603,0,1,0,0,0,0,0,0,0,0,0,0,1,1,0,622621.401498,3849247.38325
"87","LT 151",8,-0.00475935471153116,0.0392,"Ultra peripheral","LT 151","4.27.2018",NA,151,"LT",135,87,114,70,"AS",170,1,1,1,0,0,0,0,0,0,0,0,3,3,3,0,622641.387425,3849189.97025
"88","SC 152",15,-0.153102476963244,0,"Ultra peripheral","SC 152","4.27.2018",NA,152,"SC",66,10,114,0,"EC",257,1,1,2,0,0,0,0,0,0,0,0,2,4,4,0,622646.699256,3849189.70836
"89","EC 153",1,0.187887005736173,0.0363142135105864,"Ultra peripheral","EC 153","4.27.2018",NA,153,"EC",58,92,200,60,"AS",320,0,4,1,0,0,0,0,0,0,0,0,5,5,5,0,622617.677191,3849135.52364
"90",NA,NA,NA,NA,NA,"AS 154","4.27.2018",NA,154,"AS",34,38,200,147,"EC",442,0,1,2,0,0,0,0,0,0,0,0,0,3,3,0,622615.122432,3849134.93491
"91",NA,NA,NA,NA,NA,"LT 155","4.27.2018",NA,155,"LT",130,39,219,150,"LT",150,2,0,0,0,0,0,0,0,0,0,0,0,2,2,0,622561.119003,3849059.78547
"92","SC 156",15,0.638717226571934,0,"Ultra peripheral","SC 156","4.27.2018",NA,156,"SC",66,15,219,68,"AS",115,1,1,0,0,0,0,0,0,0,0,0,5,2,2,0,622563.41404,3849059.26154
"93",NA,NA,NA,NA,NA,"AS 157","4.27.2018",NA,157,"AS",51,22,236,125,"LT",650,0,1,0,0,0,0,0,0,0,0,0,0,1,1,0,622547.075576,3849055.93778
"94",NA,NA,NA,NA,NA,"AS 158","4.27.2018",NA,158,"AS",54,30,236,125,"AS",536,0,1,0,0,0,0,0,0,0,0,0,0,1,1,0,622544.566376,3849058.78834
"95","LT 159",8,1.01326661808507,0.396749244826006,"Peripheral","LT 159","4.27.2018",NA,159,"LT",230,160,300,70,"AS",550,0,2,0,0,0,0,0,0,0,0,0,5,2,2,0,622453.079531,3849289.50778
"96","SD 160",6,0,0.5,"Peripheral","SD 160","4.27.2018",NA,160,"SD",53,12,300,242,"SD",1525,0,2,0,1,0,0,0,0,0,0,0,1,3,3,0,622437.285699,3849300.27867
"97",NA,NA,NA,NA,NA,"SM 161","4.27.2018",NA,161,"SM",55,7,326,710,"EL",3490,0,0,0,0,0,0,0,0,0,0,0,0,0,0,0,622413.231542,3849408.99495
"98",NA,NA,NA,NA,NA,"EL 162","4.27.2018",NA,162,"EL",78,18,326,185,"EL",3570,0,0,0,0,0,0,0,0,1,0,0,0,1,1,0,622422.982772,3849405.24259
"99",NA,NA,NA,NA,NA,"PP 121","4.26.2018",NA,121,"PP",18,2,909,245,"LT",245,2,0,0,0,1,0,0,0,0,0,0,0,3,3,0,622436.981299,3849323.1246
"100",NA,NA,NA,NA,NA,"PP 122","4.26.2018",NA,122,"PP",27,2,924,140,"AS",390,0,2,0,0,0,0,1,0,0,0,0,0,3,2,1,622404.907555,3849291.86083
"101",NA,NA,NA,NA,NA,"AS 123","4.26.2018",NA,123,"AS",50,71,947,125,"AS",730,0,1,0,0,0,0,1,0,0,0,0,0,2,1,1,622397.297872,3849292.86875
"102","PP 124",15,1.02277348996325,0,"Ultra peripheral","PP 124","4.26.2018",NA,124,"PP",28,3,1005,300,"LT",560,0,2,0,0,0,0,0,0,0,0,0,9,2,2,0,622430.916105,3849276.9
"103","SC 125",15,-0.385432809138236,0,"Ultra peripheral","SC 125","4.26.2018",NA,125,"SC",52,3,1021,50,"AS",1000,0,1,0,0,0,0,0,0,0,0,0,2,1,1,0,622505.035025,3849312.27378
"104","SC 126",15,-0.153102476963244,0,"Ultra peripheral","SC 126","4.26.2018",NA,126,"SC",42,7,1041,800,"AS",800,0,1,0,0,0,0,0,0,0,0,0,2,1,1,0,622519.445754,3849309.13827
"105",NA,NA,NA,NA,NA,"LT 127","4.26.2018",NA,127,"LT",190,156,1102,30,"AS",630,0,1,0,0,0,0,0,0,0,0,0,0,1,1,0,622526.363544,3849298.24917
"106",NA,NA,NA,NA,NA,"AS 128","4.26.2018",NA,128,"AS",53,62,1120,0,"EC",420,0,3,1,0,0,0,0,0,0,0,0,0,4,4,0,622538.586168,3849273.89824
"107",NA,NA,NA,NA,NA,"EC 129","4.26.2018",NA,129,"EC",42,11,1120,0,"AS",420,0,3,0,0,0,0,0,0,0,0,0,0,3,3,0,622539.322602,3849273.57537
"108","HH 130",15,-0.669918930168839,0,"Ultra peripheral","HH 130","4.26.2018",NA,130,"HH",26,1,1133,90,"EC",530,0,0,2,0,0,0,0,0,0,0,0,1,2,2,0,622552.229773,3849259.66029
"109","LT 131",8,-0.902373653306385,0.110480991388364,"Peripheral","LT 131","4.26.2018",NA,131,"LT",180,50,1202,180,"LT",180,1,0,0,0,0,0,0,0,0,0,0,1,1,1,0,622543.744871,3849257.66146
"110","EC 132",1,1.61031417416274,0.273725428382992,"Peripheral","EC 132","4.26.2018",NA,132,"EC",64,192,1213,320,"AS",380,0,0,0,0,0,0,0,0,0,0,0,8,0,0,0,622539.157773,3849258.48761
"111",NA,NA,NA,NA,NA,"LT 133","4.26.2018",NA,133,"LT",165,96,1232,450,"LT",450,0,0,0,0,0,0,0,0,0,0,0,0,0,0,0,622512.945907,3849247.48956
"112",NA,NA,NA,NA,NA,"AS 134","4.26.2018",NA,134,"AS",45,47,1245,320,"SC",550,0,0,0,0,0,0,0,0,0,0,0,0,0,0,0,622506.782514,3849249.8477
"113",NA,NA,NA,NA,NA,"SM 135","4.26.2018",NA,135,"SM",65,12,101,65,"SM",535,0,1,0,0,3,0,0,0,0,0,0,0,4,4,0,622497.840043,3849247.84282
"114","PP 97",15,-0.636728882715268,0,"Ultra peripheral","PP 97","4.25.2018",NA,97,"PP",22,4,930,300,"AS",1600,0,1,0,0,0,0,0,0,0,0,0,2,1,1,0,622409.324555,3849324.41996
"115","AS 98",16,-0.448851317521838,0.231111111111111,"Peripheral","AS 98","4.25.2018",NA,98,"AS",64,17,943,300,"PP",1390,0,0,0,0,0,0,1,0,0,0,0,1,1,0,1,622410.669047,3849326.54539
"116","PP 99",15,-0.911732133044851,0,"Ultra peripheral","PP 99","4.25.2018",NA,99,"PP",24,2,957,58,"AS",2310,0,5,0,0,0,0,0,0,0,0,0,1,5,5,0,622415.133914,3849307.41529
"117",NA,NA,NA,NA,NA,"AS 100","4.25.2018",NA,100,"AS",38,6,957,88,"PP",2400,0,3,0,0,0,0,1,0,0,0,0,0,4,3,1,622415.312501,3849307.75046
"118","LT 101",8,0.487833857931987,0.0399833402748856,"Ultra peripheral","LT 101","4.25.2018",NA,101,"LT",285,146,NA,170,"PP",650,0,1,0,0,0,0,1,0,0,0,0,4,2,1,1,622406.820317,3849292.55188
"119",NA,NA,NA,NA,NA,"PP 102","4.25.2018",NA,102,"PP",19,2,1032,90,"AS",150,1,1,0,0,0,0,0,0,0,0,0,0,2,2,0,622405.633725,3849292.31421
"120",NA,NA,NA,NA,NA,"AS 103","4.25.2018",NA,103,"AS",65,53,1058,30,"AS",440,0,4,0,0,0,0,0,0,0,0,0,0,4,4,0,622451.927196,3849266.0877
"121",NA,NA,NA,NA,NA,"EC 104","4.25.2018",NA,104,"EC",32,28,1128,330,"EC",880,0,0,0,0,0,0,0,0,0,0,0,0,0,0,0,622496.579518,3849184.48924
"122","LT 105",1,0.187887005736173,0.027391975308642,"Ultra peripheral","LT 105","4.25.2018",NA,105,"LT",136,36,1142,180,"LT",180,2,0,0,0,0,0,0,0,0,0,0,3,2,2,0,622515.157225,3849170.87164
"123","EC 106",4,-0.17025130615175,0.635802469135802,"Connector","EC 106","4.25.2018",NA,106,"EC",38,200,NA,370,"LT",370,0,0,0,0,0,0,0,0,0,0,0,4,0,0,0,622530.519375,3849137.57782
"124","AS 108",1,-0.812815524815182,0.0266617969320671,"Ultra peripheral","AS 108","4.25.2018",NA,108,"AS",140,31,1231,140,"AS",180,0,1,0,0,0,0,0,0,0,0,0,1,1,1,0,622525.314147,3849122.97759
"125","LT 109",3,0,0,"Ultra peripheral","LT 109","4.25.2018",NA,109,"LT",200,151,1256,120,"LT",120,1,0,0,0,0,0,0,0,0,0,0,1,1,1,0,622620.371368,3849118.81031
"126","EC 110",1,0.666794645357178,0.0478335296045843,"Ultra peripheral","EC 110","4.25.2018",NA,110,"EC",58,150,113,250,"LT",250,0,0,3,0,0,0,0,0,0,0,0,5,3,3,0,622643.044185,3849168.69524
"127","EC 111",14,-1,0.277777777777778,"Peripheral","EC 111","4.25.2018",NA,111,"EC",56,109,133,810,"LT",810,0,0,0,0,0,0,0,0,0,0,0,2,0,0,0,622609.525339,3849232.02839
"128","SC 112",15,1.82881749954995,0,"Ultra peripheral","SC 112","4.25.2018",NA,112,"SC",55,3,150,520,"AS",680,0,0,0,0,0,0,0,0,0,0,0,7,0,0,0,622623.646176,3849250.63
"129","AS 113",12,-0.682288239221013,0.6875,"Connector","AS 113","4.25.2018",NA,113,"AS",52,49,NA,530,"LT",530,0,1,0,0,0,0,0,0,0,0,0,1,1,1,0,622623.615342,3849246.08176
"130",NA,NA,NA,NA,NA,"SC 115","4.25.2018",NA,115,"SC",46,3,242,110,"SM",610,0,0,0,1,1,0,0,0,0,0,0,0,2,2,0,622516.631626,3849293.68251
"131",NA,NA,NA,NA,NA,"SD 116","4.25.2018","UP",116,"SD",39,41,317,50,"SD",6740,0,0,0,2,0,0,0,0,0,0,0,0,2,2,0,622405.091592,3849442.93969
"132",NA,NA,NA,NA,NA,"SM 117","4.25.2018","UP",117,"SM",70,42,334,80,"SM",5005,0,0,0,0,1,0,0,0,2,0,0,0,3,3,0,622410.729681,3849425.04543
"133","LT 118",8,-1.0556248750177,0.0377218934911244,"Ultra peripheral","LT 118","4.25.2018",NA,118,"LT",195,130,347,1470,"LT",1470,0,0,0,0,0,0,0,0,0,0,0,1,0,0,0,622401.212467,3849370.01197
"134","SC 119",15,-0.153102476963244,0,"Ultra peripheral","SC 119","4.25.2018",NA,119,"SC",46,7,401,50,"AS",1800,0,2,0,0,0,0,0,0,0,0,0,2,2,2,0,622391.784705,3849349.47672
"135",NA,NA,NA,NA,NA,"AS 120","4.25.2018",NA,120,"AS",35,16,421,160,"LT",160,1,0,0,0,0,0,0,0,0,0,0,0,1,1,0,622417.45471,3849256.86552
"136","PP 70",15,-0.655694624117309,0.201416015625,"Peripheral","PP 70","4.24.2018","UP",70,"PP",29,25,859,160,"SM",31315,0,0,0,0,3,0,0,0,0,0,0,2,3,3,0,622387.221876,3849678.30107
"137","AS 71",4,0.340502612303499,0.607438016528926,"Peripheral","AS 71","4.24.2018","UP",71,"AS",67,75,917,80,"SM",36770,0,2,0,0,1,0,0,0,0,0,0,2,3,3,0,622361.129922,3849740.84664
"138","PP 72",11,0.120385853085769,0.698961937716263,"Connector","PP 72","4.24.2018","UP",72,"PP",19,5,931,55,"SM",36290,0,0,0,0,2,0,0,0,0,0,0,1,2,2,0,622360.371358,3849735.95602
"139","AS 73",4,-0.17025130615175,0.473372781065089,"Peripheral","AS 73","4.24.2018","UP",73,"AS",60,34,943,130,"AS",37060,0,1,0,0,0,0,0,0,0,0,0,1,1,1,0,622361.730498,3849743.84958
"140","PP 74",15,-0.636728882715268,0,"Ultra peripheral","PP 74","4.24.2018","UP",74,"PP",35,16,958,160,"AS",35400,0,1,0,0,0,0,0,0,0,0,0,2,1,1,0,622350.350614,3849725.61763
"141",NA,NA,NA,NA,NA,"S 75",NA,NA,NA,NA,NA,NA,NA,NA,NA,NA,NA,NA,NA,NA,NA,NA,NA,NA,NA,NA,NA,NA,NA,NA,NA,622394.015331,3849662.97342
"142",NA,NA,NA,NA,NA,"SD 76","4.24.2018","UP",76,"SD",55,30,1034,210,"SD",5350,0,0,0,1,0,0,0,0,0,0,0,0,1,1,0,622392.568966,3849428.02021
"143","PP 77",15,-0.911732133044851,0.258775510204081,"Peripheral","PP 77","4.24.2018",NA,77,"PP",19,1,1051,0,"AS",980,0,3,0,0,0,0,0,0,0,0,0,2,3,3,0,622433.884389,3849356.36013
"144",NA,NA,NA,NA,NA,"AS 78","4.24.2018",NA,78,"AS",30,25,1107,0,"PP",980,0,2,0,0,0,0,1,0,0,0,0,0,3,2,1,622434.442229,3849355.70199
"145",NA,NA,NA,NA,NA,"AS 79","4.24.2018",NA,79,"AS",58,83,1124,NA,NA,NA,0,0,0,0,0,0,0,0,0,0,0,0,0,0,0,622443.808276,3849353.38648
"146",NA,NA,NA,NA,NA,"PP 80","4.24.2018",NA,80,"PP",23,1,1139,90,"AS",1190,0,5,0,0,0,0,0,0,0,0,0,0,5,5,0,622462.582865,3849366.1709
"147",NA,NA,NA,NA,NA,"AS 83","4.24.2018",NA,83,"AS",45,32,1233,60,"AS",620,0,2,0,0,0,0,0,0,0,0,0,0,2,2,0,622470.427169,3849292.62289
"148",NA,NA,NA,NA,NA,"AS 84","4.24.2018",NA,84,"AS",55,13,1251,60,"AS",525,0,3,0,0,0,0,0,0,0,0,0,0,3,3,0,622470.524591,3849292.18048
"149","LT 85",8,0.465940826258942,0.121623917105487,"Peripheral","LT 85","4.24.2018",NA,85,"LT",245,127,113,830,"LT",830,0,5,0,0,0,0,0,0,0,0,0,4,5,5,0,622474.389882,3849297.44539
"150","SC 87",15,0.927944782953046,0.0592755008339426,"Peripheral","SC 87","4.24.2018",NA,87,"SC",70,12,153,230,"AS",1780,0,1,0,0,0,0,0,0,0,0,0,6,1,1,0,622520.543451,3849322.90734
"151","SC 88",15,-0.143619606262224,0,"Ultra peripheral","SC 88","4.24.2018",NA,88,"SC",70,9,220,230,"AS",2500,0,2,0,0,0,0,0,0,0,0,0,3,2,2,0,622510.452589,3849331.53569
"152",NA,NA,NA,NA,NA,"AS 89","4.24.2018",NA,89,"AS",50,21,236,240,"SC",640,0,2,0,0,0,1,0,0,0,0,0,0,3,2,1,622524.718269,3849284.36188
"153","EC 90",1,-0.798519774378735,0.160321237358715,"Peripheral","EC 90","4.24.2018",NA,90,"EC",50,360,255,220,"EC",1550,0,0,8,0,0,0,0,0,0,0,0,2,8,8,0,622562.86646,3849265.01555
"154","EC 91",1,-0.798519774378735,0.180287414719117,"Peripheral","EC 91","4.24.2018",NA,91,"EC",55,175,NA,160,"EC",260,1,1,2,0,0,0,0,0,0,0,0,2,4,4,0,622585.950036,3849297.82377
"155",NA,NA,NA,NA,NA,"LT 92","4.24.2018",NA,92,"LT",270,98,331,260,"EC",910,0,0,3,0,0,0,0,0,0,0,0,0,3,3,0,622584.437354,3849294.58679
"156","SC 93",15,-0.153102476963244,0,"Ultra peripheral","SC 93","4.24.2018",NA,93,"SC",57,17,351,190,"SM",2000,0,0,1,0,1,0,0,0,0,0,0,2,2,2,0,622621.119084,3849261.68855
"157","EC 94",1,-0.798519774378735,0.1196875,"Peripheral","EC 94","4.24.2018",NA,94,"EC",60,275,NA,200,"EC",1030,0,0,1,0,0,0,0,0,0,0,0,2,1,1,0,622610.212799,3849242.24241
"158","AS 47",1,-0.784224023942287,0.223657024793389,"Peripheral","AS 47","4.23.2018","UP",47,"AS",57,90,923,870,"PP",19825,0,0,0,0,0,0,0,0,0,0,0,3,0,0,0,622381.307965,3849572.62408
"159",NA,NA,NA,NA,NA,"SD 48","4.23.2018","UP",48,"SD",54,11,952,52,"SD",8200,0,0,0,8,0,0,0,0,0,0,0,0,8,8,0,622407.185681,3849457.49851
"160",NA,NA,NA,NA,NA,"SM 51","4.23.2018","UP",51,"SM",64,19,1031,35,"SM",5350,0,0,0,2,0,0,0,0,0,0,0,0,2,2,0,622406.192822,3849428.97818
"161","SM 50",13,1.50755672288882,0.493827160493827,"Peripheral","SM 50","4.23.2018","UP",50,"SM",70,24,1016,35,"SM",5560,0,0,0,3,5,0,0,0,0,0,0,2,8,8,0,622406.530787,3849431.09021
"162","SD 52",8,-0.21274315560546,0.195608587216979,"Peripheral","SD 52","4.23.2018","UP",52,"SD",83,97,1043,115,"SD",4690,0,0,0,3,4,0,0,0,0,0,0,7,7,7,0,622409.397024,3849422.03273
"163","PP 53",15,-0.153102476963244,0,"Ultra peripheral","PP 53","4.23.2018",NA,53,"PP",34,3,1103,5,"SM",NA,0,0,0,0,2,0,0,0,0,1,0,2,3,3,0,622422.451646,3849390.15006
"164","PP 55",15,-0.153102476963244,0,"Ultra peripheral","PP 55","4.23.2018","low",55,"PP",23,1,1151,200,"LT",200,0,0,0,0,0,0,0,0,0,0,0,2,0,0,0,622441.872521,3849320.0839
"165",NA,NA,NA,NA,NA,"AS 56","4.23.2018","low",56,"AS",62,33,1207,20,"AS",980,0,3,0,0,0,0,0,0,0,0,0,0,3,3,0,622430.535188,3849284.88142
"166",NA,NA,NA,NA,NA,"LT 57","4.23.2018","low",57,"LT",250,94,1220,470,"AS",NA,0,0,0,0,0,0,0,0,0,0,0,0,0,0,0,622441.883519,3849278.04448
"167",NA,NA,NA,NA,NA,"LT 58","4.23.2018","low",58,"LT",160,53,1233,340,"AS",810,0,0,0,0,0,0,0,0,0,0,0,0,0,0,0,622445.518523,3849286.8558
"168","LT 61",8,-1.0556248750177,0.221759809750297,"Peripheral","LT 61","4.23.2018","low",61,"LT",170,90,142,570,"LT",570,0,0,0,0,0,0,0,0,0,0,0,2,0,0,0,622533.534447,3849089.92134
"169","LT 62",8,-0.902373653306385,0.110480991388364,"Peripheral","LT 62","4.23.2018","low",62,"LT",150,55,153,410,"LT",410,0,0,0,0,0,0,0,0,0,0,0,1,0,0,0,622540.218926,3849089.67778
"170",NA,NA,NA,NA,NA,"X 63","4.23.2018","low",63,"X",47,4,211,155,"LT",155,2,0,0,0,0,0,0,0,0,0,0,0,2,2,0,622549.89826,3849084.48253
"171",NA,NA,NA,NA,NA,"AS 64","4.23.2018","low",64,"AS",43,27,222,60,"LT",60,1,0,0,0,0,0,0,0,0,0,0,0,1,1,0,622556.517855,3849082.24142
"172","EC 65",1,-0.276724883448385,0.509202831640505,"Peripheral","EC 65","4.23.2018","low",65,"EC",48,175,240,550,"LT",550,0,0,0,0,0,0,0,0,0,0,0,5,0,0,0,622624.734406,3849114.20976
"173",NA,NA,NA,NA,NA,"EC 66","4.23.2018","low",66,"EC",44,84,252,120,"EC",170,1,0,3,0,0,0,0,0,0,0,0,0,4,4,0,622619.576182,3849150.96723
"174",NA,NA,NA,NA,NA,"EC 67","4.23.2018","low",67,"EC",39,120,306,230,"EC",860,0,0,1,0,0,0,0,0,0,0,0,0,1,1,0,622568.334568,3849218.72281
"175",NA,NA,NA,NA,NA,"LT 68","4.23.2018","low",68,"LT",105,20,321,180,"EC",580,0,0,1,0,0,0,0,0,0,0,0,0,1,1,0,622557.842009,3849230.00792
"176",NA,NA,NA,NA,NA,"SM 69","4.23.2018","UP",69,"SM",60,11,357,115,"SM",31260,0,0,0,0,2,0,1,0,0,0,0,0,3,2,1,622386.913297,3849687.72542
"177",NA,NA,NA,NA,NA,"PP 21","4.22.2018","up",21,"PP",22,1,NA,100,"PP",20880,0,0,0,0,0,0,1,0,0,0,0,0,1,0,1,622375.577095,3849583.75094
"178","EC 23",1,2.50379857644074,0.166522061218548,"Connector Hub","EC 23","4.22.2018","up",23,"EC",45,180,NA,230,"EC",15090,0,0,1,0,0,0,0,0,0,0,0,11,1,1,0,622408.281303,3849526.39597
"179",NA,NA,NA,NA,NA,"PP 24","4.22.2018","up",24,"PP",30,2,NA,495,"SD",15500,0,0,0,0,0,0,0,0,0,0,0,0,0,0,0,622420.868878,3849529.55851
"180","SD 25",26,0,0,"Ultra peripheral","SD 25","4.22.2018","low",25,"SD",50,29,NA,285,"SD",520,0,0,0,1,0,0,0,0,0,0,0,1,1,1,0,622419.767313,3849371.81204
"181","AS 26",1,-0.291020633884833,0.039637854150714,"Ultra peripheral","AS 26","4.22.2018","low",26,"AS",54,56,1035,245,"AS",1100,0,2,0,0,0,0,0,0,0,0,0,3,2,2,0,622430.761129,3849370.96026
"182","PP 27",15,0.638717226571934,0,"Ultra peripheral","PP 27","4.22.2018","low",27,"PP",32,3,1050,170,"AS",2430,0,2,0,0,0,0,0,0,0,0,0,4,2,2,0,622443.404955,3849376.78574
"183","EL 28",29,0,0,"Ultra peripheral","EL 28","4.22.2018","low",28,"EL",56,117,1104,160,"AS",2570,0,2,0,0,0,0,0,0,0,0,0,1,2,2,0,622436.226092,3849386.67317
"184","AS 29",16,-0.448851317521838,0.231111111111111,"Peripheral","AS 29","4.22.2018","low",29,"AS",49,29,1119,690,"AS",2250,0,1,0,0,0,0,0,0,0,0,0,1,1,1,0,622452.900917,3849371.58805
"185","LT 30",8,-0.902373653306385,0.110480991388364,"Peripheral","LT 30","4.22.2018","low",30,"LT",165,46,1133,80,"LT",80,2,0,0,0,0,0,0,0,0,0,0,1,2,2,0,622432.107585,3849345.46605
"186","PP 31",15,-0.380691373787726,0.0963951039345561,"Peripheral","PP 31","4.22.2018","low",31,"PP",28,7,1157,230,"AS",570,0,4,0,0,0,0,0,0,0,0,0,4,4,4,0,622396.772447,3849291.08701
"187",NA,NA,NA,NA,NA,"AS 32","4.22.2018","low",32,"AS",4,9,1210,40,"AS",680,0,4,0,0,0,0,0,0,0,0,0,0,4,4,0,622397.886657,3849296.75885
"188","LT 33",8,1.01326661808507,0.0986111328094483,"Peripheral","LT 33","4.22.2018","low",33,"LT",290,120,1225,75,"LT",75,1,0,0,0,0,0,0,0,0,0,0,4,1,1,0,622386.193106,3849302.03826
"189",NA,NA,NA,NA,NA,"EC 34","4.22.2018","low",34,"EC",39,38,1247,90,"AS",450,0,1,0,0,0,0,0,0,0,0,0,0,1,1,0,622484.26752,3849249.88036
"190","LT 35",6,0,0.5,"Peripheral","LT 35","4.22.2018","low",35,"LT",155,44,1258,160,"AS",685,0,1,0,0,0,0,0,0,0,0,0,1,1,1,0,622481.149214,3849236.63901
"191",NA,NA,NA,NA,NA,"EC 36","4.22.2018","low",36,"EC",47,20,128,200,"AS",990,0,1,1,0,0,0,0,0,0,0,0,0,2,2,0,622495.544809,3849186.58297
"192",NA,NA,NA,NA,NA,"AS 37","4.22.2018","low",37,"AS",40,12,139,200,"EC",1180,0,0,1,0,0,0,0,0,0,0,0,0,1,1,0,622493.288242,3849184.22361
"193","LT 38",8,-0.344101345643732,0.0800491769687864,"Peripheral","LT 38","4.22.2018","low",38,"LT",200,91,152,95,"LT",95,2,0,0,0,0,0,0,0,0,0,0,2,2,2,0,622482.697245,3849175.43049
"194",NA,NA,NA,NA,NA,"AS 39","4.22.2018","low",39,"AS",37,5,207,96,"AS",135,1,2,0,0,0,0,0,0,0,0,0,0,3,3,0,622473.622562,3849135.26648
"195",NA,NA,NA,NA,NA,"LT 40","4.22.2018","low",40,"LT",190,76,219,0,"AS",365,1,2,0,0,0,0,0,0,0,0,0,0,3,3,0,622475.724288,3849135.51634
"196",NA,NA,NA,NA,NA,"EC 41","4.22.2018","low",41,"EC",55,105,234,170,"EC",595,0,0,1,0,0,0,0,0,0,0,0,0,1,1,0,622448.876462,3849089.79128
"197",NA,NA,NA,NA,NA,"EC 42","4.22.2018","low",42,"EC",30,70,256,300,"LT",300,1,0,0,0,0,0,0,0,0,0,0,0,1,1,0,622612.287906,3849114.15462
"198","EC 43",11,0.120385853085769,0.698961937716263,"Connector","EC 43","4.22.2018","low",43,"EC",46,112,308,290,"EC",590,0,0,3,0,0,0,0,0,0,0,0,1,3,3,0,622608.509229,3849122.97802
"199","AS 44",16,-0.448851317521838,0.231111111111111,"Peripheral","AS 44","4.22.2018","LOW",44,"AS",60,16,335,360,"EC",490,0,0,0,0,0,0,0,0,0,0,0,1,0,0,0,622540.956757,3849260.84098
"200",NA,NA,NA,NA,NA,"EC 45","4.22.2018","UP",45,"EC",59,64,357,105,"SD",11050,0,0,0,1,2,0,0,0,0,0,0,0,3,3,0,622380.661057,3849483.76653
"201",NA,NA,NA,NA,NA,"SM 46","4.22.2018","UP",46,"SM",60,46,408,430,"EC",11170,0,0,0,0,0,0,0,0,0,0,0,0,0,0,0,622388.680851,3849486.31366
"202",NA,NA,NA,NA,NA,"PP 1","4.21.2018","low",1,"PP",20,5,NA,450,"AS",2330,0,0,0,0,0,0,0,0,0,0,0,0,0,0,0,623184.947861,3849592.45872
"203","PP 2",0,0.697096675576925,0.731523783929051,"Connector","PP 2","4.21.2018","low",2,"PP",19,11,NA,1110,"HH",1220,0,0,0,0,0,0,0,0,0,0,0,4,0,0,0,622454.306468,3849341.65772
"204",NA,NA,NA,NA,NA,NA,NA,NA,NA,NA,NA,NA,NA,NA,NA,NA,NA,NA,NA,NA,NA,NA,NA,NA,NA,NA,NA,NA,NA,NA,NA,622441.478074,3849342.81781
"205",NA,NA,NA,NA,NA,NA,NA,NA,NA,NA,NA,NA,NA,NA,NA,NA,NA,NA,NA,NA,NA,NA,NA,NA,NA,NA,NA,NA,NA,NA,NA,622441.14887,3849346.91754
"206",NA,NA,NA,NA,NA,"LT 5","4.21.2018","low",5,"LT",175,72,NA,160,"LT",160,2,0,0,0,0,0,0,0,0,0,0,0,2,2,0,622427.440953,3849338.52666
"207","LT 6",8,0.454994310422419,0.139369473279508,"Peripheral","LT 6","4.21.2018","low",6,"LT",125,73,NA,130,"LT",130,1,2,0,0,0,0,0,0,0,0,0,4,3,3,0,622462.060314,3849288.62911
"208",NA,NA,NA,NA,NA,"AS 7","4.21.2018","low",7,"AS",49,4,NA,55,"AS",810,0,0,0,0,0,0,0,0,0,0,0,0,0,0,0,622467.013384,3849294.68492
"209",NA,NA,NA,NA,NA,"AS 8","4.21.2018","low",8,"AS",39,9,NA,575,"EC",725,0,0,0,0,0,0,0,0,0,0,0,0,0,0,0,622547.617168,3849221.2196
"210","EC 10",11,0.722315118514615,0.659279778393352,"Connector","EC 10","4.21.2018","low",10,"EC",46,264,NA,270,"EC",690,0,0,1,0,0,0,0,0,0,0,0,2,1,1,0,622569.182033,3849210.08216
"211","EC 11",1,-0.798519774378735,0.0509360769101027,"Peripheral","EC 11","4.21.2018","low",11,"EC",55,135,NA,150,"EC",630,0,0,4,0,0,0,0,0,0,0,0,2,4,4,0,622555.387848,3849221.87787
"212",NA,NA,NA,NA,NA,"AS 14","4.21.2018","low",14,"AS",35,4,NA,200,"AS",970,0,1,0,0,0,0,0,0,0,0,0,0,1,1,0,622521.102652,3849150.54113
"213","PP 15",15,-0.669918930168839,0,"Ultra peripheral","PP 15","4.21.2018","low",15,"PP",18,2,NA,310,"EL",1240,0,0,0,0,0,0,0,0,0,0,0,1,0,0,0,622586.002062,3849239.03549
"214",NA,NA,NA,NA,NA,"SD 16","4.21.2018","up",16,"SD",38,12,NA,68,"SD",5780,0,0,0,1,0,0,0,0,0,0,0,0,1,1,0,622388.495568,3849431.51554
"215","PP 17",15,-0.385432809138236,0,"Ultra peripheral","PP 17","4.21.2018","up",17,"PP",29,2,NA,600,"EC",17165,0,0,0,0,0,0,0,0,0,0,0,2,0,0,0,622405.441421,3849547.21153
"216",NA,NA,NA,NA,NA,"PP 18","4.21.2018","up",18,"PP",28,3,NA,1810,"PP",20880,0,0,0,0,0,0,0,0,0,0,0,0,0,0,0,622368.925394,3849581.55483
"217",NA,NA,NA,NA,NA,"EL 19","4.21.2018","up",19,"EL",75,24,NA,595,"PP",38845,0,0,0,0,0,0,0,0,0,0,0,0,0,0,0,622360.577734,3849761.69279
"218",NA,NA,NA,NA,NA,"AS 386","5.9.2018",NA,386,"AS",58,31,947,350,"LT",350,0,0,0,0,0,0,0,0,0,0,0,0,0,0,0,622444.701766,3849320.67624
"219",NA,NA,NA,NA,NA,"LT 387","5.9.2018",NA,387,"LT",155,94,1002,225,"AS",730,0,1,0,0,0,0,0,0,0,0,0,0,1,1,0,622433.017697,3849284.02707
"220",NA,NA,NA,NA,NA,"BW 388","5.9.2018",NA,388,"BW",39,3,1016,115,"AS",635,0,1,0,0,0,0,0,0,0,0,0,0,1,1,0,622438.753448,3849258.8132
"221",NA,NA,NA,NA,NA,"AS 389","5.9.2018",NA,389,"AS",40,13,1016,115,"BW",510,0,0,0,0,0,0,0,0,0,0,1,0,1,1,0,622439.479537,3849259.26658
"222",NA,NA,NA,NA,NA,"AS 390","5.9.2018",NA,390,"AS",33,31,1039,660,"AS",950,0,0,0,0,0,0,0,0,0,0,0,0,0,0,0,622479.04381,3849051.2595
"223",NA,NA,NA,NA,NA,"LT 391","5.9.2018",NA,391,"LT",220,198,1058,50,"LT",50,0,0,0,0,0,0,0,0,0,0,0,0,0,0,0,622527.75242,3849001.88274
"224",NA,NA,NA,NA,NA,"BW 392","5.9.2018",NA,392,"BW",34,5,1114,75,"BW",655,0,0,0,0,0,0,0,0,0,0,1,0,1,1,0,622568.389044,3849022.50162
"225",NA,NA,NA,NA,NA,"LT 393","5.9.2018",NA,393,"LT",210,465,1130,470,"BW",485,0,0,0,0,0,0,0,0,0,0,0,0,0,0,0,622563.447232,3849036.19004
"226",NA,NA,NA,NA,NA,"BW 394","5.9.2018",NA,394,"BW",41,6,1142,315,"LT",315,0,0,0,0,0,0,0,0,0,0,0,0,0,0,0,622557.30283,3849037.10644
"227",NA,NA,NA,NA,NA,"LT 395","5.9.2018",NA,395,"LT",62,40,1156,250,"BW",685,0,0,0,0,0,0,0,0,0,0,3,0,3,3,0,622554.509661,3849061.25032
"228","AS 361",5,1.03975498606757,0.4865625,"Peripheral","AS 361","5.8.2018",NA,361,"AS",54,43,955,125,"AS",1310,0,2,0,0,0,0,0,0,0,0,0,5,2,2,0,622485.556182,3849311.12679
"229",NA,NA,NA,NA,NA,"BW 362","5.8.2018",NA,362,"BW",36,8,1015,250,"SC",585,0,0,0,0,0,1,0,0,0,0,0,0,1,0,1,622538.309352,3849136.79437
"230","SC 363",15,-0.911732133044851,0,"Ultra peripheral","SC 363","5.8.2018",NA,363,"SC",70,3,1030,0,"HH",410,0,1,0,0,0,1,0,0,0,0,0,1,2,1,1,622577.498332,3849128.66505
"231","HH 364",15,-0.636728882715268,0,"Ultra peripheral","HH 364","5.8.2018",NA,364,"HH",19,1,1030,0,"SC",410,0,1,0,0,0,0,0,1,0,0,0,2,2,1,1,622578.515233,3849127.90212
"232","BW 365",5,-0.607216911863462,0.595567867036011,"Peripheral","BW 365","5.8.2018",NA,365,"BW",46,13,1044,235,"LT",235,1,0,0,0,0,0,0,0,0,0,0,4,1,1,0,622550.072228,3849092.02763
"233","BW 365",5,-0.607216911863462,0.595567867036011,"Peripheral","BW 365","5.8.2018",NA,365,"BW",46,13,1044,235,"LT",235,1,0,0,0,0,0,0,0,0,0,0,4,1,1,0,622528.662545,3849084.64308
"234","BW 367",2,0,0.625,"Connector","BW 367","5.8.2018",NA,367,"BW",54,19,1116,25,"SC",400,0,0,0,0,0,0,0,0,0,0,6,3,6,6,0,622518.795925,3849083.29133
"235",NA,NA,NA,NA,NA,"SC 368","5.8.2018",NA,368,"SC",46,3,1116,25,"BW",470,2,1,0,0,0,0,0,0,0,0,0,0,3,3,0,622519.066025,3849083.62771
"236","AS 369",7,0,0.760330578512397,"Connector","AS 369","5.8.2018",NA,369,"AS",69,81,1131,105,"LT",105,1,1,0,0,0,0,0,0,0,0,1,2,3,3,0,622513.289187,3849084.43812
"237","LT 370",8,-0.858587589960294,0.104710076937512,"Peripheral","LT 370","5.8.2018",NA,370,"LT",270,301,1144,105,"AS",150,2,2,0,0,0,0,0,0,0,0,0,2,4,4,0,622509.825202,3849083.39359
"238","AS 371",8,-0.497352567355048,0.153721288856424,"Peripheral","AS 371","5.8.2018",NA,371,"AS",59,35,1204,95,"AS",240,1,1,0,0,0,0,0,0,0,0,0,3,2,2,0,622443.881272,3849224.2737
"239","AS 372",8,-1.03373184334466,0.375865051903114,"Peripheral","AS 372","5.8.2018",NA,372,"AS",56,63,1204,95,"AS",160,1,1,0,0,0,0,0,0,0,0,0,3,2,2,0,622442.952949,3849225.25958
"240",NA,NA,NA,NA,NA,"LT 373","5.8.2018",NA,373,"LT",135,87,1248,155,"AS",495,0,1,0,0,0,0,0,0,0,0,0,0,1,1,0,622468.190502,3849172.02035
"241","SC 374",15,0.354231105541331,0,"Ultra peripheral","SC 374","5.8.2018",NA,374,"SC",78,3,107,35,"LT",315,0,0,0,0,0,0,0,0,0,0,0,3,0,0,0,622484.67042,3849034.25244
"242","BW 375",1,-0.262429133011937,0.435090997897598,"Peripheral","BW 375","5.8.2018",NA,375,"BW",53,20,124,340,"LT",340,0,0,0,0,0,0,0,0,0,0,0,6,0,0,0,622559.725521,3849013.29041
"243","EC 376",7,-1.63299316185545,0,"Ultra peripheral","EC 376","5.8.2018",NA,376,"EC",55,20,136,290,"LT",290,1,0,0,0,0,0,0,0,0,0,0,1,1,1,0,622559.059975,3849008.28999
"244","LT 377",10,-0.5,0.32,"Peripheral","LT 377","5.8.2018",NA,377,"LT",177,122,149,140,"LT",140,1,0,1,0,0,0,0,0,0,0,0,1,2,2,0,622561.608938,3849009.32233
"245","BW 378",5,1.03975498606757,0.404266666666667,"Peripheral","BW 378","5.8.2018",NA,378,"BW",42,16,212,110,"LT",110,1,0,0,0,0,0,0,0,0,0,2,4,3,3,0,622573.815755,3849034.2208
"246","BW 379",1,-0.798519774378734,0.180287414719117,"Peripheral","BW 379","5.8.2018",NA,379,"BW",54,27,232,265,"LT",265,1,0,0,0,0,0,0,0,0,0,1,2,2,2,0,622584.617509,3849102.69321
"247","AS 380",5,-0.657125151194705,0.548442906574394,"Peripheral","AS 380","5.8.2018",NA,380,"AS",48,25,251,240,"LT",240,1,0,0,0,0,0,0,0,0,0,0,2,1,1,0,622561.802726,3849200.66621
"248","AS 381",0,-0.57035182547203,0.711111111111111,"Connector","AS 381","5.8.2018",NA,381,"AS",56,62,308,160,"AS",160,1,3,0,0,0,0,0,0,0,0,0,2,4,4,0,622424.684161,3849222.57588
"249","SC 382",15,-0.669918930168839,0,"Ultra peripheral","SC 382","5.8.2018",NA,382,"SC",53,4,321,50,"AS",400,0,2,0,0,0,0,0,0,0,0,0,1,2,2,0,622401.633421,3849221.60335
"250","SC 383",13,-0.904534033733291,0.444444444444444,"Peripheral","SC 383","5.8.2018",NA,383,"SC",52,3,334,205,"LT",205,1,0,0,0,0,0,0,0,0,0,0,1,1,1,0,622402.946755,3849239.81207
"251","LT 384",10,2,0.444444444444444,"Peripheral","LT 384","5.8.2018",NA,384,"LT",195,380,348,0,"LT",0,1,1,0,0,0,1,0,0,0,0,0,5,3,2,1,622403.774858,3849232.61321
"252","SC 385",15,0.131383644067359,0,"Ultra peripheral","SC 385","5.8.2018",NA,385,"SC",39,3,402,205,"LT",205,1,0,0,0,0,0,0,0,0,0,0,3,1,1,0,622396.210472,3849264.56902
"253","BW 336",1,-0.755632523069391,0.435267857142857,"Peripheral","BW 336","5.7.2018",NA,336,"BW",37,8,1004,285,"AS",565,0,2,0,0,0,0,0,0,0,0,0,3,2,2,0,622585.433279,3849068.98358
"254","AS 337",7,0.816496580927726,0.75,"Connector","AS 337","5.7.2018",NA,337,"AS",54,26,1015,56,"AS",420,0,1,0,0,0,0,0,0,0,0,0,2,1,1,0,622595.564435,3849057.361
"255","BW 338",1,1.68179292634498,0.377412683823529,"Peripheral","BW 338","5.7.2018",NA,338,"BW",44,23,1028,100,"AS",770,0,2,0,0,0,0,0,0,0,0,1,17,3,3,0,622580.828069,3849029.98835
"256","LT 339",8,-0.508299083191571,0.27116729044559,"Peripheral","LT 339","5.7.2018",NA,339,"LT",210,210,1052,160,"AS",260,1,1,0,0,0,0,0,0,0,0,0,3,2,2,0,622541.441544,3849011.71556
"257","BW 340",4,2.3835182861245,0.605029585798817,"Peripheral","BW 340","5.7.2018",NA,340,"BW",33,5,1107,70,"BW",335,0,0,0,0,0,0,0,0,0,0,3,6,3,3,0,622531.088446,3849046.8508
"258","SC 341",15,1.34519109379793,0.00741421483948534,"Ultra peripheral","SC 341","5.7.2018",NA,341,"SC",52,14,1123,70,"AS",70,1,3,0,0,0,0,0,0,0,0,0,6,4,4,0,622478.229194,3849043.70587
"259","AS 342",4,-0.17025130615175,0.473372781065089,"Peripheral","AS 342","5.7.2018",NA,342,"AS",39,27,1138,135,"AS",400,0,3,0,0,0,0,0,0,0,0,0,1,3,3,0,622474.533391,3849046.31878
"260","SC 343",17,0,0.625,"Connector","SC 343","5.7.2018",NA,343,"SC",40,7,1157,280,"AS",370,0,1,0,0,0,0,0,0,0,0,0,1,1,1,0,622451.301586,3849168.80035
"261","AS 344",4,-0.17025130615175,0.473372781065089,"Peripheral","AS 344","5.7.2018",NA,344,"AS",64,60,1212,130,"AS",450,0,3,0,0,0,0,0,0,0,0,0,1,3,3,0,622459.086271,3849216.48983
"262","LT 345",8,-1.0556248750177,0.0377218934911244,"Ultra peripheral","LT 345","5.7.2018",NA,345,"LT",200,229,1250,125,"AS",730,0,1,0,0,0,0,0,0,0,0,0,1,1,1,0,622421.231038,3849289.41612
"263","AS 346",14,-1,0.755555555555556,"Connector","AS 346","5.7.2018",NA,346,"AS",69,56,106,90,"AS",470,0,2,0,0,0,0,0,0,0,0,0,2,2,2,0,622428.310051,3849252.68416
"264",NA,NA,NA,NA,NA,"AS 347","5.7.2018",NA,347,"AS",40,10,106,90,"AS",620,0,2,0,0,0,0,0,0,0,0,0,0,2,2,0,622426.665902,3849252.4405
"265",NA,NA,NA,NA,NA,"SC 348","5.7.2018",NA,348,"SC",34,2,122,125,"AS",510,0,1,0,0,0,0,0,0,0,0,0,0,1,1,0,622423.090696,3849184.1755
"266","LT 349",8,-1.0556248750177,0.0377218934911244,"Ultra peripheral","LT 349","5.7.2018",NA,349,"LT",280,170,139,400,"LT",400,0,0,0,0,0,0,0,0,0,0,0,1,0,0,0,622405.264037,3849107.06882
"267","SC 350",15,1.13656793837549,0,"Ultra peripheral","SC 350","5.7.2018",NA,350,"SC",68,23,159,1000,"SC",NA,0,0,0,0,0,0,0,0,0,0,0,5,0,0,0,622435.08903,3849039.24876
"268","SC 351",15,1.81933462884893,0,"Ultra peripheral","SC 351","5.7.2018",NA,351,"SC",53,11,218,340,"LT",340,0,0,0,0,0,0,0,0,0,0,0,6,0,0,0,622538.005968,3848994.80945
"269","SC 351",15,1.81933462884893,0,"Ultra peripheral","SC 351","5.7.2018",NA,351,"SC",53,11,218,340,"LT",340,0,0,0,0,0,0,0,0,0,0,0,6,0,0,0,622541.639872,3848989.97739
"270","EC 252",11,0.120385853085769,0.698961937716263,"Connector","EC 252","5.3.2018",NA,252,"EC",36,42,205,160,"EC",4290,0,0,1,0,0,0,0,0,0,0,0,1,1,1,0,622547.162829,3849049.39452
"271",NA,NA,NA,NA,NA,"LT 353","5.7.2018",NA,353,"LT",250,153,249,20,"BW",305,0,1,0,0,0,0,0,0,0,0,1,0,2,2,0,622545.71194,3849048.37692
"272","BW 354",5,-0.407583954538488,0.581936181719849,"Peripheral","BW 354","5.7.2018",NA,354,"BW",36,7,302,35,"BW",240,1,0,0,0,0,0,0,0,0,0,2,3,3,3,0,622550.180733,3849063.30012
"273","BW 355",5,0.191314917436433,0.329861111111111,"Peripheral","BW 355","5.7.2018",NA,355,"BW",39,4,302,35,"BW",250,1,0,0,0,0,0,0,0,0,0,2,2,3,3,0,622549.445677,3849063.51217
"274","SC 356",15,1.13656793837549,0,"Ultra peripheral","SC 356","5.7.2018",NA,356,"SC",34,5,320,180,"LT",180,1,0,0,0,0,0,0,0,0,0,1,5,2,2,0,622581.567785,3849118.62531
"275","LT 357",8,-0.902373653306385,0.110480991388364,"Peripheral","LT 357","5.7.2018",NA,357,"LT",270,154,337,405,"LT",405,0,0,0,0,0,0,0,0,0,0,0,1,0,0,0,622606.534912,3849195.49498
"276",NA,NA,NA,NA,NA,"AS 358","5.7.2018",NA,358,"AS",46,46,349,135,"AS",155,2,1,0,0,0,0,0,0,0,0,0,0,3,3,0,622607.508521,3849211.70271
"277","SC 359",15,-0.110429558808653,0,"Ultra peripheral","SC 359","5.7.2018",NA,359,"SC",76,6,406,150,"LT",150,3,0,0,0,0,0,0,0,0,0,0,3,3,3,0,622516.566072,3849257.40999
"278",NA,NA,NA,NA,NA,"LT 360","5.7.2018",NA,360,"LT",230,61,420,240,"SC",560,0,0,0,0,0,1,0,0,0,0,0,0,1,0,1,622498.480384,3849254.72857
"279","SC 312",15,1.34044965844742,0,"Ultra peripheral","SC 312","5.6.2018",NA,312,"SC",45,5,1037,105,"AS",1430,0,1,0,0,0,0,0,0,0,0,0,5,1,1,0,622448.684938,3849337.70044
"280",NA,NA,NA,NA,NA,"AS 313","5.6.2018",NA,313,"AS",40,43,1050,450,"AS",2030,0,0,0,0,0,0,0,0,0,0,0,0,0,0,0,622481.442564,3849324.49361
"281","SC 314",15,-0.665177494818329,0.0511153119092629,"Peripheral","SC 314","5.6.2018",NA,314,"SC",59,8,1104,320,"LT",320,0,0,0,0,0,0,0,0,0,0,0,2,0,0,0,622472.791348,3849300.64089
"282","LT 315",8,0.454994310422419,0.113611049231455,"Peripheral","LT 315","5.6.2018",NA,315,"LT",155,170,1120,100,"SC",640,0,0,0,0,0,1,0,0,0,0,0,3,1,0,1,622502.659357,3849291.38871
"283",NA,NA,NA,NA,NA,"AS 316","5.6.2018",NA,316,"AS",56,79,1137,95,"AS",250,1,1,0,0,0,0,0,0,0,0,0,0,2,2,0,622520.038197,3849285.29782
"284",NA,NA,NA,NA,NA,"AS 317","5.6.2018",NA,317,"AS",40,55,1137,95,"AS",360,0,6,0,0,0,0,0,0,0,0,0,0,6,6,0,622519.846304,3849285.96083
"285",NA,NA,NA,NA,NA,"BW 318","5.6.2018",NA,318,"BW",46,4,1153,365,"LT",365,0,0,0,0,0,0,0,0,0,0,0,0,0,0,0,622582.080668,3849189.95534
"286","LT 319",10,-0.5,0.396694214876033,"Peripheral","LT 319","5.6.2018",NA,319,"LT",240,209,1206,170,"LT",170,2,0,0,0,0,0,0,0,0,0,0,2,2,2,0,622591.942862,3849184.76267
"287",NA,NA,NA,NA,NA,"BW 320","5.6.2018",NA,320,"BW",48,8,1224,350,"BW",675,0,0,0,0,0,0,0,0,0,0,0,0,0,0,0,622604.40728,3849087.42804
"288",NA,NA,NA,NA,NA,"LT 321","5.6.2018",NA,321,"LT",140,110,1242,990,"LT",990,0,0,0,0,0,0,0,0,0,0,0,0,0,0,0,622567.442404,3849093.47938
"289","SC 322",15,1.17449942117957,0.00793638196219126,"Ultra peripheral","SC 322","5.6.2018",NA,322,"SC",63,5,1259,0,"LT",0,3,0,0,0,0,1,0,0,0,0,0,8,4,3,1,622534.539006,3849110.6773
"290","AS 323",7,0.816496580927726,0.72,"Connector","AS 323","5.6.2018",NA,323,"AS",49,85,113,105,"AS",115,3,1,0,0,0,0,0,0,0,0,0,3,4,4,0,622480.275966,3849137.35175
"291",NA,NA,NA,NA,NA,"AS 324","5.6.2018",NA,324,"AS",45,36,152,270,"AS",280,1,1,0,0,0,0,0,0,0,0,0,0,2,2,0,622418.640124,3849339.62951
"292","LT 325",23,0,0.444444444444444,"Peripheral","LT 325","5.6.2018",NA,325,"LT",200,173,204,160,"AS",80,0,2,0,0,0,0,0,0,0,0,0,1,2,2,0,622418.89997,3849333.86504
"293","AS 327",27,0,0,"Ultra peripheral","AS 327","5.6.2018",NA,327,"AS",62,38,238,160,"SC",NA,0,0,0,0,0,1,0,0,0,0,0,1,1,0,1,622437.609727,3849248.48209
"294","SC 328",15,-0.911732133044851,0,"Ultra peripheral","SC 328","5.6.2018",NA,328,"SC",52,11,256,280,"LT",280,1,0,0,0,0,0,0,0,0,0,0,1,1,1,0,622473.678601,3849137.92939
"295",NA,NA,NA,NA,NA,"BW 329","5.6.2018",NA,329,"BW",46,10,311,65,"AS",830,0,1,0,0,0,0,0,0,0,0,1,0,2,2,0,622509.759696,3849108.90487
"296",NA,NA,NA,NA,NA,"AS 330","5.6.2018",NA,330,"AS",59,24,311,65,"BW",760,0,0,0,0,0,0,0,0,0,0,2,0,2,2,0,622510.22021,3849108.68925
"297",NA,NA,NA,NA,NA,"BW 331","5.6.2018",NA,331,"BW",38,4,326,200,"LT",200,0,1,0,0,0,0,0,0,0,0,1,0,2,2,0,622587.261333,3849089.75054
"298",NA,NA,NA,NA,NA,"LT 332","5.6.2018",NA,332,"LT",245,111,338,370,"LT",370,0,0,0,0,0,0,0,0,0,0,0,0,0,0,0,622586.041882,3849098.82994
"299",NA,NA,NA,NA,NA,"BW 333","5.6.2018",NA,333,"BW",50,4,353,200,"AS",230,1,1,0,0,0,0,0,0,0,0,0,0,2,2,0,622650.030309,3849152.70466
"300",NA,NA,NA,NA,NA,"EC 334","5.6.2018",NA,334,"EC",32,90,405,300,"SC",770,0,0,0,0,0,1,0,0,0,0,0,0,1,0,1,622648.632301,3849161.44889
"301","SC 335",15,-0.911732133044851,0,"Ultra peripheral","SC 335","5.6.2018",NA,335,"SC",69,2,426,750,"BW",2760,0,0,0,0,0,0,0,0,0,0,0,1,0,0,0,622467.170293,3849344.71307
"302","AS 287",14,-1,0.277777777777778,"Peripheral","AS 287","5.5.2018",NA,287,"AS",48,28,1010,60,"AS",175,1,2,0,0,0,1,0,0,0,0,0,1,4,3,1,622451.519429,3849289.81968
"303","SC 288",15,-0.669918930168839,0,"Ultra peripheral","SC 288","5.5.2018",NA,288,"SC",59,4,1029,0,"AS",410,0,2,0,0,0,0,0,0,0,0,0,1,2,2,0,622499.549814,3849284.35911
"304",NA,NA,NA,NA,NA,"AS 289","5.5.2018",NA,289,"AS",44,12,1029,0,"SC",410,0,1,0,0,0,1,0,0,0,0,0,0,2,1,1,622500.091399,3849284.92097
"305",NA,NA,NA,NA,NA,"LT 290","5.5.2018",NA,290,"LT",150,125,1040,140,"AS",200,1,2,0,0,0,0,0,0,0,0,0,0,3,3,0,622509.58601,3849279.83414
"306",NA,NA,NA,NA,NA,"AS 291","5.5.2018",NA,291,"AS",63,41,1058,290,"AS",670,0,1,0,0,0,0,0,0,0,0,0,0,1,1,0,622593.978758,3849258.55334
"307",NA,NA,NA,NA,NA,"SC 292","5.5.2018",NA,292,"SC",70,4,1114,560,"LT",560,0,0,0,0,0,0,0,0,0,0,0,0,0,0,0,622630.902799,3849221.22137
"308",NA,NA,NA,NA,NA,"EC 293","5.5.2018",NA,293,"EC",25,11,1130,100,"AS",135,1,1,0,0,0,0,0,0,0,0,0,0,2,2,0,622638.948262,3849215.00616
"309","LT 294",10,-0.5,0.396694214876033,"Peripheral","LT 294","5.5.2018",NA,294,"LT",150,123,1148,30,"LT",30,3,0,0,0,0,0,0,0,0,0,0,2,3,3,0,622616.479443,3849115.54158
"310","LT 295",8,1.54964589407468,0.09509175900277,"Peripheral","LT 295","5.5.2018",NA,295,"LT",310,343,1217,0,"LT",0,2,0,0,0,0,0,0,0,0,0,0,7,2,2,0,622600.684165,3849112.66867
"311","SC 296",15,3.19909231584736,0,"Peripheral Hub","SC 296","5.5.2018",NA,296,"SC",68,10,1231,150,"SC",220,1,1,0,0,0,1,0,0,0,0,0,9,3,2,1,622578.784055,3849121.4722
"312",NA,NA,NA,NA,NA,"AS 297","5.5.2018",NA,297,"AS",49,21,115,135,"LT",135,1,1,0,0,0,0,0,0,0,0,0,0,2,2,0,622472.353159,3849367.8541
"313","SC 298",15,0.354231105541331,0,"Ultra peripheral","SC 298","5.5.2018",NA,298,"SC",39,2,129,0,"AS",400,0,1,0,0,0,0,0,0,0,0,0,3,1,1,0,622496.129844,3849362.40299
"314","AS 299",14,-1,0.277777777777778,"Peripheral","AS 299","5.5.2018",NA,299,"AS",33,33,129,0,"SC",400,0,0,0,0,0,2,0,0,0,0,0,1,2,0,2,622497.506835,3849362.08856
"315","BW 300",4,-1.0215078369105,0.716049382716049,"Connector","BW 300","5.5.2018",NA,300,"BW",45,4,145,185,"AS",2475,0,3,0,0,0,0,0,0,0,0,0,1,3,3,0,622525.051533,3849355.46775
"316","BW 301",0,2.59826942715036,0.588324950464868,"Connector Hub","BW 301","5.5.2018",NA,301,"BW",50,39,159,110,"BW",3395,0,0,0,0,0,0,0,0,0,0,1,7,1,1,0,622532.004611,3849348.79418
"317",NA,NA,NA,NA,NA,"LT 302","5.5.2018",NA,302,"LT",105,49,219,150,"LT",150,1,1,0,0,0,1,0,0,0,0,0,0,3,2,1,622532.224718,3849284.24021
"318","SC 303",15,4.28013957576365,0,"Peripheral Hub","SC 303","5.5.2018",NA,303,"SC",56,12,231,0,"AS",300,1,3,0,0,0,0,0,0,0,0,0,13,4,4,0,622553.683119,3849274.21049
"319",NA,NA,NA,NA,NA,"AS 304","5.5.2018",NA,304,"AS",41,16,234,0,"SC",300,1,2,0,0,0,1,0,0,0,0,0,0,4,3,1,622551.010262,3849275.61691
"320","BW 305",5,-0.457492193869731,0.5639500297442,"Peripheral","BW 305","5.5.2018",NA,305,"BW",48,20,251,45,"BW",1100,0,0,0,0,1,0,0,0,0,0,2,3,3,3,0,622603.559066,3849295.06374
"321","LT 306",10,-0.5,0.32,"Peripheral","LT 306","5.5.2018",NA,306,"LT",145,47,312,490,"LT",490,0,0,0,0,0,0,0,0,0,0,0,1,0,0,0,622647.775806,3849211.90727
"322",NA,NA,NA,NA,NA,"EC 307","5.5.2018",NA,307,"EC",52,87,328,50,"AS",570,0,1,0,0,0,2,0,0,0,0,0,0,3,1,2,622640.496502,3849174.42918
"323",NA,NA,NA,NA,NA,"BW 308","5.5.2018",NA,308,"BW",30,4,347,230,"LT",230,1,1,0,0,0,0,0,0,0,0,0,0,2,2,0,622594.553231,3849064.55741
"324",NA,NA,NA,NA,NA,"LT 309","5.5.2018",NA,309,"LT",140,38,400,120,"LT",120,1,1,0,0,0,0,0,0,0,0,1,0,3,3,0,622595.207345,3849056.69067
"325","BW 310",1,-0.283872758666609,0.20356290174472,"Peripheral","BW 310","5.5.2018",NA,310,"BW",52,19,413,300,"LT",300,0,2,0,0,0,0,0,0,0,0,0,4,2,2,0,622581.740207,3849078.25185
"326","SC 311",15,-0.371208503086706,0.1409008601177,"Peripheral","SC 311","5.5.2018",NA,311,"SC",59,11,430,120,"LT",120,0,2,0,0,0,0,0,0,0,0,0,3,2,2,0,622535.134367,3849148.39883
"327",NA,NA,NA,NA,NA,"SC 236","5.3.2018",NA,236,"SC",52,19,944,400,"AS",920,0,1,0,0,0,0,0,0,0,0,0,0,1,1,0,622511.080173,3849318.78787
"328",NA,NA,NA,NA,NA,"SM 237","5.3.2018",NA,237,"SM",70,27,959,30,"EL",2980,0,0,0,0,0,0,0,0,1,0,0,0,1,1,0,622558.558356,3849313.54211
"329",NA,NA,NA,NA,NA,"SC 238","5.3.2018",NA,238,"SC",52,4,1013,270,"SC",1250,0,0,0,0,0,1,0,0,0,0,0,0,1,0,1,622588.063167,3849262.91133
"330",NA,NA,NA,NA,NA,"EC 239","5.3.2018",NA,239,"EC",36,15,1023,425,"SC",990,0,0,0,0,0,0,0,0,0,0,0,0,0,0,0,622589.546483,3849261.48906
"331","LT 240",8,-0.21274315560546,0.112024221453287,"Peripheral","LT 240","5.3.2018",NA,240,"LT",230,84,1046,210,"AS",520,0,1,0,0,0,0,0,0,0,0,0,2,1,1,0,622640.025841,3849209.69631
"332","EC 241",11,-1.68540194320077,0,"Ultra peripheral","EC 241","5.3.2018",NA,241,"EC",53,41,1059,95,"EC",830,0,0,1,0,0,0,0,0,0,0,0,1,1,1,0,622650.410118,3849179.10933
"333","LT 242",8,1.79046924247818,0.114913153403127,"Peripheral","LT 242","5.3.2018",NA,242,"LT",145,49,1114,170,"LT",170,1,0,0,0,0,0,0,0,0,0,0,7,1,1,0,622642.589123,3849141.06937
"334",NA,NA,NA,NA,NA,"BW 243","5.3.2018",NA,243,"BW",45,2,1128,350,"LT",350,0,0,0,0,0,0,0,0,0,0,0,0,0,0,0,622615.851475,3849094.01423
"335",NA,NA,NA,NA,NA,"SC 244","5.3.2018",NA,244,"SC",45,6,1140,900,"LT",900,0,0,0,0,0,1,0,0,0,0,0,0,1,0,1,622602.61219,3849098.49635
"336","AS 245",22,0,0,"Ultra peripheral","AS 245","5.3.2018",NA,245,"AS",55,49,1155,670,"LT",670,0,0,0,0,0,0,0,0,0,0,0,1,0,0,0,622590.975962,3849099.4503
"337",NA,NA,NA,NA,NA,"SC 246","5.3.2018",NA,246,"SC",52,6,1210,340,"LT",340,0,0,0,0,0,0,0,0,0,0,0,0,0,0,0,622561.284158,3849116.02539
"338","AS 247",20,0,0,"Ultra peripheral","AS 247","5.3.2018",NA,247,"AS",55,89,1246,140,"AS",410,0,1,0,0,0,1,0,0,0,0,0,1,2,1,1,622423.866533,3849325.16832
"339","SC 248",15,0.131383644067359,0.320489979556818,"Peripheral","SC 248","5.3.2018",NA,248,"SC",88,23,101,100,"AS",150,1,1,0,0,0,0,0,0,0,0,0,4,2,2,0,622437.772483,3849318.69824
"340",NA,NA,NA,NA,NA,"AS 249","5.3.2018",NA,249,"AS",62,31,119,70,"AS",308,1,2,0,0,0,0,0,0,0,0,0,0,3,3,0,622440.278536,3849226.77694
"341","LT 250",8,-1.0556248750177,0.0377218934911244,"Ultra peripheral","LT 250","5.3.2018",NA,250,"LT",225,320,132,0,"AS",365,0,2,0,0,0,0,0,0,0,0,0,1,2,2,0,622440.671073,3849231.66268
"342","AS 251",16,-0.448851317521838,0.505,"Peripheral","AS 251","5.3.2018",NA,251,"AS",45,39,147,365,"AS",580,0,0,0,0,0,0,0,0,0,0,0,2,0,0,0,622441.320489,3849134.83604
"343","EC 252",11,0.120385853085769,0.698961937716263,"Connector","EC 252","5.3.2018",NA,252,"EC",36,42,205,160,"EC",4290,0,0,1,0,0,0,0,0,0,0,0,1,1,1,0,622446.932466,3849009.0138
"344","SD 253",9,0,0.666666666666667,"Connector","SD 253","5.3.2018",NA,253,"SD",45,12,222,260,"SD",4620,0,0,0,1,0,0,0,0,0,0,0,1,1,1,0,622469.439414,3848995.89207
"345","BW 254",9,0,0.666666666666667,"Connector","BW 254","5.3.2018",NA,254,"BW",49,6,238,180,"SD",3860,0,0,0,1,0,0,0,0,0,0,0,1,1,1,0,622503.21392,3848975.15604
"346",NA,NA,NA,NA,NA,"SD 255","5.3.2018",NA,255,"SD",75,26,250,180,"BW",3490,0,0,0,0,0,0,0,0,0,0,1,0,1,1,0,622507.058783,3848975.09637
"347","SC 256",15,-0.911732133044851,0,"Ultra peripheral","SC 256","5.3.2018",NA,256,"SC",47,3,304,765,"SD",3090,0,0,0,0,0,0,0,0,0,0,0,1,0,0,0,622521.516025,3848961.6457
"348",NA,NA,NA,NA,NA,"SD 257","5.3.2018",NA,257,"SD",40,19,318,320,"SD",3615,0,0,0,0,0,0,0,0,0,0,0,0,0,0,0,622522.984746,3848954.45529
"349",NA,NA,NA,NA,NA,"EC 258","5.3.2018",NA,258,"EC",75,73,333,320,"EC",520,0,0,1,0,0,0,0,0,0,0,0,0,1,1,0,622579.76226,3849034.41104
"350",NA,NA,NA,NA,NA,"LT 259","5.3.2018",NA,259,"LT",215,93,349,245,"EC",360,0,0,1,0,0,0,0,0,0,0,0,0,1,1,0,622574.969834,3849036.89836
"351",NA,NA,NA,NA,NA,"BW 260","5.3.2018",NA,260,"BW",30,5,402,140,"AS",670,0,1,0,0,0,0,0,0,0,0,0,0,1,1,0,622586.790876,3849076.98818
"352",NA,NA,NA,NA,NA,"AS 261","5.4.2018",NA,261,"AS",40,41,941,335,"AS",2000,0,0,0,0,0,0,0,0,0,0,0,0,0,0,0,622473.931798,3849324.94804
"353","BW 263",0,-0.57035182547203,0.471655328798186,"Peripheral","BW 263","5.4.2018",NA,263,"BW",55,62,1022,210,"SC",2050,0,0,0,0,0,1,0,0,0,0,0,1,1,0,1,622662.341243,3849183.48363
"354","EC 264",28,0,0,"Ultra peripheral","EC 264","5.4.2018",NA,264,"EC",48,43,1038,90,"EC",730,0,0,2,0,0,0,0,0,0,0,0,1,2,2,0,622656.193097,3849170.97826
"355","LT 265",8,0.345529152057192,0.0921797193300137,"Peripheral","LT 265","5.4.2018",NA,265,"LT",150,146,1055,155,"LT",155,1,0,0,0,0,0,0,0,0,0,0,3,1,1,0,622628.060257,3849139.3226
"356","SC 266",13,-0.904534033733291,0.444444444444444,"Peripheral","SC 266","5.4.2018",NA,266,"SC",36,4,1103,420,"LT",420,0,0,0,0,0,0,0,0,0,0,0,1,0,0,0,622611.428102,3849137.43686
"357",NA,NA,NA,NA,NA,"AS 267","5.4.2018",NA,267,"AS",34,25,1118,300,"LT",300,1,0,0,0,0,0,0,0,0,0,0,0,1,1,0,622592.310306,3849095.4749
"358","SC 268",15,-0.153102476963244,0,"Ultra peripheral","SC 268","5.4.2018",NA,268,"SC",65,11,1135,120,"LT",120,1,1,0,0,0,0,0,0,0,0,0,2,2,2,0,622566.373411,3849056.97163
"359",NA,NA,NA,NA,NA,"SC 269","5.4.2018",NA,269,"SC",46,18,1150,90,"AS",NA,0,2,0,0,0,0,0,0,0,0,0,0,2,2,0,622536.033477,3849135.8766
"360","AS 270",16,-0.448851317521838,0.231111111111111,"Peripheral","AS 270","5.4.2018",NA,270,"AS",50,24,1206,35,"SC",380,0,0,0,0,0,1,0,0,0,0,0,1,1,0,1,622522.771283,3849238.19221
"361","LT 271",8,1.40734118819989,0.0871876534045333,"Peripheral","LT 271","5.4.2018",NA,271,"LT",230,312,1217,0,"LT",0,1,0,0,0,0,0,0,0,0,0,0,6,1,1,0,622520.709505,3849234.94792
"362",NA,NA,NA,NA,NA,"HH 272","5.4.2018",NA,272,"HH",25,2,101,1810,"SC",3230,0,0,0,0,0,0,0,0,0,0,0,0,0,0,0,622401.349276,3849407.83841
"363","AS 273",1,0.666794645357178,0.0277722674072602,"Ultra peripheral","AS 273","5.4.2018",NA,273,"AS",53,34,118,430,"AS",2630,0,0,0,0,0,0,0,0,0,0,0,4,0,0,0,622378.754115,3849352.07616
"364",NA,NA,NA,NA,NA,"SC 274","5.4.2018",NA,274,"SC",55,17,133,450,"SC",2105,0,0,0,0,0,0,0,0,0,0,0,0,0,0,0,622373.948916,3849321.17569
"365","LT 275",8,3.67326996636007,0.0807114512471652,"Connector Hub","LT 275","5.4.2018",NA,275,"LT",275,351,150,360,"AS",810,0,0,0,0,0,0,0,0,0,0,0,9,0,0,0,622401.820097,3849283.16775
"366","LT 276",8,1.54964589407468,0.0891198030694157,"Peripheral","LT 276","5.4.2018",NA,276,"LT",155,105,210,410,"LT",410,0,0,0,0,0,0,0,0,0,0,0,5,0,0,0,622409.259414,3849226.25276
"367","AS 277",16,1.30311672828921,0.689236111111111,"Connector","AS 277","5.4.2018",NA,277,"AS",50,51,223,120,"AS",650,0,3,0,0,0,0,0,0,0,0,0,4,3,3,0,622407.861722,3849221.2426
"368",NA,NA,NA,NA,NA,"LT 278","5.4.2018",NA,278,"LT",145,63,242,30,"SC",510,0,0,0,0,0,0,0,0,0,0,0,0,0,0,0,622454.376275,3849150.98287
"369",NA,NA,NA,NA,NA,"EC 279","5.4.2018",NA,279,"EC",45,23,257,220,"LT",220,1,1,0,0,0,0,0,0,0,0,0,0,2,2,0,622439.524727,3849104.75213
"370","EC 280",16,-0.448851317521838,0.231111111111111,"Peripheral","EC 280","5.4.2018",NA,280,"EC",58,26,318,280,"SC",660,0,0,0,0,0,2,0,0,0,0,0,1,2,0,2,622611.710035,3849136.88598
"371","EC 281",1,-0.805667649596958,0.283802550183058,"Peripheral","EC 281","5.4.2018",NA,281,"EC",46,95,330,120,"LT",120,1,0,1,0,0,0,0,0,0,0,0,2,2,2,0,622623.804579,3849197.61108
"372",NA,NA,NA,NA,NA,"KE 282","5.4.2018",NA,282,"KE",45,74,343,215,"AS",330,0,2,1,0,0,0,0,0,0,0,0,0,3,3,0,622615.394784,3849196.8333
"373","AS 283",1,1.13140653454174,0.0281632653061225,"Ultra peripheral","AS 283","5.4.2018",NA,283,"AS",50,68,356,30,"AS",90,1,0,0,0,0,0,0,0,0,0,0,5,1,1,0,622616.35701,3849200.17387
"374",NA,NA,NA,NA,NA,"AS 284","5.4.2018",NA,284,"AS",36,14,356,30,"AS",110,1,0,0,0,0,0,0,0,0,0,0,0,1,1,0,622613.427264,3849200.2457
"375","SC 285",15,0.140866514768379,0,"Ultra peripheral","SC 285","5.4.2018",NA,285,"SC",55,16,408,490,"SC",700,0,0,0,0,0,0,0,0,0,0,0,4,0,0,0,622626.461695,3849224.82262
"376","LT 286",8,1.01326661808507,0.0986111328094483,"Peripheral","LT 286","5.4.2018",NA,286,"LT",185,93,422,10,"SC",650,0,0,0,0,0,1,0,0,0,0,0,4,1,0,1,622597.800503,3849239.6366
