"","Site","Date","Waypoint","Species","Height","N.flowers","Time","NN","NN.id","dist.lar","LT","AS","EC","SD","SM","SC","PP","HH","EL","LOTUS","BW","uniID","Quantity","density","shrub.density","cactus.density","con.density","het.density","site.density","site.shrub.density","site.cactus.density","S","S"
"1","low","4.21.2018","3","LT",185,45,"",95,"LT",215,1,0,0,0,0,0,0,1,0,0,0,"LT 3",3,2,1,1,1,0,0.0194444444444444,0.0194444444444444,0,2,3
"2","low","4.21.2018","5","LT",175,72,"",160,"LT",39,2,0,0,0,0,0,0,0,0,0,0,"LT 5",0,2,2,0,2,0,0.0194444444444444,0.0194444444444444,0,1,1
"3","low","4.21.2018","6","LT",125,73,"11:34",130,"LT",24,1,2,0,0,0,0,0,0,0,0,0,"LT 6",4,3,3,0,1,2,0.0194444444444444,0.0194444444444444,0,2,2
"4","low","4.21.2018","7","AS",49,4,"11:48",55,"AS",202,0,0,0,0,0,0,0,0,0,0,0,"AS 7",1,0,0,0,0,0,0.0194444444444444,0.0194444444444444,0,0,2
"5","low","4.21.2018","8","AS",39,9,"12:08",575,"EC",193,0,0,0,0,0,0,0,0,0,0,0,"AS 8",0,0,0,0,0,0,0.0194444444444444,0.0194444444444444,0,0,1
"6","low","4.21.2018","10","EC",46,264,"12:38",270,"EC",189,0,0,1,0,0,0,0,0,0,0,0,"EC 10",1,1,1,0,1,0,0.0194444444444444,0.0194444444444444,0,1,3
"7","low","4.21.2018","11","EC",55,135,"1:09",150,"EC",178,0,0,4,0,0,0,0,0,0,0,0,"EC 11",2,4,4,0,4,0,0.0194444444444444,0.0194444444444444,0,1,3
"8","low","4.21.2018","12","EC",57,185,"",120,"EC",127,0,1,3,0,0,0,0,0,0,0,0,"EC 12",2,4,4,0,3,1,0.0194444444444444,0.0194444444444444,0,2,3
"9","low","4.21.2018","13","LT",275,131,"",100,"LT",4,1,0,3,0,0,0,0,0,0,0,0,"LT 13",3,4,4,0,1,3,0.0194444444444444,0.0194444444444444,0,2,3
"10","low","4.21.2018","14","AS",35,4,"2:09",200,"AS",217,0,1,0,0,0,0,0,0,0,0,0,"AS 14",0,1,1,0,1,0,0.0194444444444444,0.0194444444444444,0,1,1
"11","up","4.21.2018","16","SD",38,12,"3:04",68,"SD",168,0,0,0,1,0,0,0,0,0,0,0,"SD 16",0,1,1,0,1,0,0.0194444444444444,0.0194444444444444,0,1,2
"12","up","4.21.2018","19","EL",75,24,"3:59",595,"PP",126,0,0,0,0,0,0,0,0,0,0,0,"EL 19",0,0,0,0,0,0,0.0194444444444444,0.0194444444444444,0,0,1
"13","up","4.22.2018","20","EL",68,27,"4:16",145,"EC",126,0,0,0,0,0,0,0,0,3,0,0,"EL 20",0,3,3,0,3,0,NA,NA,NA,1,2
"14","up","4.22.2018","22","AS",56,82,"9:16",965,"PP",220,0,0,0,0,0,0,0,0,0,0,0,"AS 22",1,0,0,0,0,0,NA,NA,NA,0,2
"15","up","4.22.2018","23","EC",45,180,"",230,"EC",33,0,0,1,0,0,0,0,0,0,0,0,"EC 23",11,1,1,0,1,0,NA,NA,NA,1,3
"16","low","4.22.2018","25","SD",50,29,"10:18",285,"SD",155,0,0,0,1,0,0,0,0,0,0,0,"SD 25",1,1,1,0,1,0,NA,NA,NA,1,3
"17","low","4.22.2018","26","AS",54,56,"10:35",245,"AS",11,0,2,0,0,0,0,0,0,0,0,0,"AS 26",3,2,2,0,2,0,NA,NA,NA,1,2
"18","low","4.22.2018","28","EL",56,117,"11:04",160,"AS",78,0,2,0,0,0,0,0,0,0,0,0,"EL 28",1,2,2,0,0,2,NA,NA,NA,1,2
"19","low","4.22.2018","29","AS",49,29,"11:19",690,"AS",64,0,1,0,0,0,0,0,0,0,0,0,"AS 29",1,1,1,0,1,0,NA,NA,NA,1,2
"20","low","4.22.2018","30","LT",165,46,"11:33",80,"LT",200,2,0,0,0,0,0,0,0,0,0,0,"LT 30",1,2,2,0,2,0,NA,NA,NA,1,2
"21","low","4.22.2018","32","AS",4,9,"12:10",40,"AS",187,0,4,0,0,0,0,0,0,0,0,0,"AS 32",0,4,4,0,4,0,NA,NA,NA,1,1
"22","low","4.22.2018","33","LT",290,120,"12:25",75,"LT",195,1,0,0,0,0,0,0,0,0,0,0,"LT 33",4,1,1,0,1,0,NA,NA,NA,1,2
"23","low","4.22.2018","34","EC",39,38,"12:47",90,"AS",140,0,1,0,0,0,0,0,0,0,0,0,"EC 34",0,1,1,0,0,1,NA,NA,NA,1,1
"24","low","4.22.2018","35","LT",155,44,"12:58",160,"AS",188,0,1,0,0,0,0,0,0,0,0,0,"LT 35",1,1,1,0,0,1,NA,NA,NA,1,2
"25","low","4.22.2018","36","EC",47,20,"1:28",200,"AS",219,0,1,1,0,0,0,0,0,0,0,0,"EC 36",0,2,2,0,1,1,NA,NA,NA,2,2
"26","low","4.22.2018","37","AS",40,12,"1:39",200,"EC",15,0,0,1,0,0,0,0,0,0,0,0,"AS 37",0,1,1,0,0,1,NA,NA,NA,1,2
"27","low","4.22.2018","38","LT",200,91,"1:52",95,"LT",215,2,0,0,0,0,0,0,0,0,0,0,"LT 38",2,2,2,0,2,0,NA,NA,NA,1,2
"28","low","4.22.2018","39","AS",37,5,"2:07",96,"AS",26,1,2,0,0,0,0,0,0,0,0,0,"AS 39",0,3,3,0,2,1,NA,NA,NA,2,1
"29","low","4.22.2018","40","LT",190,76,"2:19",0,"AS",120,1,2,0,0,0,0,0,0,0,0,0,"LT 40",0,3,3,0,1,2,NA,NA,NA,2,1
"30","low","4.22.2018","41","EC",55,105,"2:34",170,"EC",172,0,0,1,0,0,0,0,0,0,0,0,"EC 41",0,1,1,0,1,0,NA,NA,NA,1,2
"31","low","4.22.2018","42","EC",30,70,"2:56",300,"LT",94,1,0,0,0,0,0,0,0,0,0,0,"EC 42",0,1,1,0,0,1,NA,NA,NA,1,1
"32","low","4.22.2018","43","EC",46,112,"3:08",290,"EC",171,0,0,3,0,0,0,0,0,0,0,0,"EC 43",1,3,3,0,3,0,NA,NA,NA,1,3
"33","LOW","4.22.2018","44","AS",60,16,"3:35",360,"EC",148,0,0,0,0,0,0,0,0,0,0,0,"AS 44",1,0,0,0,0,0,NA,NA,NA,0,2
"34","UP","4.22.2018","45","EC",59,64,"3:57",105,"SD",12,0,0,0,1,2,0,0,0,0,0,0,"EC 45",0,3,3,0,0,3,NA,NA,NA,2,3
"35","UP","4.22.2018","46","SM",60,46,"4:08",430,"EC",13,0,0,0,0,0,0,0,0,0,0,0,"SM 46",0,0,0,0,0,0,NA,NA,NA,0,1
"36","UP","4.23.2018","47","AS",57,90,"9:23",870,"PP",52,0,0,0,0,0,0,0,0,0,0,0,"AS 47",3,0,0,0,0,0,0.05,0.05,0,0,2
"37","UP","4.23.2018","48","SD",54,11,"9:52",52,"SD",203,0,0,0,8,0,0,0,0,0,0,0,"SD 48",0,8,8,0,8,0,0.05,0.05,0,1,2
"38","UP","4.23.2018","49","SD",60,12,"10:01",20,"SD",220,0,0,0,2,0,0,0,0,0,0,0,"SD 49",2,2,2,0,2,0,0.05,0.05,0,1,3
"39","UP","4.23.2018","50","SM",70,24,"10:16",35,"SM",163,0,0,0,3,5,0,0,0,0,0,0,"SM 50",2,8,8,0,5,3,0.05,0.05,0,2,4
"40","UP","4.23.2018","51","SM",64,19,"10:31",35,"SM",159,0,0,0,2,0,0,0,0,0,0,0,"SM 51",0,2,2,0,0,2,0.05,0.05,0,1,2
"41","UP","4.23.2018","52","SD",83,97,"10:43",115,"SD",144,0,0,0,3,4,0,0,0,0,0,0,"SD 52",7,7,7,0,3,4,0.05,0.05,0,2,4
"42","low","4.23.2018","54","AS",52,49,"11:15",166,"AS",6,0,3,0,0,0,0,0,0,0,0,0,"AS 54",5,3,3,0,3,0,0.05,0.05,0,1,2
"43","low","4.23.2018","56","AS",62,33,"12:07",20,"AS",218,0,3,0,0,0,0,0,0,0,0,0,"AS 56",0,3,3,0,3,0,0.05,0.05,0,1,1
"44","low","4.23.2018","57","LT",250,94,"12:20",470,"AS",1,0,0,0,0,0,0,0,0,0,0,0,"LT 57",0,0,0,0,0,0,0.05,0.05,0,0,1
"45","low","4.23.2018","58","LT",160,53,"12:33",340,"AS",202,0,0,0,0,0,0,0,0,0,0,0,"LT 58",0,0,0,0,0,0,0.05,0.05,0,0,1
"46","low","4.23.2018","59","EC",40,103,"1:11",290,"LT",90,1,0,0,0,0,0,0,0,0,0,0,"EC 59",0,1,1,0,0,1,0.05,0.05,0,1,1
"47","low","4.23.2018","60","AS",42,9,"1:22",415,"EC",196,0,0,0,0,0,0,0,0,0,0,0,"AS 60",0,0,0,0,0,0,0.05,0.05,0,0,1
"48","low","4.23.2018","61","LT",170,90,"1:42",570,"LT",166,0,0,0,0,0,0,0,0,0,0,0,"LT 61",2,0,0,0,0,0,0.05,0.05,0,0,2
"49","low","4.23.2018","62","LT",150,55,"1:53",410,"LT",132,0,0,0,0,0,0,0,0,0,0,0,"LT 62",1,0,0,0,0,0,0.05,0.05,0,0,2
"50","low","4.23.2018","64","AS",43,27,"2:22",60,"LT",173,1,0,0,0,0,0,0,0,0,0,0,"AS 64",0,1,1,0,0,1,0.05,0.05,0,1,1
"51","low","4.23.2018","65","EC",48,175,"2:40",550,"LT",161,0,0,0,0,0,0,0,0,0,0,0,"EC 65",5,0,0,0,0,0,0.05,0.05,0,0,2
"52","low","4.23.2018","66","EC",44,84,"2:52",120,"EC",41,1,0,3,0,0,0,0,0,0,0,0,"EC 66",0,4,4,0,3,1,0.05,0.05,0,2,2
"53","low","4.23.2018","67","EC",39,120,"3:06",230,"EC",207,0,0,1,0,0,0,0,0,0,0,0,"EC 67",0,1,1,0,1,0,0.05,0.05,0,1,2
"54","low","4.23.2018","68","LT",105,20,"3:21",180,"EC",169,0,0,1,0,0,0,0,0,0,0,0,"LT 68",0,1,1,0,0,1,0.05,0.05,0,1,2
"55","UP","4.23.2018","69","SM",60,11,"3:57",115,"SM",100,0,0,0,0,2,0,1,0,0,0,0,"SM 69",0,3,2,1,2,0,0.05,0.05,0,2,3
"56","UP","4.24.2018","71","AS",67,75,"9:17",80,"SM",121,0,2,0,0,1,0,0,0,0,0,0,"AS 71",2,3,3,0,2,1,0.0385,0.036,0.0015,2,3
"57","UP","4.24.2018","73","AS",60,34,"9:43",130,"AS",123,0,1,0,0,0,0,0,0,0,0,0,"AS 73",1,1,1,0,1,0,0.0385,0.036,0.0015,1,2
"58","UP","4.24.2018","75","SM",72,24,"10:12",240,"SM",89,0,0,0,0,2,0,0,0,0,0,0,"SM 75",0,2,2,0,2,0,0.0385,0.036,0.0015,1,2
"59","UP","4.24.2018","76","SD",55,30,"10:34",210,"SD",159,0,0,0,1,0,0,0,0,0,0,0,"SD 76",0,1,1,0,1,0,0.0385,0.036,0.0015,1,2
"60","","4.24.2018","78","AS",30,25,"11:07",0,"PP",218,0,2,0,0,0,0,1,0,0,0,0,"AS 78",0,3,2,1,2,0,0.0385,0.036,0.0015,2,2
"61","","4.24.2018","79","AS",58,83,"11:24",NA,"",1,0,0,0,0,0,0,0,0,0,0,0,"AS 79",0,0,0,0,0,0,0.0385,0.036,0.0015,0,1
"62","","4.24.2018","81","SM",100,21,"",75,"AS",133,0,2,0,0,0,0,0,0,0,0,0,"SM 81",0,2,2,0,0,2,0.0385,0.036,0.0015,1,1
"63","","4.24.2018","82","LT",220,233,"12:33",50,"AS",157,0,2,0,0,0,0,0,0,0,0,0,"LT 82",6,2,2,0,0,2,0.0385,0.036,0.0015,1,2
"64","","4.24.2018","83","AS",45,32,"12:33",60,"AS",177,0,2,0,0,0,0,0,0,0,0,0,"AS 83",0,2,2,0,2,0,0.0385,0.036,0.0015,1,1
"65","","4.24.2018","84","AS",55,13,"12:51",60,"AS",156,0,3,0,0,0,0,0,0,0,0,0,"AS 84",0,3,3,0,3,0,0.0385,0.036,0.0015,1,1
"66","","4.24.2018","85","LT",245,127,"1:13",830,"LT",204,0,5,0,0,0,0,0,0,0,0,0,"LT 85",4,5,5,0,0,5,0.0385,0.036,0.0015,1,2
"67","","4.24.2018","86","LT",115,135,"",80,"AS",9,0,3,0,0,0,0,0,0,0,0,0,"LT 86",3,3,3,0,0,3,0.0385,0.036,0.0015,1,2
"68","","4.24.2018","89","AS",50,21,"2:36",240,"SC",180,0,2,0,0,0,1,0,0,0,0,0,"AS 89",0,3,2,1,2,0,0.0385,0.036,0.0015,2,2
"69","","4.24.2018","90","EC",50,360,"2:55",220,"EC",36,0,0,8,0,0,0,0,0,0,0,0,"EC 90",2,8,8,0,8,0,0.0385,0.036,0.0015,1,3
"70","","4.24.2018","91","EC",55,175,"",160,"EC",79,1,1,2,0,0,0,0,0,0,0,0,"EC 91",2,4,4,0,2,2,0.0385,0.036,0.0015,3,3
"71","","4.24.2018","92","LT",270,98,"3:31",260,"EC",212,0,0,3,0,0,0,0,0,0,0,0,"LT 92",0,3,3,0,0,3,0.0385,0.036,0.0015,1,2
"72","","4.24.2018","94","EC",60,275,"",200,"EC",7,0,0,1,0,0,0,0,0,0,0,0,"EC 94",2,1,1,0,1,0,0.0385,0.036,0.0015,1,3
"73","","4.24.2018","96","LT",170,102,"",0,"PP",210,2,0,1,0,0,0,1,0,0,0,0,"LT 96",1,4,3,1,2,1,0.0385,0.036,0.0015,3,4
"74","","4.25.2018","98","AS",64,17,"9:43",300,"PP",27,0,0,0,0,0,0,1,0,0,0,0,"AS 98",1,1,0,1,0,0,NA,NA,NA,1,3
"75","","4.25.2018","100","AS",38,6,"9:57",88,"PP",70,0,3,0,0,0,0,1,0,0,0,0,"AS 100",0,4,3,1,3,0,NA,NA,NA,2,2
"76","","4.25.2018","101","LT",285,146,"",170,"PP",181,0,1,0,0,0,0,1,0,0,0,0,"LT 101",4,2,1,1,0,1,NA,NA,NA,2,3
"77","","4.25.2018","103","AS",65,53,"10:58",30,"AS",135,0,4,0,0,0,0,0,0,0,0,0,"AS 103",0,4,4,0,4,0,NA,NA,NA,1,1
"78","","4.25.2018","104","EC",32,28,"11:28",330,"EC",208,0,0,0,0,0,0,0,0,0,0,0,"EC 104",0,0,0,0,0,0,NA,NA,NA,0,1
"79","","4.25.2018","105","LT",136,36,"11:42",180,"LT",46,2,0,0,0,0,0,0,0,0,0,0,"LT 105",3,2,2,0,2,0,NA,NA,NA,1,2
"80","","4.25.2018","106","EC",38,200,"",370,"LT",122,0,0,0,0,0,0,0,0,0,0,0,"EC 106",4,0,0,0,0,0,NA,NA,NA,0,2
"81","","4.25.2018","107","EC",35,34,"12:13",230,"EC",72,1,0,2,0,0,0,0,0,0,0,0,"EC 107",1,3,3,0,2,1,NA,NA,NA,2,3
"82","","4.25.2018","108","AS",140,31,"12:31",140,"AS",46,0,1,0,0,0,0,0,0,0,0,0,"AS 108",1,1,1,0,1,0,NA,NA,NA,1,2
"83","","4.25.2018","109","LT",200,151,"12:56",120,"LT",17,1,0,0,0,0,0,0,0,0,0,0,"LT 109",1,1,1,0,1,0,NA,NA,NA,1,2
"84","","4.25.2018","110","EC",58,150,"1:13",250,"LT",74,0,0,3,0,0,0,0,0,0,0,0,"EC 110",5,3,3,0,3,0,NA,NA,NA,1,3
"85","","4.25.2018","111","EC",56,109,"1:33",810,"LT",202,0,0,0,0,0,0,0,0,0,0,0,"EC 111",2,0,0,0,0,0,NA,NA,NA,0,2
"86","","4.25.2018","113","AS",52,49,"",530,"LT",157,0,1,0,0,0,0,0,0,0,0,0,"AS 113",1,1,1,0,1,0,NA,NA,NA,1,2
"87","UP","4.25.2018","116","SD",39,41,"3:17",50,"SD",185,0,0,0,2,0,0,0,0,0,0,0,"SD 116",0,2,2,0,2,0,NA,NA,NA,1,2
"88","UP","4.25.2018","117","SM",70,42,"3:34",80,"SM",152,0,0,0,0,1,0,0,0,2,0,0,"SM 117",0,3,3,0,1,2,NA,NA,NA,2,3
"89","","4.25.2018","118","LT",195,130,"3:47",1470,"LT",30,0,0,0,0,0,0,0,0,0,0,0,"LT 118",1,0,0,0,0,0,NA,NA,NA,0,2
"90","","4.25.2018","120","AS",35,16,"4:21",160,"LT",39,1,0,0,0,0,0,0,0,0,0,0,"AS 120",0,1,1,0,0,1,NA,NA,NA,1,1
"91","","4.26.2018","123","AS",50,71,"9:47",125,"AS",194,0,1,0,0,0,0,1,0,0,0,0,"AS 123",0,2,1,1,1,0,0.0445,0.0415,0.003,2,2
"92","","4.26.2018","127","LT",190,156,"11:02",30,"AS",178,0,1,0,0,0,0,0,0,0,0,0,"LT 127",1,1,1,0,0,1,0.0445,0.0415,0.003,1,2
"93","","4.26.2018","128","AS",53,62,"11:20",0,"EC",133,0,3,1,0,0,0,0,0,0,0,0,"AS 128",5,4,4,0,3,1,0.0445,0.0415,0.003,2,3
"94","","4.26.2018","129","EC",42,11,"11:20",0,"AS",133,0,3,0,0,0,0,0,0,0,0,0,"EC 129",0,3,3,0,0,3,0.0445,0.0415,0.003,1,1
"95","","4.26.2018","131","LT",180,50,"12:02",180,"LT",46,1,0,0,0,0,0,0,0,0,0,0,"LT 131",1,1,1,0,1,0,0.0445,0.0415,0.003,1,2
"96","","4.26.2018","132","EC",64,192,"12:13",320,"AS",124,0,0,0,0,0,0,0,0,0,0,0,"EC 132",8,0,0,0,0,0,0.0445,0.0415,0.003,0,2
"97","","4.26.2018","133","LT",165,96,"12:32",450,"LT",140,0,0,0,0,0,0,0,0,0,0,0,"LT 133",0,0,0,0,0,0,0.0445,0.0415,0.003,0,1
"98","","4.26.2018","134","AS",45,47,"12:45",320,"SC",161,0,0,0,0,0,0,0,0,0,0,0,"AS 134",0,0,0,0,0,0,0.0445,0.0415,0.003,0,1
"99","","4.26.2018","135","SM",65,12,"1:01",65,"SM",158,0,1,0,0,3,0,0,0,0,0,0,"SM 135",0,4,4,0,3,1,0.0445,0.0415,0.003,2,2
"100","","4.27.2018","136","AS",48,40,"10:38",0,"SC",82,0,3,0,0,0,1,0,0,0,0,0,"AS 136",0,4,3,1,3,0,0.043,0.0385,0.0045,2,2
"101","","4.27.2018","141","AS",54,80,"11:19",200,"AS",87,0,1,0,0,0,0,0,0,0,0,0,"AS 141",2,1,1,0,1,0,0.043,0.0385,0.0045,1,2
"102","","4.27.2018","142","AS",22,155,"11:40",140,"SM",57,1,3,0,0,1,0,0,0,0,0,0,"AS 142",1,5,5,0,3,2,0.043,0.0385,0.0045,3,3
"103","","4.27.2018","143","EC",60,375,"",105,"AS",88,2,5,0,0,1,0,0,0,0,0,0,"EC 143",4,8,8,0,0,8,0.043,0.0385,0.0045,3,3
"104","","4.27.2018","145","LT",170,85,"12:09",160,"EC",178,0,1,3,0,0,0,0,0,0,0,0,"LT 145",1,4,4,0,0,4,0.043,0.0385,0.0045,2,3
"105","","4.27.2018","146","EC",58,46,"12:09",0,"LT",2,1,1,2,0,0,0,0,0,0,0,0,"EC 146",1,4,4,0,2,2,0.043,0.0385,0.0045,3,3
"106","","4.27.2018","147","EC",56,240,"12:26",30,"EC",79,2,0,1,0,0,0,0,0,0,0,0,"EC 147",10,3,3,0,1,2,0.043,0.0385,0.0045,2,3
"107","","4.27.2018","148","EC",62,225,"12:26",15,"EC",79,1,0,1,0,0,0,0,0,0,0,0,"EC 148",3,2,2,0,1,1,0.043,0.0385,0.0045,2,3
"108","","4.27.2018","149","LT",210,151,"12:47",300,"LT",94,2,0,0,0,0,0,0,0,0,0,0,"LT 149",4,2,2,0,2,0,0.043,0.0385,0.0045,1,2
"109","","4.27.2018","150","AS",53,45,"12:47",270,"AS",174,0,1,0,0,0,0,0,0,0,0,0,"AS 150",0,1,1,0,1,0,0.043,0.0385,0.0045,1,1
"110","","4.27.2018","151","LT",135,87,"1:14",70,"AS",41,1,1,1,0,0,0,0,0,0,0,0,"LT 151",3,3,3,0,1,2,0.043,0.0385,0.0045,3,3
"111","","4.27.2018","153","EC",58,92,"2:00",60,"AS",104,0,4,1,0,0,0,0,0,0,0,0,"EC 153",5,5,5,0,1,4,0.043,0.0385,0.0045,2,3
"112","","4.27.2018","154","AS",34,38,"2:00",147,"EC",136,0,1,2,0,0,0,0,0,0,0,0,"AS 154",0,3,3,0,1,2,0.043,0.0385,0.0045,2,2
"113","","4.27.2018","155","LT",130,39,"2:19",150,"LT",32,2,0,0,0,0,0,0,0,0,0,0,"LT 155",0,2,2,0,2,0,0.043,0.0385,0.0045,1,1
"114","","4.27.2018","157","AS",51,22,"2:36",125,"LT",181,0,1,0,0,0,0,0,0,0,0,0,"AS 157",0,1,1,0,1,0,0.043,0.0385,0.0045,1,1
"115","","4.27.2018","158","AS",54,30,"2:36",125,"AS",160,0,1,0,0,0,0,0,0,0,0,0,"AS 158",0,1,1,0,1,0,0.043,0.0385,0.0045,1,1
"116","","4.27.2018","159","LT",230,160,"3:00",70,"AS",161,0,2,0,0,0,0,0,0,0,0,0,"LT 159",5,2,2,0,0,2,0.043,0.0385,0.0045,1,2
"117","","4.27.2018","160","SD",53,12,"3:00",242,"SD",34,0,2,0,1,0,0,0,0,0,0,0,"SD 160",1,3,3,0,1,2,0.043,0.0385,0.0045,2,3
"118","","4.27.2018","161","SM",55,7,"3:26",710,"EL",112,0,0,0,0,0,0,0,0,0,0,0,"SM 161",0,0,0,0,0,0,0.043,0.0385,0.0045,0,1
"119","","4.27.2018","162","EL",78,18,"3:26",185,"EL",115,0,0,0,0,0,0,0,0,1,0,0,"EL 162",0,1,1,0,1,0,0.043,0.0385,0.0045,1,2
"120","","4.28.2018","163","LT",250,119,"10:21",60,"LT",173,2,0,0,0,0,0,0,0,0,0,0,"LT 163",3,2,2,0,2,0,NA,NA,NA,1,2
"121","","4.28.2018","165","AS",69,46,"10:40",270,"AS",218,0,1,0,0,0,0,0,0,0,0,0,"AS 165",0,1,1,0,1,0,NA,NA,NA,1,1
"122","","4.28.2018","166","AS",65,45,"10:40",440,"AS",178,0,0,0,0,0,0,0,0,0,0,0,"AS 166",0,0,0,0,0,0,NA,NA,NA,0,1
"123","","4.28.2018","169","LT",185,69,"11:16",135,"LT",26,1,1,0,0,0,0,0,0,0,0,0,"LT 169",3,2,2,0,1,1,NA,NA,NA,2,2
"124","","4.28.2018","170","AS",47,85,"11:16",125,"LT",21,2,1,0,0,0,0,0,0,0,0,0,"AS 170",0,3,3,0,1,2,NA,NA,NA,2,1
"125","","4.28.2018","171","AS",43,11,"11:38",20,"LT",201,0,2,0,0,0,0,0,0,0,0,0,"AS 171",0,2,2,0,2,0,NA,NA,NA,1,1
"126","","4.28.2018","172","EC",49,225,"11:38",149,"SC",176,0,0,0,0,0,1,0,0,0,0,0,"EC 172",2,1,0,1,0,0,NA,NA,NA,1,3
"127","","4.28.2018","173","LT",165,112,"11:57",570,"LT",166,0,0,0,0,0,0,0,0,0,0,0,"LT 173",4,0,0,0,0,0,NA,NA,NA,0,2
"128","","4.28.2018","174","LT",122,105,"11:57",179,"SC",166,0,0,0,0,0,1,0,0,0,0,0,"LT 174",0,1,0,1,0,0,NA,NA,NA,1,2
"129","","4.28.2018","176","AS",37,24,"12:14",0,"SC",106,0,1,0,0,0,1,0,0,0,0,0,"AS 176",1,2,1,1,1,0,NA,NA,NA,2,3
"130","","4.28.2018","177","AS",68,130,"12:14",74,"AS",111,0,6,0,0,0,0,0,0,0,0,0,"AS 177",1,6,6,0,6,0,NA,NA,NA,1,2
"131","","4.28.2018","179","EC",30,175,"12:37",10,"LT",3,4,0,0,0,0,0,0,0,0,0,0,"EC 179",0,4,4,0,0,4,NA,NA,NA,1,1
"132","","4.28.2018","182","LT",220,177,"1:49",270,"PP",146,0,0,0,0,0,0,1,0,0,0,0,"LT 182",3,1,0,1,0,0,NA,NA,NA,1,3
"133","","4.28.2018","183","SM",100,22,"2:05",30,"SM",201,0,0,0,0,12,0,0,0,0,0,0,"SM 183",2,12,12,0,12,0,NA,NA,NA,1,3
"134","","4.28.2018","183.1","AS",49,52,"1:49",39,"AS",130,0,3,0,0,0,0,0,0,0,0,0,"AS 183.1",0,3,3,0,3,0,NA,NA,NA,1,1
"135","","4.28.2018","185","AS",56,14,"2:22",190,"AS",51,0,1,0,0,0,0,0,0,0,0,0,"AS 185",1,1,1,0,1,0,NA,NA,NA,1,2
"136","","4.28.2018","187","EC",50,190,"2:41",0,"AS",39,1,3,2,0,0,0,0,0,0,0,0,"EC 187",0,6,6,0,2,4,NA,NA,NA,3,2
"137","","4.28.2018","188","AS",81,80,"2:42",167,"SC",67,0,1,0,0,0,1,0,0,0,0,0,"AS 188",0,2,1,1,1,0,NA,NA,NA,2,2
"138","","4.28.2018","189","EC",60,130,"2:58",30,"LT",93,1,0,2,0,0,0,0,0,0,0,0,"EC 189",0,3,3,0,2,1,NA,NA,NA,2,2
"139","","4.28.2018","190","EC",43,110,"2:58",20,"LT",53,1,1,0,0,0,0,0,0,0,0,0,"EC 190",1,2,2,0,0,2,NA,NA,NA,2,2
"140","","4.28.2018","191","EC",60,58,"3:16",80,"LT",200,1,0,0,0,0,0,0,0,0,0,0,"EC 191",1,1,1,0,0,1,NA,NA,NA,1,2
"141","","4.28.2018","192","EC",53,360,"3:16",95,"EC",113,1,0,2,0,0,0,0,0,0,0,0,"EC 192",2,3,3,0,2,1,NA,NA,NA,2,3
"142","","4.28.2018","193","LT",205,89,"3:35",100,"LT",10,1,1,0,0,0,0,0,0,0,0,0,"LT 193",1,2,2,0,1,1,NA,NA,NA,2,2
"143","","4.28.2018","195","SD",78,23,"3:58",120,"SM",59,0,0,0,0,1,0,0,0,0,0,0,"SD 195",1,1,1,0,0,1,NA,NA,NA,1,3
"144","","4.30.2018","197","AS",48,36,"10:56",65,"AS",138,0,6,0,0,0,0,0,0,0,0,0,"AS 197",0,6,6,0,6,0,0.035,0.0315,0.0035,1,1
"145","","4.30.2018","199","LT",185,55,"11:17",65,"AS",142,0,1,0,0,0,1,0,0,0,0,0,"LT 199",5,2,1,1,0,1,0.035,0.0315,0.0035,2,3
"146","","4.30.2018","200","AS",42,39,"11:17",83,"AS",128,0,3,0,0,0,0,0,0,0,0,0,"AS 200",0,3,3,0,3,0,0.035,0.0315,0.0035,1,1
"147","","4.30.2018","201","SM",80,20,"11:32",30,"SM",206,0,0,0,0,11,0,0,0,0,0,1,"SM 201",0,12,12,0,11,1,0.035,0.0315,0.0035,2,3
"148","","4.30.2018","203","BW",61,150,"11:49",133,"SC",98,0,1,0,0,0,1,0,0,0,0,0,"BW 203",0,2,1,1,0,1,0.035,0.0315,0.0035,2,2
"149","","4.30.2018","204","AS",66,12,"11:49",40,"AS",103,0,2,0,0,0,0,0,0,0,0,0,"AS 204",0,2,2,0,2,0,0.035,0.0315,0.0035,1,1
"150","","4.30.2018","205","AS",68,29,"11:49",40,"AS",105,0,2,0,0,0,0,0,0,0,0,0,"AS 205",0,2,2,0,2,0,0.035,0.0315,0.0035,1,1
"151","","4.30.2018","206","EC",54,90,"12:06",2,"EC",149,0,0,3,0,0,0,0,0,0,0,0,"EC 206",1,3,3,0,3,0,0.035,0.0315,0.0035,1,3
"152","","4.30.2018","209","SM",65,32,"12:22",30,"SM",107,0,1,1,0,9,0,0,0,0,0,0,"SM 209",4,11,11,0,9,2,0.035,0.0315,0.0035,3,4
"153","","4.30.2018","211","LT",275,165,"12:43",0,"AS",99,0,2,0,0,0,1,0,0,0,0,0,"LT 211",2,3,2,1,0,2,0.035,0.0315,0.0035,2,3
"154","","4.30.2018","212","AS",54,80,"1:21",38,"AS",145,2,4,0,0,0,0,0,0,0,0,0,"AS 212",1,6,6,0,4,2,0.035,0.0315,0.0035,2,2
"155","","4.30.2018","214","LT",90,10,"1:38",0,"EC",96,0,3,1,0,0,0,0,0,0,0,0,"LT 214",0,4,4,0,0,4,0.035,0.0315,0.0035,2,2
"156","","4.30.2018","215","EC",49,34,"1:38",0,"LT",2,1,3,0,0,0,0,0,0,0,0,0,"EC 215",1,4,4,0,0,4,0.035,0.0315,0.0035,2,2
"157","","4.30.2018","216","AS",52,145,"1:38",10,"AS",17,2,3,1,0,0,0,0,0,0,0,0,"AS 216",1,6,6,0,3,3,0.035,0.0315,0.0035,3,3
"158","","4.30.2018","217","AS",43,100,"1:38",10,"AS",19,2,0,1,0,0,0,0,0,0,0,0,"AS 217",0,3,3,0,0,3,0.035,0.0315,0.0035,2,2
"159","","4.30.2018","218","EC",64,115,"1:54",53,"AS",141,0,4,0,0,0,0,0,0,0,0,0,"EC 218",2,4,4,0,0,4,0.035,0.0315,0.0035,1,2
"160","","4.30.2018","219","LT",210,77,"1:54",55,"AS",133,0,2,1,0,0,0,0,0,0,0,0,"LT 219",1,3,3,0,0,3,0.035,0.0315,0.0035,2,3
"161","","4.30.2018","220","AS",63,165,"2:09",38,"AS",156,0,1,0,0,0,0,0,0,0,0,0,"AS 220",1,1,1,0,1,0,0.035,0.0315,0.0035,1,2
"162","","4.30.2018","221","LT",120,58,"2:09",70,"LT",190,1,0,0,0,0,0,0,0,0,0,0,"LT 221",0,1,1,0,1,0,0.035,0.0315,0.0035,1,1
"163","","4.30.2018","222","EC",43,60,"2:24",210,"EC",192,0,0,2,0,0,0,0,0,0,0,0,"EC 222",2,2,2,0,2,0,0.035,0.0315,0.0035,1,3
"164","","4.30.2018","223","EC",65,120,"2:29",135,"EC",167,0,0,2,0,0,0,0,0,0,0,0,"EC 223",0,2,2,0,2,0,0.035,0.0315,0.0035,1,2
"165","","4.30.2018","225","LT",195,70,"2:46",0,"LT",2,2,0,0,0,0,1,0,0,0,0,0,"LT 225",0,3,2,1,2,0,0.035,0.0315,0.0035,2,2
"166","","4.30.2018","226","AS",58,160,"3:01",93,"AS",139,0,1,0,0,0,1,0,0,0,0,0,"AS 226",0,2,1,1,1,0,0.035,0.0315,0.0035,2,2
"167","","4.30.2018","227","EC",50,240,"3:01",95,"AS",140,0,1,1,0,0,0,0,0,0,0,0,"EC 227",2,2,2,0,1,1,0.035,0.0315,0.0035,2,3
"168","","4.30.2018","229","LT",103,120,"3:17",13,"SC",38,2,0,0,0,0,1,0,0,0,0,0,"LT 229",0,3,2,1,2,0,0.035,0.0315,0.0035,2,2
"169","","4.30.2018","230","EC",49,200,"3:17",20,"AS",91,0,1,0,0,0,0,0,0,0,0,0,"EC 230",2,1,1,0,0,1,0.035,0.0315,0.0035,1,2
"170","","4.30.2018","231","AS",49,18,"3:17",20,"EC",83,0,0,2,0,0,0,0,0,0,0,0,"AS 231",0,2,2,0,0,2,0.035,0.0315,0.0035,1,2
"171","","4.30.2018","235","BW",34,4,"3:55",45,"AS",176,0,2,0,0,0,0,0,0,0,0,0,"BW 235",1,2,2,0,0,2,0.035,0.0315,0.0035,1,2
"172","","5.3.2018","237","SM",70,27,"9:59",30,"EL",92,0,0,0,0,0,0,0,0,1,0,0,"SM 237",0,1,1,0,0,1,0.0385,0.0335,0.005,1,2
"173","","5.3.2018","239","EC",36,15,"10:23",425,"SC",219,0,0,0,0,0,0,0,0,0,0,0,"EC 239",0,0,0,0,0,0,0.0385,0.0335,0.005,0,1
"174","","5.3.2018","240","LT",230,84,"10:46",210,"AS",155,0,1,0,0,0,0,0,0,0,0,0,"LT 240",2,1,1,0,0,1,0.0385,0.0335,0.005,1,2
"175","","5.3.2018","241","EC",53,41,"10:59",95,"EC",204,0,0,1,0,0,0,0,0,0,0,0,"EC 241",0,1,1,0,1,0,0.0385,0.0335,0.005,1,2
"176","","5.3.2018","242","LT",145,49,"11:14",170,"LT",41,1,0,0,0,0,0,0,0,0,0,0,"LT 242",7,1,1,0,1,0,0.0385,0.0335,0.005,1,2
"177","","5.3.2018","243","BW",45,2,"11:28",350,"LT",113,0,0,0,0,0,0,0,0,0,0,0,"BW 243",0,0,0,0,0,0,0.0385,0.0335,0.005,0,1
"178","","5.3.2018","245","AS",55,49,"11:55",670,"LT",184,0,0,0,0,0,0,0,0,0,0,0,"AS 245",1,0,0,0,0,0,0.0385,0.0335,0.005,0,2
"179","","5.3.2018","247","AS",55,89,"12:46",140,"AS",132,0,1,0,0,0,1,0,0,0,0,0,"AS 247",1,2,1,1,1,0,0.0385,0.0335,0.005,2,3
"180","","5.3.2018","249","AS",62,31,"1:19",70,"AS",97,1,2,0,0,0,0,0,0,0,0,0,"AS 249",0,3,3,0,2,1,0.0385,0.0335,0.005,2,1
"181","","5.3.2018","250","LT",225,320,"1:32",0,"AS",120,0,2,0,0,0,0,0,0,0,0,0,"LT 250",1,2,2,0,0,2,0.0385,0.0335,0.005,1,2
"182","","5.3.2018","251","AS",45,39,"1:47",365,"AS",169,0,0,0,0,0,0,0,0,0,0,0,"AS 251",2,0,0,0,0,0,0.0385,0.0335,0.005,0,2
"183","","5.3.2018","252","EC",36,42,"2:05",160,"EC",134,0,0,1,0,0,0,0,0,0,0,0,"EC 252",1,1,1,0,1,0,0.0385,0.0335,0.005,1,3
"184","","5.3.2018","253","SD",45,12,"2:22",260,"SD",143,0,0,0,1,0,0,0,0,0,0,0,"SD 253",1,1,1,0,1,0,0.0385,0.0335,0.005,1,3
"185","","5.3.2018","254","BW",49,6,"2:38",180,"SD",125,0,0,0,1,0,0,0,0,0,0,0,"BW 254",1,1,1,0,0,1,0.0385,0.0335,0.005,1,3
"186","","5.3.2018","255","SD",75,26,"2:50",180,"BW",112,0,0,0,0,0,0,0,0,0,0,1,"SD 255",0,1,1,0,0,1,0.0385,0.0335,0.005,1,2
"187","","5.3.2018","257","SD",40,19,"3:18",320,"SD",118,0,0,0,0,0,0,0,0,0,0,0,"SD 257",0,0,0,0,0,0,0.0385,0.0335,0.005,0,1
"188","","5.3.2018","258","EC",75,73,"3:33",320,"EC",155,0,0,1,0,0,0,0,0,0,0,0,"EC 258",0,1,1,0,1,0,0.0385,0.0335,0.005,1,2
"189","","5.3.2018","259","LT",215,93,"3:49",245,"EC",117,0,0,1,0,0,0,0,0,0,0,0,"LT 259",0,1,1,0,0,1,0.0385,0.0335,0.005,1,2
"190","","5.3.2018","260","BW",30,5,"4:02",140,"AS",184,0,1,0,0,0,0,0,0,0,0,0,"BW 260",0,1,1,0,0,1,0.0385,0.0335,0.005,1,1
"191","","5.4.2018","261","AS",40,41,"9:41",335,"AS",55,0,0,0,0,0,0,0,0,0,0,0,"AS 261",0,0,0,0,0,0,0.0335,0.031,0.0025,0,1
"192","","5.4.2018","262","SM",90,31,"9:59",45,"SM",48,0,0,0,0,4,0,0,0,0,0,0,"SM 262",4,4,4,0,4,0,0.0335,0.031,0.0025,1,3
"193","","5.4.2018","263","BW",55,62,"10:22",210,"SC",58,0,0,0,0,0,1,0,0,0,0,0,"BW 263",1,1,0,1,0,0,0.0335,0.031,0.0025,1,3
"194","","5.4.2018","264","EC",48,43,"10:38",90,"EC",194,0,0,2,0,0,0,0,0,0,0,0,"EC 264",1,2,2,0,2,0,0.0335,0.031,0.0025,1,3
"195","","5.4.2018","265","LT",150,146,"10:55",155,"LT",35,1,0,0,0,0,0,0,0,0,0,0,"LT 265",3,1,1,0,1,0,0.0335,0.031,0.0025,1,2
"196","","5.4.2018","267","AS",34,25,"11:18",300,"LT",94,1,0,0,0,0,0,0,0,0,0,0,"AS 267",0,1,1,0,0,1,0.0335,0.031,0.0025,1,1
"197","","5.4.2018","270","AS",50,24,"12:06",35,"SC",124,0,0,0,0,0,1,0,0,0,0,0,"AS 270",1,1,0,1,0,0,0.0335,0.031,0.0025,1,3
"198","","5.4.2018","271","LT",230,312,"12:17",0,"LT",2,1,0,0,0,0,0,0,0,0,0,0,"LT 271",6,1,1,0,1,0,0.0335,0.031,0.0025,1,2
"199","","5.4.2018","273","AS",53,34,"1:18",430,"AS",80,0,0,0,0,0,0,0,0,0,0,0,"AS 273",4,0,0,0,0,0,0.0335,0.031,0.0025,0,2
"200","","5.4.2018","275","LT",275,351,"1:50",360,"AS",202,0,0,0,0,0,0,0,0,0,0,0,"LT 275",9,0,0,0,0,0,0.0335,0.031,0.0025,0,2
"201","","5.4.2018","276","LT",155,105,"2:10",410,"LT",132,0,0,0,0,0,0,0,0,0,0,0,"LT 276",5,0,0,0,0,0,0.0335,0.031,0.0025,0,2
"202","","5.4.2018","277","AS",50,51,"2:23",120,"AS",181,0,3,0,0,0,0,0,0,0,0,0,"AS 277",4,3,3,0,3,0,0.0335,0.031,0.0025,1,2
"203","","5.4.2018","278","LT",145,63,"2:42",30,"SC",154,0,0,0,0,0,0,0,0,0,0,0,"LT 278",0,0,0,0,0,0,0.0335,0.031,0.0025,0,1
"204","","5.4.2018","279","EC",45,23,"2:57",220,"LT",63,1,1,0,0,0,0,0,0,0,0,0,"EC 279",0,2,2,0,0,2,0.0335,0.031,0.0025,2,1
"205","","5.4.2018","280","EC",58,26,"3:18",280,"SC",183,0,0,0,0,0,2,0,0,0,0,0,"EC 280",1,2,0,2,0,0,0.0335,0.031,0.0025,1,3
"206","","5.4.2018","281","EC",46,95,"3:30",120,"LT",17,1,0,1,0,0,0,0,0,0,0,0,"EC 281",2,2,2,0,1,1,0.0335,0.031,0.0025,2,3
"207","","5.4.2018","283","AS",50,68,"3:56",30,"AS",210,1,0,0,0,0,0,0,0,0,0,0,"AS 283",5,1,1,0,0,1,0.0335,0.031,0.0025,1,2
"208","","5.4.2018","284","AS",36,14,"3:56",30,"AS",10,1,0,0,0,0,0,0,0,0,0,0,"AS 284",0,1,1,0,0,1,0.0335,0.031,0.0025,1,1
"209","","5.4.2018","286","LT",185,93,"4:22",10,"SC",181,0,0,0,0,0,1,0,0,0,0,0,"LT 286",4,1,0,1,0,0,0.0335,0.031,0.0025,1,3
"210","","5.5.2018","287","AS",48,28,"10:10",60,"AS",44,1,2,0,0,0,1,0,0,0,0,0,"AS 287",1,4,3,1,2,1,0.033,0.0265,0.0065,3,3
"211","","5.5.2018","289","AS",44,12,"10:29",0,"SC",132,0,1,0,0,0,1,0,0,0,0,0,"AS 289",0,2,1,1,1,0,0.033,0.0265,0.0065,2,2
"212","","5.5.2018","290","LT",150,125,"10:40",140,"AS",54,1,2,0,0,0,0,0,0,0,0,0,"LT 290",0,3,3,0,1,2,0.033,0.0265,0.0065,2,1
"213","","5.5.2018","291","AS",63,41,"10:58",290,"AS",184,0,1,0,0,0,0,0,0,0,0,0,"AS 291",0,1,1,0,1,0,0.033,0.0265,0.0065,1,1
"214","","5.5.2018","293","EC",25,11,"11:30",100,"AS",26,1,1,0,0,0,0,0,0,0,0,0,"EC 293",0,2,2,0,0,2,0.033,0.0265,0.0065,2,1
"215","","5.5.2018","294","LT",150,123,"11:48",30,"LT",93,3,0,0,0,0,0,0,0,0,0,0,"LT 294",2,3,3,0,3,0,0.033,0.0265,0.0065,1,2
"216","","5.5.2018","295","LT",310,343,"12:17",0,"LT",2,2,0,0,0,0,0,0,0,0,0,0,"LT 295",7,2,2,0,2,0,0.033,0.0265,0.0065,1,2
"217","","5.5.2018","297","AS",49,21,"1:15",135,"LT",26,1,1,0,0,0,0,0,0,0,0,0,"AS 297",0,2,2,0,1,1,0.033,0.0265,0.0065,2,1
"218","","5.5.2018","299","AS",33,33,"1:29",0,"SC",129,0,0,0,0,0,2,0,0,0,0,0,"AS 299",1,2,0,2,0,0,0.033,0.0265,0.0065,1,3
"219","","5.5.2018","300","BW",45,4,"1:45",185,"AS",73,0,3,0,0,0,0,0,0,0,0,0,"BW 300",1,3,3,0,0,3,0.033,0.0265,0.0065,1,2
"220","","5.5.2018","301","BW",50,39,"1:59",110,"BW",109,0,0,0,0,0,0,0,0,0,0,1,"BW 301",7,1,1,0,1,0,0.033,0.0265,0.0065,1,3
"221","","5.5.2018","302","LT",105,49,"2:19",150,"LT",32,1,1,0,0,0,1,0,0,0,0,0,"LT 302",0,3,2,1,1,1,0.033,0.0265,0.0065,3,2
"222","","5.5.2018","304","AS",41,16,"2:34",0,"SC",94,1,2,0,0,0,1,0,0,0,0,0,"AS 304",0,4,3,1,2,1,0.033,0.0265,0.0065,3,2
"223","","5.5.2018","305","BW",48,20,"2:51",45,"BW",11,0,0,0,0,1,0,0,0,0,0,2,"BW 305",3,3,3,0,2,1,0.033,0.0265,0.0065,2,4
"224","","5.5.2018","306","LT",145,47,"3:12",490,"LT",148,0,0,0,0,0,0,0,0,0,0,0,"LT 306",1,0,0,0,0,0,0.033,0.0265,0.0065,0,2
"225","","5.5.2018","307","EC",52,87,"3:28",50,"AS",166,0,1,0,0,0,2,0,0,0,0,0,"EC 307",0,3,1,2,0,1,0.033,0.0265,0.0065,2,2
"226","","5.5.2018","308","BW",30,4,"3:47",230,"LT",65,1,1,0,0,0,0,0,0,0,0,0,"BW 308",0,2,2,0,0,2,0.033,0.0265,0.0065,2,1
"227","","5.5.2018","309","LT",140,38,"4:00",120,"LT",17,1,1,0,0,0,0,0,0,0,0,1,"LT 309",0,3,3,0,1,2,0.033,0.0265,0.0065,3,2
"228","","5.5.2018","310","BW",52,19,"4:13",300,"LT",94,0,2,0,0,0,0,0,0,0,0,0,"BW 310",4,2,2,0,0,2,0.033,0.0265,0.0065,1,2
"229","","5.6.2018","313","AS",40,43,"10:50",450,"AS",56,0,0,0,0,0,0,0,0,0,0,0,"AS 313",0,0,0,0,0,0,0.0265,0.024,0.0025,0,1
"230","","5.6.2018","315","LT",155,170,"11:20",100,"SC",180,0,0,0,0,0,1,0,0,0,0,0,"LT 315",3,1,0,1,0,0,0.0265,0.024,0.0025,1,3
"231","","5.6.2018","316","AS",56,79,"11:37",95,"AS",74,1,1,0,0,0,0,0,0,0,0,0,"AS 316",2,2,2,0,1,1,0.0265,0.024,0.0025,2,2
"232","","5.6.2018","317","AS",40,55,"11:37",95,"AS",117,0,6,0,0,0,0,0,0,0,0,0,"AS 317",0,6,6,0,6,0,0.0265,0.024,0.0025,1,1
"233","","5.6.2018","318","BW",46,4,"11:53",365,"LT",120,0,0,0,0,0,0,0,0,0,0,0,"BW 318",0,0,0,0,0,0,0.0265,0.024,0.0025,0,1
"234","","5.6.2018","319","LT",240,209,"12:06",170,"LT",41,2,0,0,0,0,0,0,0,0,0,0,"LT 319",2,2,2,0,2,0,0.0265,0.024,0.0025,1,2
"235","","5.6.2018","320","BW",48,8,"12:24",350,"BW",186,0,0,0,0,0,0,0,0,0,0,0,"BW 320",5,0,0,0,0,0,0.0265,0.024,0.0025,0,2
"236","","5.6.2018","321","LT",140,110,"12:42",990,"LT",219,0,0,0,0,0,0,0,0,0,0,0,"LT 321",0,0,0,0,0,0,0.0265,0.024,0.0025,0,1
"237","","5.6.2018","323","AS",49,85,"1:13",105,"AS",14,3,1,0,0,0,0,0,0,0,0,0,"AS 323",3,4,4,0,1,3,0.0265,0.024,0.0025,2,2
"238","","5.6.2018","324","AS",45,36,"1:52",270,"AS",86,1,1,0,0,0,0,0,0,0,0,0,"AS 324",0,2,2,0,1,1,0.0265,0.024,0.0025,2,1
"239","","5.6.2018","325","LT",200,173,"2:04",160,"AS",200,0,2,0,0,0,0,0,0,0,0,0,"LT 325",1,2,2,0,0,2,0.0265,0.024,0.0025,1,2
"240","","5.6.2018","327","AS",62,38,"2:38",160,"SC",220,0,0,0,0,0,1,0,0,0,0,0,"AS 327",1,1,0,1,0,0,0.0265,0.024,0.0025,1,3
"241","","5.6.2018","329","BW",46,10,"3:11",65,"AS",204,0,1,0,0,0,0,0,0,0,0,1,"BW 329",0,2,2,0,1,1,0.0265,0.024,0.0025,2,2
"242","","5.6.2018","330","AS",59,24,"3:11",65,"BW",197,0,0,0,0,0,0,0,0,0,0,2,"AS 330",0,2,2,0,0,2,0.0265,0.024,0.0025,1,2
"243","","5.6.2018","331","BW",38,4,"3:26",200,"LT",54,0,1,0,0,0,0,0,0,0,0,1,"BW 331",0,2,2,0,1,1,0.0265,0.024,0.0025,2,2
"244","","5.6.2018","332","LT",245,111,"3:38",370,"LT",122,0,0,0,0,0,0,0,0,0,0,0,"LT 332",0,0,0,0,0,0,0.0265,0.024,0.0025,0,1
"245","","5.6.2018","333","BW",50,4,"3:53",200,"AS",65,1,1,0,0,0,0,0,0,0,0,0,"BW 333",0,2,2,0,0,2,0.0265,0.024,0.0025,2,1
"246","","5.6.2018","334","EC",32,90,"4:05",300,"SC",198,0,0,0,0,0,1,0,0,0,0,0,"EC 334",0,1,0,1,0,0,0.0265,0.024,0.0025,1,2
"247","","5.7.2018","336","BW",37,8,"10:04",285,"AS",165,0,2,0,0,0,0,0,0,0,0,0,"BW 336",3,2,2,0,0,2,0.03,0.0245,0.0055,1,2
"248","","5.7.2018","337","AS",54,26,"10:15",56,"AS",133,0,1,0,0,0,0,0,0,0,0,0,"AS 337",2,1,1,0,1,0,0.03,0.0245,0.0055,1,2
"249","","5.7.2018","338","BW",44,23,"10:28",100,"AS",198,0,2,0,0,0,0,0,0,0,0,1,"BW 338",17,3,3,0,1,2,0.03,0.0245,0.0055,2,3
"250","","5.7.2018","339","LT",210,210,"10:52",160,"AS",79,1,1,0,0,0,0,0,0,0,0,0,"LT 339",3,2,2,0,1,1,0.03,0.0245,0.0055,2,2
"251","","5.7.2018","340","BW",33,5,"11:07",70,"BW",108,0,0,0,0,0,0,0,0,0,0,3,"BW 340",6,3,3,0,3,0,0.03,0.0245,0.0055,1,3
"252","","5.7.2018","342","AS",39,27,"11:38",135,"AS",129,0,3,0,0,0,0,0,0,0,0,0,"AS 342",1,3,3,0,3,0,0.03,0.0245,0.0055,1,2
"253","","5.7.2018","344","AS",64,60,"12:12",130,"AS",140,0,3,0,0,0,0,0,0,0,0,0,"AS 344",1,3,3,0,3,0,0.03,0.0245,0.0055,1,2
"254","","5.7.2018","345","LT",200,229,"12:50",125,"AS",194,0,1,0,0,0,0,0,0,0,0,0,"LT 345",1,1,1,0,0,1,0.03,0.0245,0.0055,1,2
"255","","5.7.2018","346","AS",69,56,"1:06",90,"AS",146,0,2,0,0,0,0,0,0,0,0,0,"AS 346",2,2,2,0,2,0,0.03,0.0245,0.0055,1,2
"256","","5.7.2018","347","AS",40,10,"1:06",90,"AS",177,0,2,0,0,0,0,0,0,0,0,0,"AS 347",0,2,2,0,2,0,0.03,0.0245,0.0055,1,1
"257","","5.7.2018","349","LT",280,170,"1:39",400,"LT",129,0,0,0,0,0,0,0,0,0,0,0,"LT 349",1,0,0,0,0,0,0.03,0.0245,0.0055,0,2
"258","","5.7.2018","352","BW",50,9,"2:34",20,"LT",53,1,2,0,0,0,0,0,0,0,0,0,"BW 352",1,3,3,0,0,3,0.03,0.0245,0.0055,2,2
"259","","5.7.2018","353","LT",250,153,"2:49",20,"BW",96,0,1,0,0,0,0,0,0,0,0,1,"LT 353",0,2,2,0,0,2,0.03,0.0245,0.0055,2,2
"260","","5.7.2018","354","BW",36,7,"3:02",35,"BW",69,1,0,0,0,0,0,0,0,0,0,2,"BW 354",3,3,3,0,2,1,0.03,0.0245,0.0055,2,3
"261","","5.7.2018","355","BW",39,4,"3:02",35,"BW",74,1,0,0,0,0,0,0,0,0,0,2,"BW 355",2,3,3,0,2,1,0.03,0.0245,0.0055,2,3
"262","","5.7.2018","357","LT",270,154,"3:37",405,"LT",131,0,0,0,0,0,0,0,0,0,0,0,"LT 357",1,0,0,0,0,0,0.03,0.0245,0.0055,0,2
"263","","5.7.2018","358","AS",46,46,"3:49",135,"AS",35,2,1,0,0,0,0,0,0,0,0,0,"AS 358",0,3,3,0,1,2,0.03,0.0245,0.0055,2,1
"264","","5.7.2018","360","LT",230,61,"4:20",240,"SC",164,0,0,0,0,0,1,0,0,0,0,0,"LT 360",0,1,0,1,0,0,0.03,0.0245,0.0055,1,2
"265","","5.8.2018","361","AS",54,43,"9:55",125,"AS",25,0,2,0,0,0,0,0,0,0,0,0,"AS 361",5,2,2,0,2,0,0.0275,0.026,0.0015,1,2
"266","","5.8.2018","362","BW",36,8,"10:15",250,"SC",170,0,0,0,0,0,1,0,0,0,0,0,"BW 362",0,1,0,1,0,0,0.0275,0.026,0.0015,1,2
"267","","5.8.2018","365","BW",46,13,"10:44",235,"LT",68,1,0,0,0,0,0,0,0,0,0,0,"BW 365",4,1,1,0,0,1,0.0275,0.026,0.0015,1,2
"268","","5.8.2018","366","LT",225,175,"10:59",130,"LT",24,0,0,0,0,0,1,0,0,0,0,5,"LT 366",5,6,5,1,0,5,0.0275,0.026,0.0015,2,4
"269","","5.8.2018","367","BW",54,19,"11:16",25,"SC",129,0,0,0,0,0,0,0,0,0,0,6,"BW 367",3,6,6,0,6,0,0.0275,0.026,0.0015,1,3
"270","","5.8.2018","369","AS",69,81,"11:31",105,"LT",8,1,1,0,0,0,0,0,0,0,0,1,"AS 369",2,3,3,0,1,2,0.0275,0.026,0.0015,3,3
"271","","5.8.2018","370","LT",270,301,"11:44",105,"AS",32,2,2,0,0,0,0,0,0,0,0,0,"LT 370",2,4,4,0,2,2,0.0275,0.026,0.0015,2,2
"272","","5.8.2018","371","AS",59,35,"12:04",95,"AS",69,1,1,0,0,0,0,0,0,0,0,0,"AS 371",3,2,2,0,1,1,0.0275,0.026,0.0015,2,2
"273","","5.8.2018","372","AS",56,63,"12:04",95,"AS",39,1,1,0,0,0,0,0,0,0,0,0,"AS 372",3,2,2,0,1,1,0.0275,0.026,0.0015,2,2
"274","","5.8.2018","373","LT",135,87,"12:48",155,"AS",150,0,1,0,0,0,0,0,0,0,0,0,"LT 373",0,1,1,0,0,1,0.0275,0.026,0.0015,1,1
"275","","5.8.2018","375","BW",53,20,"1:24",340,"LT",110,0,0,0,0,0,0,0,0,0,0,0,"BW 375",6,0,0,0,0,0,0.0275,0.026,0.0015,0,2
"276","","5.8.2018","376","EC",55,20,"1:36",290,"LT",90,1,0,0,0,0,0,0,0,0,0,0,"EC 376",1,1,1,0,0,1,0.0275,0.026,0.0015,1,2
"277","","5.8.2018","377","LT",177,122,"1:49",140,"LT",28,1,0,1,0,0,0,0,0,0,0,0,"LT 377",1,2,2,0,1,1,0.0275,0.026,0.0015,2,3
"278","","5.8.2018","378","BW",42,16,"2:12",110,"LT",10,1,0,0,0,0,0,0,0,0,0,2,"BW 378",4,3,3,0,2,1,0.0275,0.026,0.0015,2,3
"279","","5.8.2018","379","BW",54,27,"2:32",265,"LT",81,1,0,0,0,0,0,0,0,0,0,1,"BW 379",2,2,2,0,1,1,0.0275,0.026,0.0015,2,3
"280","","5.8.2018","380","AS",48,25,"2:51",240,"LT",69,1,0,0,0,0,0,0,0,0,0,0,"AS 380",2,1,1,0,0,1,0.0275,0.026,0.0015,1,2
"281","","5.8.2018","381","AS",56,62,"3:08",160,"AS",39,1,3,0,0,0,0,0,0,0,0,0,"AS 381",2,4,4,0,3,1,0.0275,0.026,0.0015,2,2
"282","","5.8.2018","384","LT",195,380,"3:48",0,"LT",2,1,1,0,0,0,1,0,0,0,0,0,"LT 384",5,3,2,1,1,1,0.0275,0.026,0.0015,3,3
"283","","5.9.2018","386","AS",58,31,"9:47",350,"LT",113,0,0,0,0,0,0,0,0,0,0,0,"AS 386",0,0,0,0,0,0,NA,NA,NA,0,1
"284","","5.9.2018","387","LT",155,94,"10:02",225,"AS",194,0,1,0,0,0,0,0,0,0,0,0,"LT 387",0,1,1,0,0,1,NA,NA,NA,1,1
"285","","5.9.2018","388","BW",39,3,"10:16",115,"AS",179,0,1,0,0,0,0,0,0,0,0,0,"BW 388",0,1,1,0,0,1,NA,NA,NA,1,1
"286","","5.9.2018","389","AS",40,13,"10:16",115,"BW",154,0,0,0,0,0,0,0,0,0,0,1,"AS 389",0,1,1,0,0,1,NA,NA,NA,1,2
"287","","5.9.2018","390","AS",33,31,"10:39",660,"AS",216,0,0,0,0,0,0,0,0,0,0,0,"AS 390",0,0,0,0,0,0,NA,NA,NA,0,1
"288","","5.9.2018","391","LT",220,198,"10:58",50,"LT",151,0,0,0,0,0,0,0,0,0,0,0,"LT 391",0,0,0,0,0,0,NA,NA,NA,0,1
"289","","5.9.2018","392","BW",34,5,"11:14",75,"BW",182,0,0,0,0,0,0,0,0,0,0,1,"BW 392",0,1,1,0,1,0,NA,NA,NA,1,2
"290","","5.9.2018","393","LT",210,465,"11:30",470,"BW",147,0,0,0,0,0,0,0,0,0,0,0,"LT 393",0,0,0,0,0,0,NA,NA,NA,0,1
"291","","5.9.2018","394","BW",41,6,"11:42",315,"LT",102,0,0,0,0,0,0,0,0,0,0,0,"BW 394",0,0,0,0,0,0,NA,NA,NA,0,1
"292","","5.9.2018","395","LT",62,40,"11:56",250,"BW",188,0,0,0,0,0,0,0,0,0,0,3,"LT 395",0,3,3,0,0,3,NA,NA,NA,1,2
