"","Site","Date","Waypoint","Species","Height","N.flowers","Time","NN","NN.id","dist.lar","LT","AS","EC","SD","SM","SC","PP","HH","EL","LOTUS","BW","uniID","Quantity","density","shrub.density","cactus.density","con.density","het.density","site.density","site.shrub.density","site.cactus.density","S"
"1","low","4.21.2018","1","PP",20,5,"",450,"AS",67,0,0,0,0,0,0,0,0,0,0,0,"PP 1",0,0,0,0,0,0,0.0194444444444444,0.0194444444444444,0,0
"2","low","4.21.2018","2","PP",19,11,"",1110,"HH",18,0,0,0,0,0,0,0,0,0,0,0,"PP 2",4,0,0,0,0,0,0.0194444444444444,0.0194444444444444,0,0
"3","low","4.21.2018","3","LT",185,45,"",95,"LT",215,1,0,0,0,0,0,0,1,0,0,0,"LT 3",3,2,1,1,1,1,0.0194444444444444,0.0194444444444444,0,2
"4","low","4.21.2018","4","HH",25,2,"",275,"LT",83,0,0,0,0,0,0,0,0,0,0,0,"HH 4",2,0,0,0,0,0,0.0194444444444444,0.0194444444444444,0,0
"5","low","4.21.2018","5","LT",175,72,"",160,"LT",39,2,0,0,0,0,0,0,0,0,0,0,"LT 5",0,2,2,0,2,0,0.0194444444444444,0.0194444444444444,0,1
"6","low","4.21.2018","6","LT",125,73,"11:34",130,"LT",24,1,2,0,0,0,0,0,0,0,0,0,"LT 6",4,3,3,0,1,2,0.0194444444444444,0.0194444444444444,0,2
"7","low","4.21.2018","7","AS",49,4,"11:48",55,"AS",202,0,0,0,0,0,0,0,0,0,0,0,"AS 7",1,0,0,0,0,0,0.0194444444444444,0.0194444444444444,0,0
"8","low","4.21.2018","8","AS",39,9,"12:08",575,"EC",193,0,0,0,0,0,0,0,0,0,0,0,"AS 8",0,0,0,0,0,0,0.0194444444444444,0.0194444444444444,0,0
"9","low","4.21.2018","9","PP",24,2,"12:20",30,"PP",164,0,0,1,0,0,0,1,0,0,0,0,"PP 9",1,2,1,1,1,1,0.0194444444444444,0.0194444444444444,0,2
"10","low","4.21.2018","10","EC",46,264,"12:38",270,"EC",189,0,0,1,0,0,0,0,0,0,0,0,"EC 10",1,1,1,0,1,0,0.0194444444444444,0.0194444444444444,0,1
"11","low","4.21.2018","11","EC",55,135,"1:09",150,"EC",178,0,0,4,0,0,0,0,0,0,0,0,"EC 11",2,4,4,0,4,0,0.0194444444444444,0.0194444444444444,0,1
"12","low","4.21.2018","12","EC",57,185,"",120,"EC",127,0,1,3,0,0,0,0,0,0,0,0,"EC 12",2,4,4,0,3,1,0.0194444444444444,0.0194444444444444,0,2
"13","low","4.21.2018","13","LT",275,131,"",100,"LT",4,1,0,3,0,0,0,0,0,0,0,0,"LT 13",3,4,4,0,1,3,0.0194444444444444,0.0194444444444444,0,2
"14","low","4.21.2018","14","AS",35,4,"2:09",200,"AS",217,0,1,0,0,0,0,0,0,0,0,0,"AS 14",0,1,1,0,1,0,0.0194444444444444,0.0194444444444444,0,1
"15","low","4.21.2018","15","PP",18,2,"2:38",310,"EL",20,0,0,0,0,0,0,0,0,0,0,0,"PP 15",1,0,0,0,0,0,0.0194444444444444,0.0194444444444444,0,0
"16","up","4.21.2018","16","SD",38,12,"3:04",68,"SD",168,0,0,0,1,0,0,0,0,0,0,0,"SD 16",0,1,1,0,1,0,0.0194444444444444,0.0194444444444444,0,1
"17","up","4.21.2018","17","PP",29,2,"",600,"EC",43,0,0,0,0,0,0,0,0,0,0,0,"PP 17",2,0,0,0,0,0,0.0194444444444444,0.0194444444444444,0,0
"18","up","4.21.2018","18","PP",28,3,"3:37",1810,"PP",60,0,0,0,0,0,0,0,0,0,0,0,"PP 18",0,0,0,0,0,0,0.0194444444444444,0.0194444444444444,0,0
"19","up","4.21.2018","19","EL",75,24,"3:59",595,"PP",126,0,0,0,0,0,0,0,0,0,0,0,"EL 19",0,0,0,0,0,0,0.0194444444444444,0.0194444444444444,0,0
"20","up","4.22.2018","20","EL",68,27,"4:16",145,"EC",126,0,0,0,0,0,0,0,0,3,0,0,"EL 20",0,3,3,0,3,0,NA,NA,NA,1
"21","up","4.22.2018","21","PP",22,1,"9:01",100,"PP",60,0,0,0,0,0,0,1,0,0,0,0,"PP 21",0,1,0,1,1,0,NA,NA,NA,1
"22","up","4.22.2018","22","AS",56,82,"9:16",965,"PP",220,0,0,0,0,0,0,0,0,0,0,0,"AS 22",1,0,0,0,0,0,NA,NA,NA,0
"23","up","4.22.2018","23","EC",45,180,"",230,"EC",33,0,0,1,0,0,0,0,0,0,0,0,"EC 23",11,1,1,0,1,0,NA,NA,NA,1
"24","up","4.22.2018","24","PP",30,2,"9:55",495,"SD",37,0,0,0,0,0,0,0,0,0,0,0,"PP 24",0,0,0,0,0,0,NA,NA,NA,0
"25","low","4.22.2018","25","SD",50,29,"10:18",285,"SD",155,0,0,0,1,0,0,0,0,0,0,0,"SD 25",1,1,1,0,1,0,NA,NA,NA,1
"26","low","4.22.2018","26","AS",54,56,"10:35",245,"AS",11,0,2,0,0,0,0,0,0,0,0,0,"AS 26",3,2,2,0,2,0,NA,NA,NA,1
"27","low","4.22.2018","27","PP",32,3,"10:50",170,"AS",71,0,2,0,0,0,0,0,0,0,0,0,"PP 27",4,2,2,0,0,2,NA,NA,NA,1
"28","low","4.22.2018","28","EL",56,117,"11:04",160,"AS",78,0,2,0,0,0,0,0,0,0,0,0,"EL 28",1,2,2,0,0,2,NA,NA,NA,1
"29","low","4.22.2018","29","AS",49,29,"11:19",690,"AS",64,0,1,0,0,0,0,0,0,0,0,0,"AS 29",1,1,1,0,1,0,NA,NA,NA,1
"30","low","4.22.2018","30","LT",165,46,"11:33",80,"LT",200,2,0,0,0,0,0,0,0,0,0,0,"LT 30",1,2,2,0,2,0,NA,NA,NA,1
"31","low","4.22.2018","31","PP",28,7,"11:57",230,"AS",166,0,4,0,0,0,0,0,0,0,0,0,"PP 31",4,4,4,0,0,4,NA,NA,NA,1
"32","low","4.22.2018","32","AS",4,9,"12:10",40,"AS",187,0,4,0,0,0,0,0,0,0,0,0,"AS 32",0,4,4,0,4,0,NA,NA,NA,1
"33","low","4.22.2018","33","LT",290,120,"12:25",75,"LT",195,1,0,0,0,0,0,0,0,0,0,0,"LT 33",4,1,1,0,1,0,NA,NA,NA,1
"34","low","4.22.2018","34","EC",39,38,"12:47",90,"AS",140,0,1,0,0,0,0,0,0,0,0,0,"EC 34",0,1,1,0,0,1,NA,NA,NA,1
"35","low","4.22.2018","35","LT",155,44,"12:58",160,"AS",188,0,1,0,0,0,0,0,0,0,0,0,"LT 35",1,1,1,0,0,1,NA,NA,NA,1
"36","low","4.22.2018","36","EC",47,20,"1:28",200,"AS",219,0,1,1,0,0,0,0,0,0,0,0,"EC 36",0,2,2,0,1,1,NA,NA,NA,2
"37","low","4.22.2018","37","AS",40,12,"1:39",200,"EC",15,0,0,1,0,0,0,0,0,0,0,0,"AS 37",0,1,1,0,0,1,NA,NA,NA,1
"38","low","4.22.2018","38","LT",200,91,"1:52",95,"LT",215,2,0,0,0,0,0,0,0,0,0,0,"LT 38",2,2,2,0,2,0,NA,NA,NA,1
"39","low","4.22.2018","39","AS",37,5,"2:07",96,"AS",26,1,2,0,0,0,0,0,0,0,0,0,"AS 39",0,3,3,0,2,1,NA,NA,NA,2
"40","low","4.22.2018","40","LT",190,76,"2:19",0,"AS",120,1,2,0,0,0,0,0,0,0,0,0,"LT 40",0,3,3,0,1,2,NA,NA,NA,2
"41","low","4.22.2018","41","EC",55,105,"2:34",170,"EC",172,0,0,1,0,0,0,0,0,0,0,0,"EC 41",0,1,1,0,1,0,NA,NA,NA,1
"42","low","4.22.2018","42","EC",30,70,"2:56",300,"LT",94,1,0,0,0,0,0,0,0,0,0,0,"EC 42",0,1,1,0,0,1,NA,NA,NA,1
"43","low","4.22.2018","43","EC",46,112,"3:08",290,"EC",171,0,0,3,0,0,0,0,0,0,0,0,"EC 43",1,3,3,0,3,0,NA,NA,NA,1
"44","LOW","4.22.2018","44","AS",60,16,"3:35",360,"EC",148,0,0,0,0,0,0,0,0,0,0,0,"AS 44",1,0,0,0,0,0,NA,NA,NA,0
"45","UP","4.22.2018","45","EC",59,64,"3:57",105,"SD",12,0,0,0,1,2,0,0,0,0,0,0,"EC 45",0,3,3,0,0,3,NA,NA,NA,2
"46","UP","4.22.2018","46","SM",60,46,"4:08",430,"EC",13,0,0,0,0,0,0,0,0,0,0,0,"SM 46",0,0,0,0,0,0,NA,NA,NA,0
"47","UP","4.23.2018","47","AS",57,90,"9:23",870,"PP",52,0,0,0,0,0,0,0,0,0,0,0,"AS 47",3,0,0,0,0,0,0.05,0.05,0,0
"48","UP","4.23.2018","48","SD",54,11,"9:52",52,"SD",203,0,0,0,8,0,0,0,0,0,0,0,"SD 48",0,8,8,0,8,0,0.05,0.05,0,1
"49","UP","4.23.2018","49","SD",60,12,"10:01",20,"SD",220,0,0,0,2,0,0,0,0,0,0,0,"SD 49",2,2,2,0,2,0,0.05,0.05,0,1
"50","UP","4.23.2018","50","SM",70,24,"10:16",35,"SM",163,0,0,0,3,5,0,0,0,0,0,0,"SM 50",2,8,8,0,5,3,0.05,0.05,0,2
"51","UP","4.23.2018","51","SM",64,19,"10:31",35,"SM",159,0,0,0,2,0,0,0,0,0,0,0,"SM 51",0,2,2,0,0,2,0.05,0.05,0,1
"52","UP","4.23.2018","52","SD",83,97,"10:43",115,"SD",144,0,0,0,3,4,0,0,0,0,0,0,"SD 52",7,7,7,0,3,4,0.05,0.05,0,2
"53","","4.23.2018","53","PP",34,3,"11:03",5,"SM",220,0,0,0,0,2,0,0,0,0,1,0,"PP 53",2,3,3,0,0,3,0.05,0.05,0,2
"54","low","4.23.2018","54","AS",52,49,"11:15",166,"AS",6,0,3,0,0,0,0,0,0,0,0,0,"AS 54",5,3,3,0,3,0,0.05,0.05,0,1
"55","low","4.23.2018","55","PP",23,1,"11:51",200,"LT",54,0,0,0,0,0,0,0,0,0,0,0,"PP 55",2,0,0,0,0,0,0.05,0.05,0,0
"56","low","4.23.2018","56","AS",62,33,"12:07",20,"AS",218,0,3,0,0,0,0,0,0,0,0,0,"AS 56",0,3,3,0,3,0,0.05,0.05,0,1
"57","low","4.23.2018","57","LT",250,94,"12:20",470,"AS",1,0,0,0,0,0,0,0,0,0,0,0,"LT 57",0,0,0,0,0,0,0.05,0.05,0,0
"58","low","4.23.2018","58","LT",160,53,"12:33",340,"AS",202,0,0,0,0,0,0,0,0,0,0,0,"LT 58",0,0,0,0,0,0,0.05,0.05,0,0
"59","low","4.23.2018","59","EC",40,103,"1:11",290,"LT",90,1,0,0,0,0,0,0,0,0,0,0,"EC 59",0,1,1,0,0,1,0.05,0.05,0,1
"60","low","4.23.2018","60","AS",42,9,"1:22",415,"EC",196,0,0,0,0,0,0,0,0,0,0,0,"AS 60",0,0,0,0,0,0,0.05,0.05,0,0
"61","low","4.23.2018","61","LT",170,90,"1:42",570,"LT",166,0,0,0,0,0,0,0,0,0,0,0,"LT 61",2,0,0,0,0,0,0.05,0.05,0,0
"62","low","4.23.2018","62","LT",150,55,"1:53",410,"LT",132,0,0,0,0,0,0,0,0,0,0,0,"LT 62",1,0,0,0,0,0,0.05,0.05,0,0
"63","low","4.23.2018","64","AS",43,27,"2:22",60,"LT",173,1,0,0,0,0,0,0,0,0,0,0,"AS 64",0,1,1,0,0,1,0.05,0.05,0,1
"64","low","4.23.2018","65","EC",48,175,"2:40",550,"LT",161,0,0,0,0,0,0,0,0,0,0,0,"EC 65",5,0,0,0,0,0,0.05,0.05,0,0
"65","low","4.23.2018","66","EC",44,84,"2:52",120,"EC",41,1,0,3,0,0,0,0,0,0,0,0,"EC 66",0,4,4,0,3,1,0.05,0.05,0,2
"66","low","4.23.2018","67","EC",39,120,"3:06",230,"EC",207,0,0,1,0,0,0,0,0,0,0,0,"EC 67",0,1,1,0,1,0,0.05,0.05,0,1
"67","low","4.23.2018","68","LT",105,20,"3:21",180,"EC",169,0,0,1,0,0,0,0,0,0,0,0,"LT 68",0,1,1,0,0,1,0.05,0.05,0,1
"68","UP","4.23.2018","69","SM",60,11,"3:57",115,"SM",100,0,0,0,0,2,0,1,0,0,0,0,"SM 69",0,3,2,1,2,1,0.05,0.05,0,2
"69","UP","4.24.2018","70","PP",29,25,"8:59",160,"SM",101,0,0,0,0,3,0,0,0,0,0,0,"PP 70",2,3,3,0,0,3,0.0385,0.036,0.0015,1
"70","UP","4.24.2018","71","AS",67,75,"9:17",80,"SM",121,0,2,0,0,1,0,0,0,0,0,0,"AS 71",2,3,3,0,2,1,0.0385,0.036,0.0015,2
"71","UP","4.24.2018","72","PP",19,5,"9:31",55,"SM",119,0,0,0,0,2,0,0,0,0,0,0,"PP 72",1,2,2,0,0,2,0.0385,0.036,0.0015,1
"72","UP","4.24.2018","73","AS",60,34,"9:43",130,"AS",123,0,1,0,0,0,0,0,0,0,0,0,"AS 73",1,1,1,0,1,0,0.0385,0.036,0.0015,1
"73","UP","4.24.2018","74","PP",35,16,"9:58",160,"AS",114,0,1,0,0,0,0,0,0,0,0,0,"PP 74",2,1,1,0,0,1,0.0385,0.036,0.0015,1
"74","UP","4.24.2018","75","SM",72,24,"10:12",240,"SM",89,0,0,0,0,2,0,0,0,0,0,0,"SM 75",0,2,2,0,2,0,0.0385,0.036,0.0015,1
"75","UP","4.24.2018","76","SD",55,30,"10:34",210,"SD",159,0,0,0,1,0,0,0,0,0,0,0,"SD 76",0,1,1,0,1,0,0.0385,0.036,0.0015,1
"76","","4.24.2018","77","PP",19,1,"10:51",0,"AS",218,0,3,0,0,0,0,0,0,0,0,0,"PP 77",2,3,3,0,0,3,0.0385,0.036,0.0015,1
"77","","4.24.2018","78","AS",30,25,"11:07",0,"PP",218,0,2,0,0,0,0,1,0,0,0,0,"AS 78",0,3,2,1,2,1,0.0385,0.036,0.0015,2
"78","","4.24.2018","79","AS",58,83,"11:24",NA,"",1,0,0,0,0,0,0,0,0,0,0,0,"AS 79",0,0,0,0,0,0,0.0385,0.036,0.0015,0
"79","","4.24.2018","80","PP",23,1,"11:39",90,"AS",16,0,5,0,0,0,0,0,0,0,0,0,"PP 80",0,5,5,0,0,5,0.0385,0.036,0.0015,1
"80","","4.24.2018","81","SM",100,21,"",75,"AS",133,0,2,0,0,0,0,0,0,0,0,0,"SM 81",0,2,2,0,0,2,0.0385,0.036,0.0015,1
"81","","4.24.2018","82","LT",220,233,"12:33",50,"AS",157,0,2,0,0,0,0,0,0,0,0,0,"LT 82",6,2,2,0,0,2,0.0385,0.036,0.0015,1
"82","","4.24.2018","83","AS",45,32,"12:33",60,"AS",177,0,2,0,0,0,0,0,0,0,0,0,"AS 83",0,2,2,0,2,0,0.0385,0.036,0.0015,1
"83","","4.24.2018","84","AS",55,13,"12:51",60,"AS",156,0,3,0,0,0,0,0,0,0,0,0,"AS 84",0,3,3,0,3,0,0.0385,0.036,0.0015,1
"84","","4.24.2018","85","LT",245,127,"1:13",830,"LT",204,0,5,0,0,0,0,0,0,0,0,0,"LT 85",4,5,5,0,0,5,0.0385,0.036,0.0015,1
"85","","4.24.2018","86","LT",115,135,"",80,"AS",9,0,3,0,0,0,0,0,0,0,0,0,"LT 86",3,3,3,0,0,3,0.0385,0.036,0.0015,1
"86","","4.24.2018","87","SC",70,12,"1:53",230,"AS",45,0,1,0,0,0,0,0,0,0,0,0,"SC 87",6,1,1,0,0,1,0.0385,0.036,0.0015,1
"87","","4.24.2018","88","SC",70,9,"2:20",230,"AS",75,0,2,0,0,0,0,0,0,0,0,0,"SC 88",3,2,2,0,0,2,0.0385,0.036,0.0015,1
"88","","4.24.2018","89","AS",50,21,"2:36",240,"SC",180,0,2,0,0,0,1,0,0,0,0,0,"AS 89",0,3,2,1,2,1,0.0385,0.036,0.0015,2
"89","","4.24.2018","90","EC",50,360,"2:55",220,"EC",36,0,0,8,0,0,0,0,0,0,0,0,"EC 90",2,8,8,0,8,0,0.0385,0.036,0.0015,1
"90","","4.24.2018","91","EC",55,175,"",160,"EC",79,1,1,2,0,0,0,0,0,0,0,0,"EC 91",2,4,4,0,2,2,0.0385,0.036,0.0015,3
"91","","4.24.2018","92","LT",270,98,"3:31",260,"EC",212,0,0,3,0,0,0,0,0,0,0,0,"LT 92",0,3,3,0,0,3,0.0385,0.036,0.0015,1
"92","","4.24.2018","93","SC",57,17,"3:51",190,"SM",55,0,0,1,0,1,0,0,0,0,0,0,"SC 93",2,2,2,0,0,2,0.0385,0.036,0.0015,2
"93","","4.24.2018","94","EC",60,275,"",200,"EC",7,0,0,1,0,0,0,0,0,0,0,0,"EC 94",2,1,1,0,1,0,0.0385,0.036,0.0015,1
"94","","4.24.2018","95","PP",20,10,"",0,"LT",2,0,0,1,0,0,0,0,0,0,0,0,"PP 95",0,1,1,0,0,1,0.0385,0.036,0.0015,1
"95","","4.24.2018","96","LT",170,102,"",0,"PP",210,2,0,1,0,0,0,1,0,0,0,0,"LT 96",1,4,3,1,2,2,0.0385,0.036,0.0015,3
"96","","4.25.2018","97","PP",22,4,"9:30",300,"AS",40,0,1,0,0,0,0,0,0,0,0,0,"PP 97",2,1,1,0,0,1,NA,NA,NA,1
"97","","4.25.2018","98","AS",64,17,"9:43",300,"PP",27,0,0,0,0,0,0,1,0,0,0,0,"AS 98",1,1,0,1,0,1,NA,NA,NA,1
"98","","4.25.2018","99","PP",24,2,"9:57",58,"AS",66,0,5,0,0,0,0,0,0,0,0,0,"PP 99",1,5,5,0,0,5,NA,NA,NA,1
"99","","4.25.2018","100","AS",38,6,"9:57",88,"PP",70,0,3,0,0,0,0,1,0,0,0,0,"AS 100",0,4,3,1,3,1,NA,NA,NA,2
"100","","4.25.2018","101","LT",285,146,"",170,"PP",181,0,1,0,0,0,0,1,0,0,0,0,"LT 101",4,2,1,1,0,2,NA,NA,NA,2
"101","","4.25.2018","102","PP",19,2,"10:32",90,"AS",32,1,1,0,0,0,0,0,0,0,0,0,"PP 102",0,2,2,0,0,2,NA,NA,NA,2
"102","","4.25.2018","103","AS",65,53,"10:58",30,"AS",135,0,4,0,0,0,0,0,0,0,0,0,"AS 103",0,4,4,0,4,0,NA,NA,NA,1
"103","","4.25.2018","104","EC",32,28,"11:28",330,"EC",208,0,0,0,0,0,0,0,0,0,0,0,"EC 104",0,0,0,0,0,0,NA,NA,NA,0
"104","","4.25.2018","105","LT",136,36,"11:42",180,"LT",46,2,0,0,0,0,0,0,0,0,0,0,"LT 105",3,2,2,0,2,0,NA,NA,NA,1
"105","","4.25.2018","106","EC",38,200,"",370,"LT",122,0,0,0,0,0,0,0,0,0,0,0,"EC 106",4,0,0,0,0,0,NA,NA,NA,0
"106","","4.25.2018","107","EC",35,34,"12:13",230,"EC",72,1,0,2,0,0,0,0,0,0,0,0,"EC 107",1,3,3,0,2,1,NA,NA,NA,2
"107","","4.25.2018","108","AS",140,31,"12:31",140,"AS",46,0,1,0,0,0,0,0,0,0,0,0,"AS 108",1,1,1,0,1,0,NA,NA,NA,1
"108","","4.25.2018","109","LT",200,151,"12:56",120,"LT",17,1,0,0,0,0,0,0,0,0,0,0,"LT 109",1,1,1,0,1,0,NA,NA,NA,1
"109","","4.25.2018","110","EC",58,150,"1:13",250,"LT",74,0,0,3,0,0,0,0,0,0,0,0,"EC 110",5,3,3,0,3,0,NA,NA,NA,1
"110","","4.25.2018","111","EC",56,109,"1:33",810,"LT",202,0,0,0,0,0,0,0,0,0,0,0,"EC 111",2,0,0,0,0,0,NA,NA,NA,0
"111","","4.25.2018","112","SC",55,3,"1:50",520,"AS",187,0,0,0,0,0,0,0,0,0,0,0,"SC 112",7,0,0,0,0,0,NA,NA,NA,0
"112","","4.25.2018","113","AS",52,49,"",530,"LT",157,0,1,0,0,0,0,0,0,0,0,0,"AS 113",1,1,1,0,1,0,NA,NA,NA,1
"113","","4.25.2018","114","SC",39,3,"2:30",190,"LT",49,1,2,0,0,0,0,0,0,0,0,0,"SC 114",4,3,3,0,0,3,NA,NA,NA,2
"114","","4.25.2018","115","SC",46,3,"2:42",110,"SM",175,0,0,0,1,1,0,0,0,0,0,0,"SC 115",0,2,2,0,0,2,NA,NA,NA,2
"115","UP","4.25.2018","116","SD",39,41,"3:17",50,"SD",185,0,0,0,2,0,0,0,0,0,0,0,"SD 116",0,2,2,0,2,0,NA,NA,NA,1
"116","UP","4.25.2018","117","SM",70,42,"3:34",80,"SM",152,0,0,0,0,1,0,0,0,2,0,0,"SM 117",0,3,3,0,1,2,NA,NA,NA,2
"117","","4.25.2018","118","LT",195,130,"3:47",1470,"LT",30,0,0,0,0,0,0,0,0,0,0,0,"LT 118",1,0,0,0,0,0,NA,NA,NA,0
"118","","4.25.2018","119","SC",46,7,"4:01",50,"AS",47,0,2,0,0,0,0,0,0,0,0,0,"SC 119",2,2,2,0,0,2,NA,NA,NA,1
"119","","4.25.2018","120","AS",35,16,"4:21",160,"LT",39,1,0,0,0,0,0,0,0,0,0,0,"AS 120",0,1,1,0,0,1,NA,NA,NA,1
"120","","4.26.2018","121","PP",18,2,"9:09",245,"LT",72,2,0,0,0,1,0,0,0,0,0,0,"PP 121",0,3,3,0,0,3,0.0445,0.0415,0.003,2
"121","","4.26.2018","122","PP",27,2,"9:24",140,"AS",127,0,2,0,0,0,0,1,0,0,0,0,"PP 122",0,3,2,1,1,2,0.0445,0.0415,0.003,2
"122","","4.26.2018","123","AS",50,71,"9:47",125,"AS",194,0,1,0,0,0,0,1,0,0,0,0,"AS 123",0,2,1,1,1,1,0.0445,0.0415,0.003,2
"123","","4.26.2018","124","PP",28,3,"10:05",300,"LT",164,0,2,0,0,0,0,0,0,0,0,0,"PP 124",9,2,2,0,0,2,0.0445,0.0415,0.003,1
"124","","4.26.2018","125","SC",52,3,"10:21",50,"AS",5,0,1,0,0,0,0,0,0,0,0,0,"SC 125",2,1,1,0,0,1,0.0445,0.0415,0.003,1
"125","","4.26.2018","126","SC",42,7,"10:41",800,"AS",201,0,1,0,0,0,0,0,0,0,0,0,"SC 126",2,1,1,0,0,1,0.0445,0.0415,0.003,1
"126","","4.26.2018","127","LT",190,156,"11:02",30,"AS",178,0,1,0,0,0,0,0,0,0,0,0,"LT 127",1,1,1,0,0,1,0.0445,0.0415,0.003,1
"127","","4.26.2018","128","AS",53,62,"11:20",0,"EC",133,0,3,1,0,0,0,0,0,0,0,0,"AS 128",5,4,4,0,3,1,0.0445,0.0415,0.003,2
"128","","4.26.2018","129","EC",42,11,"11:20",0,"AS",133,0,3,0,0,0,0,0,0,0,0,0,"EC 129",0,3,3,0,0,3,0.0445,0.0415,0.003,1
"129","","4.26.2018","130","HH",26,1,"11:33",90,"EC",157,0,0,2,0,0,0,0,0,0,0,0,"HH 130",1,2,2,0,0,2,0.0445,0.0415,0.003,1
"130","","4.26.2018","131","LT",180,50,"12:02",180,"LT",46,1,0,0,0,0,0,0,0,0,0,0,"LT 131",1,1,1,0,1,0,0.0445,0.0415,0.003,1
"131","","4.26.2018","132","EC",64,192,"12:13",320,"AS",124,0,0,0,0,0,0,0,0,0,0,0,"EC 132",8,0,0,0,0,0,0.0445,0.0415,0.003,0
"132","","4.26.2018","133","LT",165,96,"12:32",450,"LT",140,0,0,0,0,0,0,0,0,0,0,0,"LT 133",0,0,0,0,0,0,0.0445,0.0415,0.003,0
"133","","4.26.2018","134","AS",45,47,"12:45",320,"SC",161,0,0,0,0,0,0,0,0,0,0,0,"AS 134",0,0,0,0,0,0,0.0445,0.0415,0.003,0
"134","","4.26.2018","135","SM",65,12,"1:01",65,"SM",158,0,1,0,0,3,0,0,0,0,0,0,"SM 135",0,4,4,0,3,1,0.0445,0.0415,0.003,2
"135","","4.27.2018","136","AS",48,40,"10:38",0,"SC",82,0,3,0,0,0,1,0,0,0,0,0,"AS 136",0,4,3,1,3,1,0.043,0.0385,0.0045,2
"136","","4.27.2018","137","SC",54,3,"10:38",0,"AS",82,0,4,0,0,0,0,0,0,0,0,0,"SC 137",0,4,4,0,0,4,0.043,0.0385,0.0045,1
"137","","4.27.2018","138","SC",46,10,"10:54",25,"AS",76,0,2,0,0,0,1,0,0,0,0,0,"SC 138",0,3,2,1,1,2,0.043,0.0385,0.0045,2
"138","","4.27.2018","139","SC",58,8,"10:54",110,"SC",NA,0,1,0,0,0,2,0,0,0,0,0,"SC 139",2,3,1,2,2,1,0.043,0.0385,0.0045,2
"139","","4.27.2018","140","PP",22,1,"11:19",16,"SC",NA,0,0,0,0,0,0,0,0,0,0,0,"PP 140",3,0,0,0,0,0,0.043,0.0385,0.0045,0
"140","","4.27.2018","141","AS",54,80,"11:19",200,"AS",87,0,1,0,0,0,0,0,0,0,0,0,"AS 141",2,1,1,0,1,0,0.043,0.0385,0.0045,1
"141","","4.27.2018","142","AS",22,155,"11:40",140,"SM",57,1,3,0,0,1,0,0,0,0,0,0,"AS 142",1,5,5,0,3,2,0.043,0.0385,0.0045,3
"142","","4.27.2018","143","EC",60,375,"",105,"AS",88,2,5,0,0,1,0,0,0,0,0,0,"EC 143",4,8,8,0,0,8,0.043,0.0385,0.0045,3
"143","","4.27.2018","144","HH",44,6,"12:09",130,"EC",95,0,0,2,0,0,0,0,0,0,0,0,"HH 144",3,2,2,0,0,2,0.043,0.0385,0.0045,1
"144","","4.27.2018","145","LT",170,85,"12:09",160,"EC",178,0,1,3,0,0,0,0,0,0,0,0,"LT 145",1,4,4,0,0,4,0.043,0.0385,0.0045,2
"145","","4.27.2018","146","EC",58,46,"12:09",0,"LT",2,1,1,2,0,0,0,0,0,0,0,0,"EC 146",1,4,4,0,2,2,0.043,0.0385,0.0045,3
"146","","4.27.2018","147","EC",56,240,"12:26",30,"EC",79,2,0,1,0,0,0,0,0,0,0,0,"EC 147",10,3,3,0,1,2,0.043,0.0385,0.0045,2
"147","","4.27.2018","148","EC",62,225,"12:26",15,"EC",79,1,0,1,0,0,0,0,0,0,0,0,"EC 148",3,2,2,0,1,1,0.043,0.0385,0.0045,2
"148","","4.27.2018","149","LT",210,151,"12:47",300,"LT",94,2,0,0,0,0,0,0,0,0,0,0,"LT 149",4,2,2,0,2,0,0.043,0.0385,0.0045,1
"149","","4.27.2018","150","AS",53,45,"12:47",270,"AS",174,0,1,0,0,0,0,0,0,0,0,0,"AS 150",0,1,1,0,1,0,0.043,0.0385,0.0045,1
"150","","4.27.2018","151","LT",135,87,"1:14",70,"AS",41,1,1,1,0,0,0,0,0,0,0,0,"LT 151",3,3,3,0,1,2,0.043,0.0385,0.0045,3
"151","","4.27.2018","152","SC",66,10,"1:14",0,"EC",77,1,1,2,0,0,0,0,0,0,0,0,"SC 152",2,4,4,0,0,4,0.043,0.0385,0.0045,3
"152","","4.27.2018","153","EC",58,92,"2:00",60,"AS",104,0,4,1,0,0,0,0,0,0,0,0,"EC 153",5,5,5,0,1,4,0.043,0.0385,0.0045,2
"153","","4.27.2018","154","AS",34,38,"2:00",147,"EC",136,0,1,2,0,0,0,0,0,0,0,0,"AS 154",0,3,3,0,1,2,0.043,0.0385,0.0045,2
"154","","4.27.2018","155","LT",130,39,"2:19",150,"LT",32,2,0,0,0,0,0,0,0,0,0,0,"LT 155",0,2,2,0,2,0,0.043,0.0385,0.0045,1
"155","","4.27.2018","156","SC",66,15,"2:19",68,"AS",14,1,1,0,0,0,0,0,0,0,0,0,"SC 156",5,2,2,0,0,2,0.043,0.0385,0.0045,2
"156","","4.27.2018","157","AS",51,22,"2:36",125,"LT",181,0,1,0,0,0,0,0,0,0,0,0,"AS 157",0,1,1,0,1,0,0.043,0.0385,0.0045,1
"157","","4.27.2018","158","AS",54,30,"2:36",125,"AS",160,0,1,0,0,0,0,0,0,0,0,0,"AS 158",0,1,1,0,1,0,0.043,0.0385,0.0045,1
"158","","4.27.2018","159","LT",230,160,"3:00",70,"AS",161,0,2,0,0,0,0,0,0,0,0,0,"LT 159",5,2,2,0,0,2,0.043,0.0385,0.0045,1
"159","","4.27.2018","160","SD",53,12,"3:00",242,"SD",34,0,2,0,1,0,0,0,0,0,0,0,"SD 160",1,3,3,0,1,2,0.043,0.0385,0.0045,2
"160","","4.27.2018","161","SM",55,7,"3:26",710,"EL",112,0,0,0,0,0,0,0,0,0,0,0,"SM 161",0,0,0,0,0,0,0.043,0.0385,0.0045,0
"161","","4.27.2018","162","EL",78,18,"3:26",185,"EL",115,0,0,0,0,0,0,0,0,1,0,0,"EL 162",0,1,1,0,1,0,0.043,0.0385,0.0045,1
"162","","4.28.2018","163","LT",250,119,"10:21",60,"LT",173,2,0,0,0,0,0,0,0,0,0,0,"LT 163",3,2,2,0,2,0,NA,NA,NA,1
"163","","4.28.2018","164","SC",54,10,"10:21",443,"LT",137,0,0,0,0,0,0,0,0,0,0,0,"SC 164",1,0,0,0,0,0,NA,NA,NA,0
"164","","4.28.2018","165","AS",69,46,"10:40",270,"AS",218,0,1,0,0,0,0,0,0,0,0,0,"AS 165",0,1,1,0,1,0,NA,NA,NA,1
"165","","4.28.2018","166","AS",65,45,"10:40",440,"AS",178,0,0,0,0,0,0,0,0,0,0,0,"AS 166",0,0,0,0,0,0,NA,NA,NA,0
"166","","4.28.2018","167","SC",67,15,"10:57",140,"SC",124,0,1,0,0,0,0,0,0,0,0,0,"SC 167",2,1,1,0,0,1,NA,NA,NA,1
"167","","4.28.2018","168","PP",38,9,"10:57",149,"AS",209,0,2,0,0,0,0,0,0,0,0,0,"PP 168",2,2,2,0,0,2,NA,NA,NA,1
"168","","4.28.2018","169","LT",185,69,"11:16",135,"LT",26,1,1,0,0,0,0,0,0,0,0,0,"LT 169",3,2,2,0,1,1,NA,NA,NA,2
"169","","4.28.2018","170","AS",47,85,"11:16",125,"LT",21,2,1,0,0,0,0,0,0,0,0,0,"AS 170",0,3,3,0,1,2,NA,NA,NA,2
"170","","4.28.2018","171","AS",43,11,"11:38",20,"LT",201,0,2,0,0,0,0,0,0,0,0,0,"AS 171",0,2,2,0,2,0,NA,NA,NA,1
"171","","4.28.2018","172","EC",49,225,"11:38",149,"SC",176,0,0,0,0,0,1,0,0,0,0,0,"EC 172",2,1,0,1,0,1,NA,NA,NA,1
"172","","4.28.2018","173","LT",165,112,"11:57",570,"LT",166,0,0,0,0,0,0,0,0,0,0,0,"LT 173",4,0,0,0,0,0,NA,NA,NA,0
"173","","4.28.2018","174","LT",122,105,"11:57",179,"SC",166,0,0,0,0,0,1,0,0,0,0,0,"LT 174",0,1,0,1,0,1,NA,NA,NA,1
"174","","4.28.2018","175","SC",66,4,"12:14",0,"AS",106,0,2,0,0,0,0,0,0,0,0,0,"SC 175",1,2,2,0,0,2,NA,NA,NA,1
"175","","4.28.2018","176","AS",37,24,"12:14",0,"SC",106,0,1,0,0,0,1,0,0,0,0,0,"AS 176",1,2,1,1,1,1,NA,NA,NA,2
"176","","4.28.2018","177","AS",68,130,"12:14",74,"AS",111,0,6,0,0,0,0,0,0,0,0,0,"AS 177",1,6,6,0,6,0,NA,NA,NA,1
"177","","4.28.2018","178","SC",45,5,"12:37",20,"AS",117,0,2,1,0,0,0,0,0,0,0,0,"SC 178",0,3,3,0,0,3,NA,NA,NA,2
"178","","4.28.2018","179","EC",30,175,"12:37",10,"LT",3,4,0,0,0,0,0,0,0,0,0,0,"EC 179",0,4,4,0,0,4,NA,NA,NA,1
"179","","4.28.2018","180","SC",50,4,"1:34",190,"SC",65,0,0,0,0,0,1,0,0,0,0,0,"SC 180",1,1,0,1,1,0,NA,NA,NA,1
"180","","4.28.2018","181","PP",16,1,"1:34",60,"AS",72,0,0,2,0,0,0,0,0,0,0,0,"PP 181",0,2,2,0,0,2,NA,NA,NA,1
"181","","4.28.2018","182","LT",220,177,"1:49",270,"PP",146,0,0,0,0,0,0,1,0,0,0,0,"LT 182",3,1,0,1,0,1,NA,NA,NA,1
"182","","4.28.2018","183","SM",100,22,"2:05",30,"SM",201,0,0,0,0,12,0,0,0,0,0,0,"SM 183",2,12,12,0,12,0,NA,NA,NA,1
"183","","4.28.2018","183.1","AS",49,52,"1:49",39,"AS",130,0,3,0,0,0,0,0,0,0,0,0,"AS 183.1",0,3,3,0,3,0,NA,NA,NA,1
"184","","4.28.2018","184","SC",70,7,"2:05",230,"AS",205,0,3,0,0,0,0,0,0,0,0,0,"SC 184",2,3,3,0,0,3,NA,NA,NA,1
"185","","4.28.2018","185","AS",56,14,"2:22",190,"AS",51,0,1,0,0,0,0,0,0,0,0,0,"AS 185",1,1,1,0,1,0,NA,NA,NA,1
"186","","4.28.2018","186","SC",45,7,"2:22",165,"AS",62,0,2,0,0,0,0,0,0,0,0,0,"SC 186",0,2,2,0,0,2,NA,NA,NA,1
"187","","4.28.2018","187","EC",50,190,"2:41",0,"AS",39,1,3,2,0,0,0,0,0,0,0,0,"EC 187",0,6,6,0,2,4,NA,NA,NA,3
"188","","4.28.2018","188","AS",81,80,"2:42",167,"SC",67,0,1,0,0,0,1,0,0,0,0,0,"AS 188",0,2,1,1,1,1,NA,NA,NA,2
"189","","4.28.2018","189","EC",60,130,"2:58",30,"LT",93,1,0,2,0,0,0,0,0,0,0,0,"EC 189",0,3,3,0,2,1,NA,NA,NA,2
"190","","4.28.2018","190","EC",43,110,"2:58",20,"LT",53,1,1,0,0,0,0,0,0,0,0,0,"EC 190",1,2,2,0,0,2,NA,NA,NA,2
"191","","4.28.2018","191","EC",60,58,"3:16",80,"LT",200,1,0,0,0,0,0,0,0,0,0,0,"EC 191",1,1,1,0,0,1,NA,NA,NA,1
"192","","4.28.2018","192","EC",53,360,"3:16",95,"EC",113,1,0,2,0,0,0,0,0,0,0,0,"EC 192",2,3,3,0,2,1,NA,NA,NA,2
"193","","4.28.2018","193","LT",205,89,"3:35",100,"LT",10,1,1,0,0,0,0,0,0,0,0,0,"LT 193",1,2,2,0,1,1,NA,NA,NA,2
"194","","4.28.2018","194","SC",68,2,"3:35",120,"SM",31,3,0,1,0,1,0,0,0,0,0,0,"SC 194",0,5,5,0,0,5,NA,NA,NA,3
"195","","4.28.2018","195","SD",78,23,"3:58",120,"SM",59,0,0,0,0,1,0,0,0,0,0,0,"SD 195",1,1,1,0,0,1,NA,NA,NA,1
"196","","4.28.2018","196","SC",72,9,"3:58",163,"SC",11,0,0,0,1,0,1,1,0,0,0,0,"SC 196",3,3,1,2,1,2,NA,NA,NA,3
"197","","4.30.2018","197","AS",48,36,"10:56",65,"AS",138,0,6,0,0,0,0,0,0,0,0,0,"AS 197",0,6,6,0,6,0,0.035,0.0315,0.0035,1
"198","","4.30.2018","198","SC",73,2,"10:56",70,"AS",99,0,9,0,0,0,0,0,0,0,0,0,"SC 198",2,9,9,0,0,9,0.035,0.0315,0.0035,1
"199","","4.30.2018","199","LT",185,55,"11:17",65,"AS",142,0,1,0,0,0,1,0,0,0,0,0,"LT 199",5,2,1,1,0,2,0.035,0.0315,0.0035,2
"200","","4.30.2018","200","AS",42,39,"11:17",83,"AS",128,0,3,0,0,0,0,0,0,0,0,0,"AS 200",0,3,3,0,3,0,0.035,0.0315,0.0035,1
"201","","4.30.2018","201","SM",80,20,"11:32",30,"SM",206,0,0,0,0,11,0,0,0,0,0,1,"SM 201",0,12,12,0,11,1,0.035,0.0315,0.0035,2
"202","","4.30.2018","202","SC",48,9,"11:32",192,"LT",50,1,0,0,0,0,0,0,0,0,0,0,"SC 202",1,1,1,0,0,1,0.035,0.0315,0.0035,1
"203","","4.30.2018","203","BW",61,150,"11:49",133,"SC",98,0,1,0,0,0,1,0,0,0,0,0,"BW 203",0,2,1,1,0,2,0.035,0.0315,0.0035,2
"204","","4.30.2018","204","AS",66,12,"11:49",40,"AS",103,0,2,0,0,0,0,0,0,0,0,0,"AS 204",0,2,2,0,2,0,0.035,0.0315,0.0035,1
"205","","4.30.2018","205","AS",68,29,"11:49",40,"AS",105,0,2,0,0,0,0,0,0,0,0,0,"AS 205",0,2,2,0,2,0,0.035,0.0315,0.0035,1
"206","","4.30.2018","206","EC",54,90,"12:06",2,"EC",149,0,0,3,0,0,0,0,0,0,0,0,"EC 206",1,3,3,0,3,0,0.035,0.0315,0.0035,1
"207","","4.30.2018","207","SC",32,7,"12:06",200,"AS",116,0,0,0,0,0,0,0,0,0,0,0,"SC 207",3,0,0,0,0,0,0.035,0.0315,0.0035,0
"208","","4.30.2018","208","PP",38,6,"12:22",125,"SM",84,0,0,0,0,4,0,0,0,0,0,1,"PP 208",2,5,5,0,0,5,0.035,0.0315,0.0035,2
"209","","4.30.2018","209","SM",65,32,"12:22",30,"SM",107,0,1,1,0,9,0,0,0,0,0,0,"SM 209",4,11,11,0,9,2,0.035,0.0315,0.0035,3
"210","","4.30.2018","210","SC",78,14,"12:43",70,"AS",154,0,2,0,0,0,0,0,0,0,0,0,"SC 210",0,2,2,0,0,2,0.035,0.0315,0.0035,1
"211","","4.30.2018","211","LT",275,165,"12:43",0,"AS",99,0,2,0,0,0,1,0,0,0,0,0,"LT 211",2,3,2,1,0,3,0.035,0.0315,0.0035,2
"212","","4.30.2018","212","AS",54,80,"1:21",38,"AS",145,2,4,0,0,0,0,0,0,0,0,0,"AS 212",1,6,6,0,4,2,0.035,0.0315,0.0035,2
"213","","4.30.2018","213","SC",55,7,"1:21",0,"AS",162,0,3,0,0,0,0,0,0,0,0,0,"SC 213",0,3,3,0,0,3,0.035,0.0315,0.0035,1
"214","","4.30.2018","214","LT",90,10,"1:38",0,"EC",96,0,3,1,0,0,0,0,0,0,0,0,"LT 214",0,4,4,0,0,4,0.035,0.0315,0.0035,2
"215","","4.30.2018","215","EC",49,34,"1:38",0,"LT",2,1,3,0,0,0,0,0,0,0,0,0,"EC 215",1,4,4,0,0,4,0.035,0.0315,0.0035,2
"216","","4.30.2018","216","AS",52,145,"1:38",10,"AS",17,2,3,1,0,0,0,0,0,0,0,0,"AS 216",1,6,6,0,3,3,0.035,0.0315,0.0035,3
"217","","4.30.2018","217","AS",43,100,"1:38",10,"AS",19,2,0,1,0,0,0,0,0,0,0,0,"AS 217",0,3,3,0,0,3,0.035,0.0315,0.0035,2
"218","","4.30.2018","218","EC",64,115,"1:54",53,"AS",141,0,4,0,0,0,0,0,0,0,0,0,"EC 218",2,4,4,0,0,4,0.035,0.0315,0.0035,1
"219","","4.30.2018","219","LT",210,77,"1:54",55,"AS",133,0,2,1,0,0,0,0,0,0,0,0,"LT 219",1,3,3,0,0,3,0.035,0.0315,0.0035,2
"220","","4.30.2018","220","AS",63,165,"2:09",38,"AS",156,0,1,0,0,0,0,0,0,0,0,0,"AS 220",1,1,1,0,1,0,0.035,0.0315,0.0035,1
"221","","4.30.2018","221","LT",120,58,"2:09",70,"LT",190,1,0,0,0,0,0,0,0,0,0,0,"LT 221",0,1,1,0,1,0,0.035,0.0315,0.0035,1
"222","","4.30.2018","222","EC",43,60,"2:24",210,"EC",192,0,0,2,0,0,0,0,0,0,0,0,"EC 222",2,2,2,0,2,0,0.035,0.0315,0.0035,1
"223","","4.30.2018","223","EC",65,120,"2:29",135,"EC",167,0,0,2,0,0,0,0,0,0,0,0,"EC 223",0,2,2,0,2,0,0.035,0.0315,0.0035,1
"224","","4.30.2018","224","SC",52,7,"2:46",116,"AS",153,0,1,0,0,0,0,0,0,0,0,0,"SC 224",0,1,1,0,0,1,0.035,0.0315,0.0035,1
"225","","4.30.2018","225","LT",195,70,"2:46",0,"LT",2,2,0,0,0,0,1,0,0,0,0,0,"LT 225",0,3,2,1,2,1,0.035,0.0315,0.0035,2
"226","","4.30.2018","226","AS",58,160,"3:01",93,"AS",139,0,1,0,0,0,1,0,0,0,0,0,"AS 226",0,2,1,1,1,1,0.035,0.0315,0.0035,2
"227","","4.30.2018","227","EC",50,240,"3:01",95,"AS",140,0,1,1,0,0,0,0,0,0,0,0,"EC 227",2,2,2,0,1,1,0.035,0.0315,0.0035,2
"228","","4.30.2018","228","SC",62,9,"3:17",13,"LT",23,3,0,0,0,0,0,0,0,0,0,0,"SC 228",2,3,3,0,0,3,0.035,0.0315,0.0035,1
"229","","4.30.2018","229","LT",103,120,"3:17",13,"SC",38,2,0,0,0,0,1,0,0,0,0,0,"LT 229",0,3,2,1,2,1,0.035,0.0315,0.0035,2
"230","","4.30.2018","230","EC",49,200,"3:17",20,"AS",91,0,1,0,0,0,0,0,0,0,0,0,"EC 230",2,1,1,0,0,1,0.035,0.0315,0.0035,1
"231","","4.30.2018","231","AS",49,18,"3:17",20,"EC",83,0,0,2,0,0,0,0,0,0,0,0,"AS 231",0,2,2,0,0,2,0.035,0.0315,0.0035,1
"232","","4.30.2018","232","SC",54,8,"3:39",227,"SC",214,0,0,0,0,0,1,0,0,0,0,0,"SC 232",0,1,0,1,1,0,0.035,0.0315,0.0035,1
"233","","4.30.2018","233","SC",43,8,"3:39",640,"SC",199,0,0,0,0,0,0,0,0,0,0,0,"SC 233",0,0,0,0,0,0,0.035,0.0315,0.0035,0
"234","","4.30.2018","234","SC",52,4,"3:55",171,"LT",42,1,0,0,0,0,0,0,0,0,0,2,"SC 234",1,3,3,0,0,3,0.035,0.0315,0.0035,2
"235","","4.30.2018","235","BW",34,4,"3:55",45,"AS",176,0,2,0,0,0,0,0,0,0,0,0,"BW 235",1,2,2,0,0,2,0.035,0.0315,0.0035,1
"236","","5.3.2018","236","SC",52,19,"9:44",400,"AS",213,0,1,0,0,0,0,0,0,0,0,0,"SC 236",0,1,1,0,0,1,0.0385,0.0335,0.005,1
"237","","5.3.2018","237","SM",70,27,"9:59",30,"EL",92,0,0,0,0,0,0,0,0,1,0,0,"SM 237",0,1,1,0,0,1,0.0385,0.0335,0.005,1
"238","","5.3.2018","238","SC",52,4,"10:13",270,"SC",22,0,0,0,0,0,1,0,0,0,0,0,"SC 238",0,1,0,1,1,0,0.0385,0.0335,0.005,1
"239","","5.3.2018","239","EC",36,15,"10:23",425,"SC",219,0,0,0,0,0,0,0,0,0,0,0,"EC 239",0,0,0,0,0,0,0.0385,0.0335,0.005,0
"240","","5.3.2018","240","LT",230,84,"10:46",210,"AS",155,0,1,0,0,0,0,0,0,0,0,0,"LT 240",2,1,1,0,0,1,0.0385,0.0335,0.005,1
"241","","5.3.2018","241","EC",53,41,"10:59",95,"EC",204,0,0,1,0,0,0,0,0,0,0,0,"EC 241",0,1,1,0,1,0,0.0385,0.0335,0.005,1
"242","","5.3.2018","242","LT",145,49,"11:14",170,"LT",41,1,0,0,0,0,0,0,0,0,0,0,"LT 242",7,1,1,0,1,0,0.0385,0.0335,0.005,1
"243","","5.3.2018","243","BW",45,2,"11:28",350,"LT",113,0,0,0,0,0,0,0,0,0,0,0,"BW 243",0,0,0,0,0,0,0.0385,0.0335,0.005,0
"244","","5.3.2018","244","SC",45,6,"11:40",900,"LT",211,0,0,0,0,0,1,0,0,0,0,0,"SC 244",0,1,0,1,1,0,0.0385,0.0335,0.005,1
"245","","5.3.2018","245","AS",55,49,"11:55",670,"LT",184,0,0,0,0,0,0,0,0,0,0,0,"AS 245",1,0,0,0,0,0,0.0385,0.0335,0.005,0
"246","","5.3.2018","246","SC",52,6,"12:10",340,"LT",110,0,0,0,0,0,0,0,0,0,0,0,"SC 246",0,0,0,0,0,0,0.0385,0.0335,0.005,0
"247","","5.3.2018","247","AS",55,89,"12:46",140,"AS",132,0,1,0,0,0,1,0,0,0,0,0,"AS 247",1,2,1,1,1,1,0.0385,0.0335,0.005,2
"248","","5.3.2018","248","SC",88,23,"1:01",100,"AS",32,1,1,0,0,0,0,0,0,0,0,0,"SC 248",4,2,2,0,0,2,0.0385,0.0335,0.005,2
"249","","5.3.2018","249","AS",62,31,"1:19",70,"AS",97,1,2,0,0,0,0,0,0,0,0,0,"AS 249",0,3,3,0,2,1,0.0385,0.0335,0.005,2
"250","","5.3.2018","250","LT",225,320,"1:32",0,"AS",120,0,2,0,0,0,0,0,0,0,0,0,"LT 250",1,2,2,0,0,2,0.0385,0.0335,0.005,1
"251","","5.3.2018","251","AS",45,39,"1:47",365,"AS",169,0,0,0,0,0,0,0,0,0,0,0,"AS 251",2,0,0,0,0,0,0.0385,0.0335,0.005,0
"252","","5.3.2018","252","EC",36,42,"2:05",160,"EC",134,0,0,1,0,0,0,0,0,0,0,0,"EC 252",1,1,1,0,1,0,0.0385,0.0335,0.005,1
"253","","5.3.2018","253","SD",45,12,"2:22",260,"SD",143,0,0,0,1,0,0,0,0,0,0,0,"SD 253",1,1,1,0,1,0,0.0385,0.0335,0.005,1
"254","","5.3.2018","254","BW",49,6,"2:38",180,"SD",125,0,0,0,1,0,0,0,0,0,0,0,"BW 254",1,1,1,0,0,1,0.0385,0.0335,0.005,1
"255","","5.3.2018","255","SD",75,26,"2:50",180,"BW",112,0,0,0,0,0,0,0,0,0,0,1,"SD 255",0,1,1,0,0,1,0.0385,0.0335,0.005,1
"256","","5.3.2018","256","SC",47,3,"3:04",765,"SD",98,0,0,0,0,0,0,0,0,0,0,0,"SC 256",1,0,0,0,0,0,0.0385,0.0335,0.005,0
"257","","5.3.2018","257","SD",40,19,"3:18",320,"SD",118,0,0,0,0,0,0,0,0,0,0,0,"SD 257",0,0,0,0,0,0,0.0385,0.0335,0.005,0
"258","","5.3.2018","258","EC",75,73,"3:33",320,"EC",155,0,0,1,0,0,0,0,0,0,0,0,"EC 258",0,1,1,0,1,0,0.0385,0.0335,0.005,1
"259","","5.3.2018","259","LT",215,93,"3:49",245,"EC",117,0,0,1,0,0,0,0,0,0,0,0,"LT 259",0,1,1,0,0,1,0.0385,0.0335,0.005,1
"260","","5.3.2018","260","BW",30,5,"4:02",140,"AS",184,0,1,0,0,0,0,0,0,0,0,0,"BW 260",0,1,1,0,0,1,0.0385,0.0335,0.005,1
"261","","5.4.2018","261","AS",40,41,"9:41",335,"AS",55,0,0,0,0,0,0,0,0,0,0,0,"AS 261",0,0,0,0,0,0,0.0335,0.031,0.0025,0
"262","","5.4.2018","262","SM",90,31,"9:59",45,"SM",48,0,0,0,0,4,0,0,0,0,0,0,"SM 262",4,4,4,0,4,0,0.0335,0.031,0.0025,1
"263","","5.4.2018","263","BW",55,62,"10:22",210,"SC",58,0,0,0,0,0,1,0,0,0,0,0,"BW 263",1,1,0,1,0,1,0.0335,0.031,0.0025,1
"264","","5.4.2018","264","EC",48,43,"10:38",90,"EC",194,0,0,2,0,0,0,0,0,0,0,0,"EC 264",1,2,2,0,2,0,0.0335,0.031,0.0025,1
"265","","5.4.2018","265","LT",150,146,"10:55",155,"LT",35,1,0,0,0,0,0,0,0,0,0,0,"LT 265",3,1,1,0,1,0,0.0335,0.031,0.0025,1
"266","","5.4.2018","266","SC",36,4,"11:03",420,"LT",133,0,0,0,0,0,0,0,0,0,0,0,"SC 266",1,0,0,0,0,0,0.0335,0.031,0.0025,0
"267","","5.4.2018","267","AS",34,25,"11:18",300,"LT",94,1,0,0,0,0,0,0,0,0,0,0,"AS 267",0,1,1,0,0,1,0.0335,0.031,0.0025,1
"268","","5.4.2018","268","SC",65,11,"11:35",120,"LT",17,1,1,0,0,0,0,0,0,0,0,0,"SC 268",2,2,2,0,0,2,0.0335,0.031,0.0025,2
"269","","5.4.2018","269","SC",46,18,"11:50",90,"AS",220,0,2,0,0,0,0,0,0,0,0,0,"SC 269",0,2,2,0,0,2,0.0335,0.031,0.0025,1
"270","","5.4.2018","270","AS",50,24,"12:06",35,"SC",124,0,0,0,0,0,1,0,0,0,0,0,"AS 270",1,1,0,1,0,1,0.0335,0.031,0.0025,1
"271","","5.4.2018","271","LT",230,312,"12:17",0,"LT",2,1,0,0,0,0,0,0,0,0,0,0,"LT 271",6,1,1,0,1,0,0.0335,0.031,0.0025,1
"272","","5.4.2018","272","HH",25,2,"1:01",1810,"SC",105,0,0,0,0,0,0,0,0,0,0,0,"HH 272",0,0,0,0,0,0,0.0335,0.031,0.0025,0
"273","","5.4.2018","273","AS",53,34,"1:18",430,"AS",80,0,0,0,0,0,0,0,0,0,0,0,"AS 273",4,0,0,0,0,0,0.0335,0.031,0.0025,0
"274","","5.4.2018","274","SC",55,17,"1:33",450,"SC",61,0,0,0,0,0,0,0,0,0,0,0,"SC 274",0,0,0,0,0,0,0.0335,0.031,0.0025,0
"275","","5.4.2018","275","LT",275,351,"1:50",360,"AS",202,0,0,0,0,0,0,0,0,0,0,0,"LT 275",9,0,0,0,0,0,0.0335,0.031,0.0025,0
"276","","5.4.2018","276","LT",155,105,"2:10",410,"LT",132,0,0,0,0,0,0,0,0,0,0,0,"LT 276",5,0,0,0,0,0,0.0335,0.031,0.0025,0
"277","","5.4.2018","277","AS",50,51,"2:23",120,"AS",181,0,3,0,0,0,0,0,0,0,0,0,"AS 277",4,3,3,0,3,0,0.0335,0.031,0.0025,1
"278","","5.4.2018","278","LT",145,63,"2:42",30,"SC",154,0,0,0,0,0,0,0,0,0,0,0,"LT 278",0,0,0,0,0,0,0.0335,0.031,0.0025,0
"279","","5.4.2018","279","EC",45,23,"2:57",220,"LT",63,1,1,0,0,0,0,0,0,0,0,0,"EC 279",0,2,2,0,0,2,0.0335,0.031,0.0025,2
"280","","5.4.2018","280","EC",58,26,"3:18",280,"SC",183,0,0,0,0,0,2,0,0,0,0,0,"EC 280",1,2,0,2,0,2,0.0335,0.031,0.0025,1
"281","","5.4.2018","281","EC",46,95,"3:30",120,"LT",17,1,0,1,0,0,0,0,0,0,0,0,"EC 281",2,2,2,0,1,1,0.0335,0.031,0.0025,2
"282","","5.4.2018","283","AS",50,68,"3:56",30,"AS",210,1,0,0,0,0,0,0,0,0,0,0,"AS 283",5,1,1,0,0,1,0.0335,0.031,0.0025,1
"283","","5.4.2018","284","AS",36,14,"3:56",30,"AS",10,1,0,0,0,0,0,0,0,0,0,0,"AS 284",0,1,1,0,0,1,0.0335,0.031,0.0025,1
"284","","5.4.2018","285","SC",55,16,"4:08",490,"SC",191,0,0,0,0,0,0,0,0,0,0,0,"SC 285",4,0,0,0,0,0,0.0335,0.031,0.0025,0
"285","","5.4.2018","286","LT",185,93,"4:22",10,"SC",181,0,0,0,0,0,1,0,0,0,0,0,"LT 286",4,1,0,1,0,1,0.0335,0.031,0.0025,1
"286","","5.5.2018","287","AS",48,28,"10:10",60,"AS",44,1,2,0,0,0,1,0,0,0,0,0,"AS 287",1,4,3,1,2,2,0.033,0.0265,0.0065,3
"287","","5.5.2018","288","SC",59,4,"10:29",0,"AS",132,0,2,0,0,0,0,0,0,0,0,0,"SC 288",1,2,2,0,0,2,0.033,0.0265,0.0065,1
"288","","5.5.2018","289","AS",44,12,"10:29",0,"SC",132,0,1,0,0,0,1,0,0,0,0,0,"AS 289",0,2,1,1,1,1,0.033,0.0265,0.0065,2
"289","","5.5.2018","290","LT",150,125,"10:40",140,"AS",54,1,2,0,0,0,0,0,0,0,0,0,"LT 290",0,3,3,0,1,2,0.033,0.0265,0.0065,2
"290","","5.5.2018","291","AS",63,41,"10:58",290,"AS",184,0,1,0,0,0,0,0,0,0,0,0,"AS 291",0,1,1,0,1,0,0.033,0.0265,0.0065,1
"291","","5.5.2018","292","SC",70,4,"11:14",560,"LT",164,0,0,0,0,0,0,0,0,0,0,0,"SC 292",0,0,0,0,0,0,0.033,0.0265,0.0065,0
"292","","5.5.2018","293","EC",25,11,"11:30",100,"AS",26,1,1,0,0,0,0,0,0,0,0,0,"EC 293",0,2,2,0,0,2,0.033,0.0265,0.0065,2
"293","","5.5.2018","294","LT",150,123,"11:48",30,"LT",93,3,0,0,0,0,0,0,0,0,0,0,"LT 294",2,3,3,0,3,0,0.033,0.0265,0.0065,1
"294","","5.5.2018","295","LT",310,343,"12:17",0,"LT",2,2,0,0,0,0,0,0,0,0,0,0,"LT 295",7,2,2,0,2,0,0.033,0.0265,0.0065,1
"295","","5.5.2018","296","SC",68,10,"12:31",150,"SC",63,1,1,0,0,0,1,0,0,0,0,0,"SC 296",9,3,2,1,1,2,0.033,0.0265,0.0065,3
"296","","5.5.2018","297","AS",49,21,"1:15",135,"LT",26,1,1,0,0,0,0,0,0,0,0,0,"AS 297",0,2,2,0,1,1,0.033,0.0265,0.0065,2
"297","","5.5.2018","298","SC",39,2,"1:29",0,"AS",129,0,1,0,0,0,0,0,0,0,0,0,"SC 298",3,1,1,0,0,1,0.033,0.0265,0.0065,1
"298","","5.5.2018","299","AS",33,33,"1:29",0,"SC",129,0,0,0,0,0,2,0,0,0,0,0,"AS 299",1,2,0,2,0,2,0.033,0.0265,0.0065,1
"299","","5.5.2018","300","BW",45,4,"1:45",185,"AS",73,0,3,0,0,0,0,0,0,0,0,0,"BW 300",1,3,3,0,0,3,0.033,0.0265,0.0065,1
"300","","5.5.2018","301","BW",50,39,"1:59",110,"BW",109,0,0,0,0,0,0,0,0,0,0,1,"BW 301",7,1,1,0,1,0,0.033,0.0265,0.0065,1
"301","","5.5.2018","302","LT",105,49,"2:19",150,"LT",32,1,1,0,0,0,1,0,0,0,0,0,"LT 302",0,3,2,1,1,2,0.033,0.0265,0.0065,3
"302","","5.5.2018","303","SC",56,12,"2:31",0,"AS",94,1,3,0,0,0,0,0,0,0,0,0,"SC 303",13,4,4,0,0,4,0.033,0.0265,0.0065,2
"303","","5.5.2018","304","AS",41,16,"2:34",0,"SC",94,1,2,0,0,0,1,0,0,0,0,0,"AS 304",0,4,3,1,2,2,0.033,0.0265,0.0065,3
"304","","5.5.2018","305","BW",48,20,"2:51",45,"BW",11,0,0,0,0,1,0,0,0,0,0,2,"BW 305",3,3,3,0,2,1,0.033,0.0265,0.0065,2
"305","","5.5.2018","306","LT",145,47,"3:12",490,"LT",148,0,0,0,0,0,0,0,0,0,0,0,"LT 306",1,0,0,0,0,0,0.033,0.0265,0.0065,0
"306","","5.5.2018","307","EC",52,87,"3:28",50,"AS",166,0,1,0,0,0,2,0,0,0,0,0,"EC 307",0,3,1,2,0,3,0.033,0.0265,0.0065,2
"307","","5.5.2018","308","BW",30,4,"3:47",230,"LT",65,1,1,0,0,0,0,0,0,0,0,0,"BW 308",0,2,2,0,0,2,0.033,0.0265,0.0065,2
"308","","5.5.2018","309","LT",140,38,"4:00",120,"LT",17,1,1,0,0,0,0,0,0,0,0,1,"LT 309",0,3,3,0,1,2,0.033,0.0265,0.0065,3
"309","","5.5.2018","310","BW",52,19,"4:13",300,"LT",94,0,2,0,0,0,0,0,0,0,0,0,"BW 310",4,2,2,0,0,2,0.033,0.0265,0.0065,1
"310","","5.5.2018","311","SC",59,11,"4:30",120,"LT",17,0,2,0,0,0,0,0,0,0,0,0,"SC 311",3,2,2,0,0,2,0.033,0.0265,0.0065,1
"311","","5.6.2018","312","SC",45,5,"10:37",105,"AS",29,0,1,0,0,0,0,0,0,0,0,0,"SC 312",5,1,1,0,0,1,0.0265,0.024,0.0025,1
"312","","5.6.2018","313","AS",40,43,"10:50",450,"AS",56,0,0,0,0,0,0,0,0,0,0,0,"AS 313",0,0,0,0,0,0,0.0265,0.024,0.0025,0
"313","","5.6.2018","314","SC",59,8,"11:04",320,"LT",104,0,0,0,0,0,0,0,0,0,0,0,"SC 314",2,0,0,0,0,0,0.0265,0.024,0.0025,0
"314","","5.6.2018","315","LT",155,170,"11:20",100,"SC",180,0,0,0,0,0,1,0,0,0,0,0,"LT 315",3,1,0,1,0,1,0.0265,0.024,0.0025,1
"315","","5.6.2018","316","AS",56,79,"11:37",95,"AS",74,1,1,0,0,0,0,0,0,0,0,0,"AS 316",2,2,2,0,1,1,0.0265,0.024,0.0025,2
"316","","5.6.2018","317","AS",40,55,"11:37",95,"AS",117,0,6,0,0,0,0,0,0,0,0,0,"AS 317",0,6,6,0,6,0,0.0265,0.024,0.0025,1
"317","","5.6.2018","318","BW",46,4,"11:53",365,"LT",120,0,0,0,0,0,0,0,0,0,0,0,"BW 318",0,0,0,0,0,0,0.0265,0.024,0.0025,0
"318","","5.6.2018","319","LT",240,209,"12:06",170,"LT",41,2,0,0,0,0,0,0,0,0,0,0,"LT 319",2,2,2,0,2,0,0.0265,0.024,0.0025,1
"319","","5.6.2018","320","BW",48,8,"12:24",350,"BW",186,0,0,0,0,0,0,0,0,0,0,0,"BW 320",5,0,0,0,0,0,0.0265,0.024,0.0025,0
"320","","5.6.2018","321","LT",140,110,"12:42",990,"LT",219,0,0,0,0,0,0,0,0,0,0,0,"LT 321",0,0,0,0,0,0,0.0265,0.024,0.0025,0
"321","","5.6.2018","322","SC",63,5,"12:59",0,"LT",2,3,0,0,0,0,1,0,0,0,0,0,"SC 322",8,4,3,1,1,3,0.0265,0.024,0.0025,2
"322","","5.6.2018","323","AS",49,85,"1:13",105,"AS",14,3,1,0,0,0,0,0,0,0,0,0,"AS 323",3,4,4,0,1,3,0.0265,0.024,0.0025,2
"323","","5.6.2018","324","AS",45,36,"1:52",270,"AS",86,1,1,0,0,0,0,0,0,0,0,0,"AS 324",0,2,2,0,1,1,0.0265,0.024,0.0025,2
"324","","5.6.2018","325","LT",200,173,"2:04",160,"AS",200,0,2,0,0,0,0,0,0,0,0,0,"LT 325",1,2,2,0,0,2,0.0265,0.024,0.0025,1
"325","","5.6.2018","326","SC",85,18,"2:20",260,"SC",146,0,0,0,0,0,1,0,0,0,0,0,"SC 326",2,1,0,1,1,0,0.0265,0.024,0.0025,1
"326","","5.6.2018","327","AS",62,38,"2:38",160,"SC",220,0,0,0,0,0,1,0,0,0,0,0,"AS 327",1,1,0,1,0,1,0.0265,0.024,0.0025,1
"327","","5.6.2018","328","SC",52,11,"2:56",280,"LT",86,1,0,0,0,0,0,0,0,0,0,0,"SC 328",1,1,1,0,0,1,0.0265,0.024,0.0025,1
"328","","5.6.2018","329","BW",46,10,"3:11",65,"AS",204,0,1,0,0,0,0,0,0,0,0,1,"BW 329",0,2,2,0,1,1,0.0265,0.024,0.0025,2
"329","","5.6.2018","330","AS",59,24,"3:11",65,"BW",197,0,0,0,0,0,0,0,0,0,0,2,"AS 330",0,2,2,0,0,2,0.0265,0.024,0.0025,1
"330","","5.6.2018","331","BW",38,4,"3:26",200,"LT",54,0,1,0,0,0,0,0,0,0,0,1,"BW 331",0,2,2,0,1,1,0.0265,0.024,0.0025,2
"331","","5.6.2018","332","LT",245,111,"3:38",370,"LT",122,0,0,0,0,0,0,0,0,0,0,0,"LT 332",0,0,0,0,0,0,0.0265,0.024,0.0025,0
"332","","5.6.2018","333","BW",50,4,"3:53",200,"AS",65,1,1,0,0,0,0,0,0,0,0,0,"BW 333",0,2,2,0,0,2,0.0265,0.024,0.0025,2
"333","","5.6.2018","334","EC",32,90,"4:05",300,"SC",198,0,0,0,0,0,1,0,0,0,0,0,"EC 334",0,1,0,1,0,1,0.0265,0.024,0.0025,1
"334","","5.6.2018","335","SC",69,2,"4:26",750,"BW",85,0,0,0,0,0,0,0,0,0,0,0,"SC 335",1,0,0,0,0,0,0.0265,0.024,0.0025,0
"335","","5.7.2018","336","BW",37,8,"10:04",285,"AS",165,0,2,0,0,0,0,0,0,0,0,0,"BW 336",3,2,2,0,0,2,0.03,0.0245,0.0055,1
"336","","5.7.2018","337","AS",54,26,"10:15",56,"AS",133,0,1,0,0,0,0,0,0,0,0,0,"AS 337",2,1,1,0,1,0,0.03,0.0245,0.0055,1
"337","","5.7.2018","338","BW",44,23,"10:28",100,"AS",198,0,2,0,0,0,0,0,0,0,0,1,"BW 338",17,3,3,0,1,2,0.03,0.0245,0.0055,2
"338","","5.7.2018","339","LT",210,210,"10:52",160,"AS",79,1,1,0,0,0,0,0,0,0,0,0,"LT 339",3,2,2,0,1,1,0.03,0.0245,0.0055,2
"339","","5.7.2018","340","BW",33,5,"11:07",70,"BW",108,0,0,0,0,0,0,0,0,0,0,3,"BW 340",6,3,3,0,3,0,0.03,0.0245,0.0055,1
"340","","5.7.2018","341","SC",52,14,"11:23",70,"AS",190,1,3,0,0,0,0,0,0,0,0,0,"SC 341",6,4,4,0,0,4,0.03,0.0245,0.0055,2
"341","","5.7.2018","342","AS",39,27,"11:38",135,"AS",129,0,3,0,0,0,0,0,0,0,0,0,"AS 342",1,3,3,0,3,0,0.03,0.0245,0.0055,1
"342","","5.7.2018","343","SC",40,7,"11:57",280,"AS",122,0,1,0,0,0,0,0,0,0,0,0,"SC 343",1,1,1,0,0,1,0.03,0.0245,0.0055,1
"343","","5.7.2018","344","AS",64,60,"12:12",130,"AS",140,0,3,0,0,0,0,0,0,0,0,0,"AS 344",1,3,3,0,3,0,0.03,0.0245,0.0055,1
"344","","5.7.2018","345","LT",200,229,"12:50",125,"AS",194,0,1,0,0,0,0,0,0,0,0,0,"LT 345",1,1,1,0,0,1,0.03,0.0245,0.0055,1
"345","","5.7.2018","346","AS",69,56,"1:06",90,"AS",146,0,2,0,0,0,0,0,0,0,0,0,"AS 346",2,2,2,0,2,0,0.03,0.0245,0.0055,1
"346","","5.7.2018","347","AS",40,10,"1:06",90,"AS",177,0,2,0,0,0,0,0,0,0,0,0,"AS 347",0,2,2,0,2,0,0.03,0.0245,0.0055,1
"347","","5.7.2018","348","SC",34,2,"1:22",125,"AS",154,0,1,0,0,0,0,0,0,0,0,0,"SC 348",0,1,1,0,0,1,0.03,0.0245,0.0055,1
"348","","5.7.2018","349","LT",280,170,"1:39",400,"LT",129,0,0,0,0,0,0,0,0,0,0,0,"LT 349",1,0,0,0,0,0,0.03,0.0245,0.0055,0
"349","","5.7.2018","350","SC",68,23,"1:59",1000,"SC",220,0,0,0,0,0,0,0,0,0,0,0,"SC 350",5,0,0,0,0,0,0.03,0.0245,0.0055,0
"350","","5.7.2018","351","SC",53,11,"2:18",340,"LT",110,0,0,0,0,0,0,0,0,0,0,0,"SC 351",6,0,0,0,0,0,0.03,0.0245,0.0055,0
"351","","5.7.2018","352","BW",50,9,"2:34",20,"LT",53,1,2,0,0,0,0,0,0,0,0,0,"BW 352",1,3,3,0,0,3,0.03,0.0245,0.0055,2
"352","","5.7.2018","353","LT",250,153,"2:49",20,"BW",96,0,1,0,0,0,0,0,0,0,0,1,"LT 353",0,2,2,0,0,2,0.03,0.0245,0.0055,2
"353","","5.7.2018","354","BW",36,7,"3:02",35,"BW",69,1,0,0,0,0,0,0,0,0,0,2,"BW 354",3,3,3,0,2,1,0.03,0.0245,0.0055,2
"354","","5.7.2018","355","BW",39,4,"3:02",35,"BW",74,1,0,0,0,0,0,0,0,0,0,2,"BW 355",2,3,3,0,2,1,0.03,0.0245,0.0055,2
"355","","5.7.2018","356","SC",34,5,"3:20",180,"LT",46,1,0,0,0,0,0,0,0,0,0,1,"SC 356",5,2,2,0,0,2,0.03,0.0245,0.0055,2
"356","","5.7.2018","357","LT",270,154,"3:37",405,"LT",131,0,0,0,0,0,0,0,0,0,0,0,"LT 357",1,0,0,0,0,0,0.03,0.0245,0.0055,0
"357","","5.7.2018","358","AS",46,46,"3:49",135,"AS",35,2,1,0,0,0,0,0,0,0,0,0,"AS 358",0,3,3,0,1,2,0.03,0.0245,0.0055,2
"358","","5.7.2018","359","SC",76,6,"4:06",150,"LT",32,3,0,0,0,0,0,0,0,0,0,0,"SC 359",3,3,3,0,0,3,0.03,0.0245,0.0055,1
"359","","5.7.2018","360","LT",230,61,"4:20",240,"SC",164,0,0,0,0,0,1,0,0,0,0,0,"LT 360",0,1,0,1,0,1,0.03,0.0245,0.0055,1
"360","","5.8.2018","361","AS",54,43,"9:55",125,"AS",25,0,2,0,0,0,0,0,0,0,0,0,"AS 361",5,2,2,0,2,0,0.0275,0.026,0.0015,1
"361","","5.8.2018","362","BW",36,8,"10:15",250,"SC",170,0,0,0,0,0,1,0,0,0,0,0,"BW 362",0,1,0,1,0,1,0.0275,0.026,0.0015,1
"362","","5.8.2018","363","SC",70,3,"10:30",0,"HH",132,0,1,0,0,0,1,0,0,0,0,0,"SC 363",1,2,1,1,1,1,0.0275,0.026,0.0015,2
"363","","5.8.2018","364","HH",19,1,"10:30",0,"SC",132,0,1,0,0,0,0,0,1,0,0,0,"HH 364",2,2,1,1,1,1,0.0275,0.026,0.0015,2
"364","","5.8.2018","365","BW",46,13,"10:44",235,"LT",68,1,0,0,0,0,0,0,0,0,0,0,"BW 365",4,1,1,0,0,1,0.0275,0.026,0.0015,1
"365","","5.8.2018","366","LT",225,175,"10:59",130,"LT",24,0,0,0,0,0,1,0,0,0,0,5,"LT 366",5,6,5,1,0,6,0.0275,0.026,0.0015,2
"366","","5.8.2018","367","BW",54,19,"11:16",25,"SC",129,0,0,0,0,0,0,0,0,0,0,6,"BW 367",3,6,6,0,6,0,0.0275,0.026,0.0015,1
"367","","5.8.2018","368","SC",46,3,"11:16",25,"BW",146,2,1,0,0,0,0,0,0,0,0,0,"SC 368",0,3,3,0,0,3,0.0275,0.026,0.0015,2
"368","","5.8.2018","369","AS",69,81,"11:31",105,"LT",8,1,1,0,0,0,0,0,0,0,0,1,"AS 369",2,3,3,0,1,2,0.0275,0.026,0.0015,3
"369","","5.8.2018","370","LT",270,301,"11:44",105,"AS",32,2,2,0,0,0,0,0,0,0,0,0,"LT 370",2,4,4,0,2,2,0.0275,0.026,0.0015,2
"370","","5.8.2018","371","AS",59,35,"12:04",95,"AS",69,1,1,0,0,0,0,0,0,0,0,0,"AS 371",3,2,2,0,1,1,0.0275,0.026,0.0015,2
"371","","5.8.2018","372","AS",56,63,"12:04",95,"AS",39,1,1,0,0,0,0,0,0,0,0,0,"AS 372",3,2,2,0,1,1,0.0275,0.026,0.0015,2
"372","","5.8.2018","373","LT",135,87,"12:48",155,"AS",150,0,1,0,0,0,0,0,0,0,0,0,"LT 373",0,1,1,0,0,1,0.0275,0.026,0.0015,1
"373","","5.8.2018","374","SC",78,3,"1:07",35,"LT",102,0,0,0,0,0,0,0,0,0,0,0,"SC 374",3,0,0,0,0,0,0.0275,0.026,0.0015,0
"374","","5.8.2018","375","BW",53,20,"1:24",340,"LT",110,0,0,0,0,0,0,0,0,0,0,0,"BW 375",6,0,0,0,0,0,0.0275,0.026,0.0015,0
"375","","5.8.2018","376","EC",55,20,"1:36",290,"LT",90,1,0,0,0,0,0,0,0,0,0,0,"EC 376",1,1,1,0,0,1,0.0275,0.026,0.0015,1
"376","","5.8.2018","377","LT",177,122,"1:49",140,"LT",28,1,0,1,0,0,0,0,0,0,0,0,"LT 377",1,2,2,0,1,1,0.0275,0.026,0.0015,2
"377","","5.8.2018","378","BW",42,16,"2:12",110,"LT",10,1,0,0,0,0,0,0,0,0,0,2,"BW 378",4,3,3,0,2,1,0.0275,0.026,0.0015,2
"378","","5.8.2018","379","BW",54,27,"2:32",265,"LT",81,1,0,0,0,0,0,0,0,0,0,1,"BW 379",2,2,2,0,1,1,0.0275,0.026,0.0015,2
"379","","5.8.2018","380","AS",48,25,"2:51",240,"LT",69,1,0,0,0,0,0,0,0,0,0,0,"AS 380",2,1,1,0,0,1,0.0275,0.026,0.0015,1
"380","","5.8.2018","381","AS",56,62,"3:08",160,"AS",39,1,3,0,0,0,0,0,0,0,0,0,"AS 381",2,4,4,0,3,1,0.0275,0.026,0.0015,2
"381","","5.8.2018","382","SC",53,4,"3:21",50,"AS",129,0,2,0,0,0,0,0,0,0,0,0,"SC 382",1,2,2,0,0,2,0.0275,0.026,0.0015,1
"382","","5.8.2018","383","SC",52,3,"3:34",205,"LT",57,1,0,0,0,0,0,0,0,0,0,0,"SC 383",1,1,1,0,0,1,0.0275,0.026,0.0015,1
"383","","5.8.2018","384","LT",195,380,"3:48",0,"LT",2,1,1,0,0,0,1,0,0,0,0,0,"LT 384",5,3,2,1,1,2,0.0275,0.026,0.0015,3
"384","","5.8.2018","385","SC",39,3,"4:02",205,"LT",57,1,0,0,0,0,0,0,0,0,0,0,"SC 385",3,1,1,0,0,1,0.0275,0.026,0.0015,1
"385","","5.9.2018","386","AS",58,31,"9:47",350,"LT",113,0,0,0,0,0,0,0,0,0,0,0,"AS 386",0,0,0,0,0,0,NA,NA,NA,0
"386","","5.9.2018","387","LT",155,94,"10:02",225,"AS",194,0,1,0,0,0,0,0,0,0,0,0,"LT 387",0,1,1,0,0,1,NA,NA,NA,1
"387","","5.9.2018","388","BW",39,3,"10:16",115,"AS",179,0,1,0,0,0,0,0,0,0,0,0,"BW 388",0,1,1,0,0,1,NA,NA,NA,1
"388","","5.9.2018","389","AS",40,13,"10:16",115,"BW",154,0,0,0,0,0,0,0,0,0,0,1,"AS 389",0,1,1,0,0,1,NA,NA,NA,1
"389","","5.9.2018","390","AS",33,31,"10:39",660,"AS",216,0,0,0,0,0,0,0,0,0,0,0,"AS 390",0,0,0,0,0,0,NA,NA,NA,0
"390","","5.9.2018","391","LT",220,198,"10:58",50,"LT",151,0,0,0,0,0,0,0,0,0,0,0,"LT 391",0,0,0,0,0,0,NA,NA,NA,0
"391","","5.9.2018","392","BW",34,5,"11:14",75,"BW",182,0,0,0,0,0,0,0,0,0,0,1,"BW 392",0,1,1,0,1,0,NA,NA,NA,1
"392","","5.9.2018","393","LT",210,465,"11:30",470,"BW",147,0,0,0,0,0,0,0,0,0,0,0,"LT 393",0,0,0,0,0,0,NA,NA,NA,0
"393","","5.9.2018","394","BW",41,6,"11:42",315,"LT",102,0,0,0,0,0,0,0,0,0,0,0,"BW 394",0,0,0,0,0,0,NA,NA,NA,0
"394","","5.9.2018","395","LT",62,40,"11:56",250,"BW",188,0,0,0,0,0,0,0,0,0,0,3,"LT 395",0,3,3,0,0,3,NA,NA,NA,1
