"","connectance","web asymmetry","links per species","number of compartments","compartment diversity","cluster coefficient","nestedness","NODF","weighted nestedness","weighted NODF","interaction strength asymmetry","specialisation asymmetry","linkage density","weighted connectance","Fisher alpha","Shannon diversity","interaction evenness","Alatalo interaction evenness","H2","number.of.species.HL","number.of.species.LL","mean.number.of.shared.partners.HL","mean.number.of.shared.partners.LL","cluster.coefficient.HL","cluster.coefficient.LL","weighted.cluster.coefficient.HL","weighted.cluster.coefficient.LL","niche.overlap.HL","niche.overlap.LL","togetherness.HL","togetherness.LL","C.score.HL","C.score.LL","V.ratio.HL","V.ratio.LL","discrepancy.HL","discrepancy.LL","extinction.slope.HL","extinction.slope.LL","robustness.HL","robustness.LL","functional.complementarity.HL","functional.complementarity.LL","partner.diversity.HL","partner.diversity.LL","generality.HL","vulnerability.LL"
"1",0.154891304347826,-0.623529411764706,2.01176470588235,2,1.11792470380388,0.108695652173913,13.1606274644743,38.4568354520574,0.541330192349651,11.7456157320927,-0.072488727291683,0.299168548067366,12.5807629745507,0.148008976171185,335.665369802859,5.02987566643614,0.717867054809336,0.857136817572011,0.204176549821181,16,69,1.8,0.77536231884058,0.356794696821993,0.236547085201794,0.360686192189949,0.848389147509382,0.122967427522404,0.301988861317414,0.0558568489124045,0.136659494715761,0.686233261165698,0.500174838856638,14.8631036099391,1.5476846057572,79,82,2.11241116064272,5.38067806823154,0.673866909751502,0.815314532487225,75.1687820596114,98.6555742625835,2.85531245387883,1.08763747265333,21.7434029927552,3.41812295634632
"2",0.15036231884058,-0.623529411764706,1.95294117647059,1,NA,0.108695652173913,13.4513670807485,33.3304875831058,0.53399949732293,10.871851397346,-0.0869867292396462,0.31892254441646,11.7031515240604,0.137684135577182,294.359708728254,4.98327094142966,0.71121559880937,0.840198792983428,0.238277189033996,16,69,1.7,0.686274509803922,0.335283031130175,0.229260089686099,0.344336745460695,0.821948566005417,0.13247949106906,0.281046578756109,0.0548132183908046,0.119272165387894,0.652471394644382,0.551959219678209,12.7857829010567,1.49355478433317,78,91,1.86263860941802,5.1213905160097,0.647715702820172,0.809802170774486,75.3720290251566,103.51749621766,2.80870772887235,1.04103274764685,20.1023691063475,3.30393394177332
"3",0.148550724637681,-0.623529411764706,1.92941176470588,1,NA,0.0942028985507246,13.4791641331982,33.3072250134294,0.54759686065388,8.81813880901472,-0.0854469645383766,0.310937263026941,11.3331605581243,0.133331300683816,279.830489245155,4.96206448255435,0.708188999508449,0.825445012694239,0.25379393766813,16,69,1.55,0.658567774936061,0.325599532072529,0.217208520179372,0.317289620788639,0.815539896153439,0.120764439375792,0.261750109803756,0.048882286361064,0.117978592403145,0.686034746633901,0.569832592457273,12.0536398467433,1.25130240635078,83,86,1.96824510646056,5.18375880372649,0.656956645907265,0.812622028032908,78.3115022474836,102.080414853125,2.78750126999704,1.01982628877154,19.5177198056754,3.14860131057331
"4",0.156702898550725,-0.623529411764706,2.03529411764706,1,NA,0.108695652173913,13.9082696819558,36.2539251772828,0.568718240681424,11.5629068147316,-0.0679220294992107,0.302912159098733,12.4862031616131,0.146896507783683,354.53894003017,5.04383255789726,0.719858991237178,0.849697984381638,0.193964303741366,16,69,1.93333333333333,0.756606990622336,0.3505556638721,0.243834080717489,0.364166353364861,0.830188301682909,0.165346250040693,0.295855039983292,0.0621660859465738,0.137915601023018,0.581235774740165,0.527357117638448,13.908493664946,1.70732895057219,83,77,2.10009231724521,5.77552563476977,0.67166052965743,0.826144655398297,73.1059913099316,101.474320629094,2.86926934533995,1.10159436411445,21.426318433746,3.54608788948017
"5",0.153079710144928,-0.623529411764706,1.98823529411765,1,NA,0.115942028985507,14.06340087343,34.3208131243676,0.514792490099864,12.6099966126942,-0.0812456510037155,0.301673129838111,12.3027585009759,0.144738335305599,318.209962152038,5.0208004596827,0.716571835528401,0.860427255677011,0.210816871188544,16,69,1.725,0.711849957374254,0.341067134594138,0.232903587443946,0.364351558359228,0.789734323763635,0.134082066605539,0.286429352505378,0.0554515098722416,0.125935398313915,0.662363826270838,0.555609942849926,13.00471475719,1.4310598626104,81,87,2.11918281189795,5.11220407979793,0.673620656373261,0.807877707116116,74.4476527231769,98.6325057720782,2.8462372471254,1.07856226589989,21.2441509847463,3.36136601720552
"6",0.153985507246377,-0.623529411764706,2,1,NA,0.101449275362319,11.7992656734657,37.2262499598266,0.562495937005995,10.8414511954658,-0.0878924783040467,0.316779062246003,11.9837378960183,0.140985151717862,326.770419057678,5.01388278091796,0.715584540014498,0.814698997232813,0.215878531089203,16,69,1.84166666666667,0.723358908780904,0.342951842464418,0.237668161434978,0.359515496400787,0.844994371012801,0.135083464394108,0.285635757982339,0.0589655172413793,0.126084250125171,0.637115581524957,0.531828492266472,13.3415559772296,1.63213323536615,75,84,2.07844750512158,5.35925938087575,0.668623180970707,0.816352875185479,76.5689654069527,101.204173167294,2.83931956836066,1.07164458713515,20.6109062309383,3.35656956109831
"7",0.146739130434783,-0.623529411764706,1.90588235294118,1,NA,0.108695652173913,13.1334077198524,33.9137642020325,0.548163899824115,10.8364991888741,-0.0878989767050777,0.313481624302183,11.139392394077,0.131051675224435,266.27235688743,4.94119844134185,0.705210984832918,0.815613132019605,0.269061602976492,16,69,1.475,0.656436487638534,0.327679209722493,0.209641255605381,0.30376896093287,0.771852941176471,0.111816434190333,0.275594639444351,0.0466168091168091,0.125099460073885,0.697515772468076,0.558599270626125,12.344894026975,1.17943548387097,81,81,1.92066688039581,5.0822792774204,0.655448037852955,0.808761643454698,79.8118196522874,109.244295584086,2.76663522878454,0.99896024755904,19.2119139428814,3.06687084527259
"8",0.144927536231884,-0.623529411764706,1.88235294117647,1,NA,0.101449275362319,11.9569839840151,35.4492670683298,0.579971717157156,11.2780757253411,-0.0999612035227844,0.311024816077718,11.288745882583,0.132808775089212,253.592982615222,4.93340834535031,0.704099177377427,0.814481727698446,0.274761609849271,16,69,1.525,0.666666666666667,0.332618444141158,0.213845291479821,0.274101779745905,0.773844219669695,0.116592046240065,0.280241799541,0.0496806039488966,0.120840606774111,0.651196963661085,0.543012770325522,13.2782694198623,1.37951496388029,77,81,1.85752628219924,4.88383531993724,0.646856350184605,0.803142120930231,80.4409399535269,107.849275154369,2.758845132793,0.991170151567494,19.4735679576352,3.10392380753073
"9",0.153079710144928,-0.623529411764706,1.98823529411765,2,1.11792470380388,0.108695652173913,14.5733485924243,35.9076524754087,0.515135043203462,11.7777164183067,-0.0779319500709406,0.294775390941251,12.3244954718025,0.144994064374147,318.209962152038,5.01927670150517,0.716354363791982,0.857213334907488,0.211931803802192,16,69,1.69166666666667,0.734441602728048,0.348346006369013,0.228419282511211,0.339237265661655,0.839380139425464,0.114672395030339,0.289817396606667,0.0533020274299344,0.129852907346513,0.696288850644564,0.534029935645756,13.7524659464537,1.38130748197862,79,89,2.09623545768817,5.33361317348607,0.671991472723409,0.814642029560338,75.1139147312381,103.713880164057,2.84471348894786,1.07703850772235,21.3021161555198,3.34687478808515
"10",0.151268115942029,-0.623529411764706,1.96470588235294,1,NA,0.115942028985507,14.3768907234492,33.7178565554478,0.558656142990544,10.2499087827555,-0.0830222814157673,0.319868175025242,11.4063896453397,0.134192819356938,302.020936728191,4.97774695789745,0.710427212365637,0.812511864279819,0.242319083271615,16,69,1.675,0.671355498721228,0.328264119061545,0.224775784753363,0.329032666002246,0.832371763793271,0.124914300151142,0.270634258090065,0.0534980292792793,0.118797277365052,0.665480842949593,0.559849360033869,11.9747979077508,1.38581525712893,86,89,1.93867792567978,5.3323074903837,0.655060170420881,0.814388584694385,77.9442344815761,103.082649187269,2.80318374534014,1.03550876411464,19.5882692032591,3.22451008742041
"11",0.156702898550725,-0.623529411764706,2.03529411764706,1,NA,0.101449275362319,13.5356998135485,37.8806182553141,0.596571854376613,10.7721456249437,-0.0648591403624961,0.296496397633226,12.4205652671212,0.14612429726025,354.53894003017,5.03235264672612,0.718220571012023,0.815938842350064,0.202364145366608,16,69,1.775,0.780477408354646,0.353935140053292,0.23122197309417,0.333971040018625,0.8462316527681,0.132557860538798,0.306619234493141,0.0545940170940171,0.139690658872245,0.661278491839829,0.502811946034452,14.4910096818811,1.40730683781782,74,77,2.09842835051417,5.03080679077267,0.673843400374288,0.808769071212724,75.8741777777851,98.0738132684256,2.85778943416881,1.09011445294331,21.4903613163014,3.35076921794108
"12",0.153079710144928,-0.623529411764706,1.98823529411765,1,NA,0.101449275362319,14.2817395387685,36.4347438567704,0.573292343883232,11.4709279104621,-0.0775109670353428,0.30450012618068,12.3362954499632,0.145132887646626,318.209962152038,5.01630947692289,0.715930879612034,0.846413375227716,0.214102919604927,16,69,1.75,0.738704177323103,0.347566127250276,0.234304932735426,0.342669144659187,0.792647853822035,0.128150184401522,0.294208158923961,0.0545659117305459,0.128090366581415,0.647330176763276,0.530413972956332,13.9947990543735,1.50510839770745,74,76,2.13730326815902,5.43611222640404,0.677281511839349,0.819123924449725,75.9801753165272,102.087950092134,2.84174626436558,1.07407128314007,21.2872860246578,3.38530487526861
"13",0.154891304347826,-0.623529411764706,2.01176470588235,1,NA,0.0869565217391304,12.0514525913174,40.7778496877196,0.630060915538575,9.47074359165759,-0.0722889185644288,0.299217797856071,12.5221762094701,0.147319720111413,335.665369802859,5.01496606597541,0.715739147147016,0.817882956397085,0.215085892297672,16,69,1.81666666666667,0.803921568627451,0.362123870800026,0.231782511210762,0.334417719328604,0.835476411730383,0.129420785288917,0.310849392425783,0.0541595441595442,0.142559439234631,0.662805689244341,0.472507222695842,15.8980742132457,1.60921588594705,80,81,2.08178087663114,4.85318220594581,0.674352810537573,0.804039059066329,77.1157807019188,102.331152880242,2.84040285341811,1.0727278721926,21.639568919288,3.4047834996521
"14",0.151268115942029,-0.623529411764706,1.96470588235294,1,NA,0.115942028985507,12.6540991887992,35.3581617085267,0.56087387879533,10.7236987362344,-0.0926900968295058,0.317449235688449,11.644710541002,0.136996594600024,302.020936728191,4.99054027252833,0.71225308236807,0.813808442054103,0.23295822540789,16,69,1.71666666666667,0.682864450127877,0.332293494508351,0.227858744394619,0.334486661908373,0.813057219680174,0.133028939606513,0.272010848605287,0.0546477079796265,0.118199861466326,0.656223244480538,0.551251260165902,12.4448160535117,1.47963689892051,78,86,1.8000163555109,5.33987280408719,0.640445028734583,0.812619459075803,76.9158766097449,100.107988349699,2.81597705997102,1.04830207874552,19.9889539731081,3.30046710889589
"15",0.157608695652174,-0.623529411764706,2.04705882352941,1,NA,0.108695652173913,12.4368322229203,38.5513063245046,0.597081779351151,13.3173451824345,-0.054374178290845,0.29399411432221,13.243619548352,0.155807288804141,364.561744502125,5.06596171828444,0.723017279084838,0.882874304680153,0.177772415164818,16,69,1.91666666666667,0.817988064791134,0.366023266393709,0.244114349775785,0.384195562776057,0.834532919160543,0.139466966971723,0.333218141589523,0.0573922413793103,0.140758205456095,0.617576613883523,0.48288629864184,15.7748837209302,1.68501376032024,75,78,2.06211308953571,4.59892527153422,0.672214844019406,0.791794980044836,73.5020823743814,92.481480766364,2.89139850572713,1.12372352450162,22.8854166998269,3.60182239687707
"16",0.14945652173913,-0.623529411764706,1.94117647058824,1,NA,0.101449275362319,11.7802796627789,37.2554684610381,0.584982163573566,11.3753293616829,-0.110130827751273,0.31259170554062,12.2705818766733,0.144359786784392,286.967447019529,5.00266299563684,0.713983245121843,0.876282155338989,0.224088038813233,16,69,1.76666666666667,0.700341005967604,0.339117436797296,0.230941704035874,0.324638576057647,0.819343688172288,0.13391860026679,0.285901946033368,0.0577889082462253,0.121150362318841,0.628421478936319,0.528928055521726,13.6474890297416,1.69095034030754,74,78,1.9651977830917,4.74828311102196,0.660058080853381,0.800431182020663,74.7141353108416,100.285035274281,2.82809978307953,1.06042480185403,21.0905056995414,3.45065805380518
"17",0.145833333333333,-0.623529411764706,1.89411764705882,1,NA,0.108695652173913,12.8610955699028,33.1151554993193,0.543448318006167,11.0274037722996,-0.121543687574285,0.321473182208844,11.2216684095193,0.132019628347286,259.828130070147,4.9521078164479,0.706767977787922,0.825849357131445,0.261079222123972,16,69,1.60833333333333,0.629582267689685,0.320920257360109,0.221973094170404,0.291022440587733,0.796197780238179,0.124115403546979,0.264835605592068,0.0536007357102434,0.112369585515366,0.663327318826071,0.57376157467818,11.7885657959586,1.47885914435827,81,84,2.08510014177704,5.11489205327744,0.671445328230857,0.808923752855237,78.3800645779736,107.568374495195,2.77754460389059,1.00986962266509,19.2614302900064,3.18190652903219
"18",0.157608695652174,-0.623529411764706,2.04705882352941,1,NA,0.108695652173913,13.783843182745,41.3570455387868,0.570950882631021,11.3533459852089,-0.072043517630766,0.282415606909397,13.3190205254854,0.156694359123357,364.561744502125,5.05974515164264,0.722130046739126,0.87354294692632,0.182321071897901,16,69,1.91666666666667,0.842710997442455,0.374147007213882,0.241591928251121,0.409824295444736,0.851748174982161,0.129616067944878,0.323975149087993,0.0577742993440668,0.144967497868713,0.65461507403355,0.479086718020542,16.6381395348837,1.70982482863671,71,72,1.93793618487304,5.02143092173831,0.655146075837733,0.805585033201589,73.9291949732234,98.4030566791525,2.88518193908534,1.11750695785983,23.0694048519071,3.56863619906366
"19",0.148550724637681,-0.623529411764706,1.92941176470588,1,NA,0.108695652173913,13.4628245786161,33.5471810563051,0.583730800381353,10.5401526021964,-0.0902131288247099,0.321056046985821,11.6047683693594,0.136526686698345,279.830489245155,4.97380503272836,0.709864618297895,0.844042948283386,0.245203386697427,16,69,1.64166666666667,0.666666666666667,0.327159290310002,0.225616591928251,0.312630674676116,0.817987482937131,0.132794819399037,0.274917776661615,0.0530405405405405,0.117220801364024,0.663447211183954,0.556878729752771,12.4762826718296,1.44641076769691,83,88,1.98085654045677,4.99079672597351,0.659457089427638,0.804575468703269,77.4141588577665,100.216328338145,2.79924182017105,1.03156683894554,19.9271517646597,3.28238497405905
"20",0.152173913043478,-0.623529411764706,1.97647058823529,1,NA,0.101449275362319,12.749525732422,37.1244715679022,0.567679152807603,10.3774017277667,-0.0840340311694478,0.315756284316045,11.9931041166068,0.141095342548315,309.965774924889,4.99639665782283,0.713088909402771,0.825060058069497,0.228673113072365,16,69,1.74166666666667,0.73231031543052,0.344836550334698,0.227578475336323,0.342446864393082,0.862359741584495,0.119634464264625,0.284758047234095,0.0547054597701149,0.127697410485933,0.681504788476707,0.522397294666659,14.0057088487155,1.52854281422133,77,83,2.09414638921092,4.98363939160714,0.669830623890125,0.806327924136727,77.6957393315864,99.8748157423444,2.82183344526552,1.05415846404002,20.6447647505372,3.34144348267641
"21",0.156702898550725,-0.623529411764706,2.03529411764706,1,NA,0.108695652173913,13.6970565671086,40.3554266883369,0.547770886562696,11.8888679758245,-0.0629136553593433,0.293814604044444,12.9259125443303,0.152069559345063,354.53894003017,5.04883577653659,0.720573053784122,0.859207158065998,0.190303452750421,16,69,1.84166666666667,0.818840579710145,0.367713004484305,0.235145739910314,0.370779465294339,0.856725321802494,0.122488722408057,0.314808660440194,0.0546747967479675,0.144244171098391,0.681565993372452,0.476033967532263,15.9363678588017,1.57864175713204,73,79,2.13402179109425,4.98469706298675,0.678310352725652,0.811093988021192,74.8143012094188,104.832699056854,2.87427256397929,1.10659758275378,22.3455227406036,3.50630234805707
"22",0.156702898550725,-0.623529411764706,2.03529411764706,1,NA,0.101449275362319,15.0652919491651,36.1248956504431,0.537639016008846,11.1941525627657,-0.0653959551069315,0.288593139424556,12.4614048299527,0.146604762705326,354.53894003017,5.04339208477718,0.719796126633278,0.84108192184728,0.194286597563482,16,69,1.80833333333333,0.768115942028985,0.354390069539221,0.23402466367713,0.369210404275532,0.827225438047559,0.118830957785621,0.292232681160754,0.0551587301587302,0.131740196078431,0.658620395807896,0.533102211899252,14.1152244331328,1.46495098039216,76,80,2.08321590794417,5.03725699264225,0.670511388270707,0.809897739881471,74.7427572138371,97.4518215239096,2.86882887221987,1.10115389099436,21.5081547898085,3.41465487009684
"23",0.161231884057971,-0.623529411764706,2.09411764705882,1,NA,0.115942028985507,13.1129927852307,41.7788029758833,0.556034612098808,12.0741039171696,-0.049621079122883,0.280583080925993,13.1864979947551,0.155135270526531,409.166907554556,5.07847514334082,0.724803203069151,0.847769140732451,0.168616352274092,16,69,1.93333333333333,0.861892583120205,0.377526483395074,0.243834080717489,0.400710216282034,0.859412093283061,0.133212426744064,0.320875732287276,0.0576818181818182,0.147644927536232,0.663623997541967,0.466922818644366,16.2592928377153,1.56501240694789,79,78,2.26864641458156,5.46052661150694,0.689696101426577,0.81881638702647,73.4043682618347,96.0062352382313,2.90391193078351,1.13623694955801,22.829867143453,3.54312884605725
"24",0.153079710144928,-0.623529411764706,1.98823529411765,1,NA,0.115942028985507,12.735429857202,37.123191908269,0.548589248537618,14.2926016040371,-0.0811912225705329,0.30778468474968,12.8084180098751,0.150687270704413,318.209962152038,5.02905302038155,0.717749646241108,0.876486983056851,0.204778479267252,16,69,1.775,0.761722080136402,0.354455059465783,0.233744394618834,0.384564523198297,0.838165908004406,0.119253712546923,0.315682572967279,0.0560920047031158,0.135008592809104,0.68266197225112,0.50314396451012,14.8539592223803,1.57792371811063,67,76,1.9992403665284,5.14003926950664,0.659002273284279,0.812436218739928,75.0259333642058,102.658036436857,2.85448980782424,1.08681482659874,22.1662544798725,3.45058153987767
"25",0.158514492753623,-0.623529411764706,2.05882352941176,1,NA,0.108695652173913,11.3215105781548,40.7853275858142,0.609506141372295,13.9235804746754,-0.0627942881254139,0.297612503010106,13.1422500178508,0.154614706092363,375.00775444807,5.06838841428936,0.723363618682374,0.870837282026011,0.175996803680541,16,69,2.00833333333333,0.817135549872123,0.367842984337428,0.24719730941704,0.357733484598053,0.828076031525267,0.145037063624707,0.332857268626547,0.0644827072152654,0.149317988064791,0.585811411145837,0.473267920035823,15.6411572561829,1.82345648400694,72,82,2.08402023884388,5.55626302070889,0.669774400931235,0.819617576404296,72.5445561494484,95.4988266924768,2.89382520173205,1.12615022050655,22.6561169849101,3.62838305079158
"26",0.15036231884058,-0.623529411764706,1.95294117647059,1,NA,0.115942028985507,13.4764157600268,36.1932018461692,0.544201587714106,12.2696461771359,-0.0903277504169144,0.314730775887762,12.1721335864736,0.143201571605572,294.359708728254,4.99836088912045,0.713369245743091,0.861846615106203,0.227235886636602,16,69,1.725,0.713981244671782,0.343211802170664,0.233183856502242,0.346852846638193,0.856780396608132,0.126920074165614,0.298315654461522,0.056033215755438,0.124373934356351,0.690756150460546,0.530122570163331,13.8246628131021,1.57016880826405,73,79,1.99777053336412,5.34356707564477,0.664490357362632,0.815698586491818,75.9482465904334,101.318024755212,2.82379767656314,1.05612269533764,20.9888688056934,3.35539836725377
"27",0.151268115942029,-0.623529411764706,1.96470588235294,1,NA,0.101449275362319,12.8961649300114,37.8912781820324,0.572884782843234,10.5480919684083,-0.0828919417399041,0.292068533740267,12.1960284452954,0.143482687591711,302.020936728191,4.99593419311553,0.713022906145554,0.837897012116426,0.229011498120878,16,69,1.65833333333333,0.754475703324808,0.353610190420485,0.225336322869955,0.316274453832179,0.837086155901154,0.126323066186626,0.297145235881094,0.053030303030303,0.133325341005968,0.656509986176842,0.510556917211329,14.9136212624585,1.41965199590583,78,77,2.00181644540833,5.5161022908734,0.660804461208598,0.819556009463942,76.9984213889968,102.262846822853,2.82137098055822,1.05369599933272,21.131980087516,3.26007680307482
"28",0.151268115942029,-0.623529411764706,1.96470588235294,2,1.11792470380388,0.108695652173913,14.0024157333307,36.6403457178872,0.521113334002236,12.4002797923775,-0.0885460162408141,0.308951100138379,12.6467473030176,0.148785262388442,302.020936728191,5.01693029727304,0.716019483487336,0.882455227205796,0.21364866586191,16,69,1.74166666666667,0.740835464620631,0.349515825047118,0.230941704035874,0.362765706412214,0.884401724177673,0.13348056988152,0.306725838929795,0.0569916517590936,0.129901960784314,0.706046831684254,0.515940372525822,14.5658840440824,1.58324873096447,71,78,1.96844654915033,5.07901286671272,0.657996116418318,0.814652546934507,74.3382153893254,104.033726993201,2.84236708471573,1.07469210349023,21.8486008961147,3.44489370992051
"29",0.147644927536232,-0.623529411764706,1.91764705882353,2,1.11792470380388,0.101449275362319,14.4371400469922,35.3070539445235,0.471006654015476,12.3888803815811,-0.0966752249360945,0.296300466858697,12.1772410018286,0.143261658845043,272.936096361811,4.99206403070586,0.712470554104489,0.876410134011646,0.231843292794244,16,69,1.53333333333333,0.70076726342711,0.341002144667577,0.217208520179372,0.334725848563969,0.824271477229721,0.106433058845048,0.28459798216391,0.047854203409759,0.126253399910689,0.735345818726027,0.541466697790227,13.7924891670679,1.29168804515136,74,82,1.9701451910145,4.95281877063834,0.658296880458591,0.806994774145973,76.2418561053383,104.891689672028,2.81750081814856,1.04982583692305,21.097212620104,3.2572693835532
"30",0.15036231884058,-0.623529411764706,1.95294117647059,2,1.11792470380388,0.108695652173913,14.1900323059336,34.9826696237888,0.534954147937911,12.8743755568573,-0.0843479970883817,0.303980933449614,12.0860874282836,0.14218926386216,294.359708728254,4.99918353517504,0.713486654311318,0.861133100383281,0.226633957190531,16,69,1.63333333333333,0.702472293265132,0.339702346136349,0.226737668161435,0.331184598647391,0.838654544591355,0.120503696683272,0.295843520067566,0.0518002322880372,0.123401534526854,0.707890707701605,0.541165213670009,13.2678741658723,1.36961961961962,82,84,2.01021920458273,5.27906679217871,0.665194042424304,0.816137800817837,75.8313882403447,102.323129501663,2.82462032261774,1.05694534139223,20.8851488117676,3.28702604479971
"31",0.152173913043478,-0.623529411764706,1.97647058823529,1,NA,0.108695652173913,11.0363140084262,37.7198587660875,0.605207226255428,11.7248457814151,-0.0776301245051245,0.306463670455391,12.2226403824956,0.143795769205831,309.965774924889,5.00743609587389,0.714664465024026,0.849605370106686,0.220595565269238,16,69,1.775,0.734441602728048,0.346396308572171,0.234304932735426,0.328159332773136,0.825114195751475,0.132901545988387,0.291734384094294,0.0565911730545877,0.127590846121057,0.620846118159919,0.513017040149393,14.1356255969436,1.59964903484583,77,84,2.0090361155822,5.15156152081883,0.662993124044781,0.810856616193664,76.1374435146564,103.280367095626,2.83287288331658,1.06519790209108,21.0703864108276,3.37489435416362
"32",0.153985507246377,-0.623529411764706,2,3,1.24904719698369,0.108695652173913,15.5713236652421,34.2716408739022,0.457657100135758,9.63518450708947,-0.0573635889874454,0.299930223472094,12.0722068554733,0.142025963005568,326.770419057678,5.00836732639912,0.714797370836978,0.83587922536541,0.219914184654711,16,69,1.65833333333333,0.744245524296675,0.347371157470592,0.226457399103139,0.360386271774875,0.863246505717916,0.113297883957589,0.28685472816513,0.0508928571428571,0.131000905797101,0.745294511259378,0.539315146348394,13.7973977695167,1.2756569162122,78,83,2.21962981020946,5.41047530981806,0.684995421031478,0.816653456234847,76.1453978676445,102.37645975407,2.83380411384181,1.0661291326163,20.8891275801031,3.25528613084347
"33",0.14945652173913,-0.623529411764706,1.94117647058824,1,NA,0.108695652173913,12.366076890886,36.1654834248191,0.579601875408088,13.1905822568575,-0.0776024919473208,0.308479582433616,11.6480426412777,0.137035795779738,286.967447019529,4.96879328507566,0.709149338484738,0.7969550615448,0.248870478360483,16,69,1.59166666666667,0.722932651321398,0.345161499967505,0.221692825112108,0.317687384141863,0.811572848509066,0.117063693505263,0.304550299090803,0.0504850088183421,0.130732486231207,0.67828611738503,0.517374377287147,14.1839464882943,1.34363822176801,76,82,2.11935534806386,4.89257638408724,0.676474842573178,0.808324602649948,79.5427727200637,104.829077317003,2.79423007251835,1.02655509129285,20.1410951317106,3.1549901508449
"34",0.153079710144928,-0.623529411764706,1.98823529411765,1,NA,0.101449275362319,13.4333419800385,39.30834327428,0.591086970162464,11.8743450160725,-0.0710057790230204,0.291934134990705,12.5591558367057,0.147754774549479,318.209962152038,5.01852581821,0.716247197250431,0.844527034881232,0.212481224495816,16,69,1.7,0.789428815004263,0.362383830506271,0.229820627802691,0.328685824117122,0.825305869598885,0.122896467140658,0.310596642158238,0.0518485390578414,0.138959931798806,0.666000588829872,0.485690004262575,15.7061589092619,1.44478685156651,77,76,1.98451708999294,5.10242024791159,0.659159752265999,0.810212005302074,76.2704792388714,100.003291745265,2.8439626056527,1.07628762442719,21.780297304922,3.33801436848934
"35",0.155797101449275,-0.623529411764706,2.02352941176471,1,NA,0.115942028985507,14.5529055020332,36.5926908992602,0.538907253629426,11.3959546806262,-0.0730597842666808,0.293511791964621,12.5289267737937,0.14739913851522,344.914468073645,5.039009686488,0.719170667961635,0.849292527402347,0.197493194811409,16,69,1.79166666666667,0.765132139812447,0.355494898290765,0.232903587443946,0.37323342086626,0.839925125294366,0.122748665998148,0.298434482705377,0.0570606060606061,0.13421697181288,0.674006600091827,0.520589520832488,14.2362790697674,1.4747100912904,80,80,1.95960180907085,5.10173149156037,0.658201079050142,0.806918369668201,73.9106894062562,104.521370829169,2.86444647393069,1.09677149270518,21.6480038987001,3.4098496488873
"36",0.14945652173913,-0.623529411764706,1.94117647058824,3,1.24904719698369,0.108695652173913,13.6536125606465,36.1188354314875,0.531602729401815,13.3848805290411,-0.100820484714715,0.318660220456165,12.398957228378,0.145870085039741,286.967447019529,5.00684356822158,0.714579899100559,0.886671234399093,0.221029117268359,16,69,1.76666666666667,0.708013640238704,0.341197114447261,0.236547085201794,0.318236693946253,0.859396922510753,0.140386007066068,0.296667745602304,0.0585438443670151,0.123641304347826,0.701509344300549,0.525880340058729,13.9283276450512,1.69865788807293,70,81,1.96497975429327,5.00874477956394,0.660501727923007,0.810496974472716,74.4973947775041,95.3927766847257,2.83228035566427,1.06460537443877,21.3099228910096,3.48799156574632
"37",0.153079710144928,-0.623529411764706,1.98823529411765,1,NA,0.108695652173913,14.6862428241393,36.2954993100979,0.550914903633411,9.76868693170396,-0.0724232640018295,0.302535993975803,12.0035405717526,0.14121812437356,318.209962152038,5.00171028663724,0.713847273887366,0.820658012142644,0.22478513520991,16,69,1.73333333333333,0.735294117647059,0.345291479820628,0.227858744394619,0.336000605091637,0.829142062424477,0.122968967739119,0.284544972252391,0.053735632183908,0.129981461183507,0.686904774238108,0.528798207688873,13.8475696083058,1.46779408107436,80,82,1.97773128640854,5.22597708891843,0.660483828001087,0.809805064374816,77.8128364421999,104.689646440683,2.82714707407993,1.05947209285443,20.6807794407814,3.32630170272379
"38",0.153985507246377,-0.623529411764706,2,1,NA,0.0942028985507246,13.1290820726859,37.3630875972725,0.593617118525223,13.1837366022281,-0.0767070742211943,0.308300923067132,12.7283912272636,0.149745779144277,326.770419057678,5.0399623954876,0.719306639196113,0.881272831101234,0.196796098414732,16,69,1.90833333333333,0.750213128729753,0.349580814973679,0.242713004484305,0.34428955821565,0.860275203135846,0.144950848659138,0.305046677663178,0.0615345528455285,0.130617464377055,0.640497300178089,0.514325915551406,14.4072657743786,1.79502487562189,76,83,2.06008949901565,5.23765634668746,0.667831332209144,0.815065974147444,73.8348635581892,98.7611836729443,2.86539918293029,1.09772420170479,21.8632187395813,3.59356371494581
"39",0.152173913043478,-0.623529411764706,1.97647058823529,1,NA,0.101449275362319,13.9082891088354,35.4944200838361,0.524632528074179,8.83349078604553,-0.0859688063205134,0.300156245022224,11.81995361683,0.139058277845059,309.965774924889,4.99639665782283,0.713088909402771,0.825060058069497,0.228673113072365,16,69,1.66666666666667,0.70843989769821,0.339702346136349,0.22085201793722,0.362309745874613,0.820159519130736,0.115449804271221,0.261370275600958,0.0513649425287356,0.131287297527707,0.686936783696056,0.554454745666383,13.0415094339623,1.35407407407407,78,82,1.99741473953762,5.39559791931132,0.663453847698055,0.815876107305199,77.0192795602163,102.608714726517,2.82183344526552,1.05415846404002,20.3601717581527,3.2797354755073
"40",0.151268115942029,-0.623529411764706,1.96470588235294,2,1.11792470380388,0.108695652173913,14.877029192683,35.1801125341271,0.540211095519501,9.94178705857538,-0.0998117015088998,0.325290527932935,11.9266922915839,0.14031402695981,302.020936728191,5.00152993940717,0.713821534615965,0.854672207722508,0.224917095130813,16,69,1.80833333333333,0.685421994884911,0.333463313186456,0.231502242152466,0.349154821359969,0.870413043478261,0.128662551838585,0.275221242136526,0.0581980056980057,0.116787883631714,0.700090147608463,0.552132441744814,12.6697247706422,1.66830466830467,78,85,1.95359516198831,5.1446882459946,0.656408632216426,0.810146178508999,75.3378101689764,100.23277758882,2.82696672684986,1.05929174562436,20.4137475596967,3.43963702347108
"41",0.14945652173913,-0.623529411764706,1.94117647058824,1,NA,0.108695652173913,13.4754218192165,35.6328112942415,0.543335976047178,11.779514186422,-0.0879614534401768,0.304833674119656,11.9996574348375,0.141172440409853,286.967447019529,4.99327737870833,0.712643723903257,0.857382474052355,0.230955487052105,16,69,1.65,0.696504688832055,0.338467537531683,0.224775784753363,0.347172204111827,0.816414049736794,0.110015742696204,0.277075487120771,0.0519308943089431,0.123141043857156,0.691133970843718,0.54225904613053,13.3251563251563,1.44416498993964,78,78,1.9147757793962,5.15045826125978,0.652875805511395,0.805948434495574,76.6797671834317,100.899163042465,2.81871416615102,1.05103918492551,20.7090754089347,3.29023946074039
"42",0.156702898550725,-0.623529411764706,2.03529411764706,1,NA,0.108695652173913,13.1098818687735,39.3435729810426,0.582441489135282,11.683038507856,-0.0580040536618875,0.28333641923779,12.7994623647478,0.150581910173503,354.53894003017,5.03913974943301,0.719189230627885,0.844689473875601,0.197398027860803,16,69,1.78333333333333,0.820971867007673,0.369207772795217,0.233744394618834,0.347747336560289,0.796350891660654,0.132842590866894,0.32149068087073,0.0538536076326774,0.143615462489344,0.648281798155372,0.481873815951501,15.9072450392247,1.45854398382204,73,78,2.13899585810451,5.32844067621345,0.677096029056701,0.81566439018812,74.330002062284,101.626811646916,2.8645765368757,1.09690155565019,22.1809915315384,3.41793319795712
"43",0.152173913043478,-0.623529411764706,1.97647058823529,1,NA,0.115942028985507,15.2469147190506,34.5022922468178,0.537590933827845,11.5507985526234,-0.0715598415469197,0.308311147737387,11.5975020725472,0.136441200853497,309.965774924889,4.98623816601194,0.711639082989318,0.794178130362293,0.23610607323126,16,69,1.60833333333333,0.70076726342711,0.337102749073894,0.221132286995516,0.332278032415064,0.80562151684032,0.109443731403466,0.279440508457484,0.0492663817663818,0.131095481670929,0.695823730174255,0.546251894477598,12.6860356138707,1.22935103244838,82,85,2.04554608846513,5.22294836743581,0.668353569214415,0.810435186450816,79.0581376198299,110.813875296602,2.81167495345463,1.04399997222913,20.0234957644355,3.17150838065892
"44",0.15036231884058,-0.623529411764706,1.95294117647059,2,1.11792470380388,0.108695652173913,15.0889383830715,35.3489954970085,0.462951265104484,10.5833299199074,-0.0812607099325447,0.293792473654256,12.3598115617833,0.145409547785686,294.359708728254,5.00062700157979,0.713692666754847,0.868886839411604,0.225577774001442,16,69,1.61666666666667,0.740835464620631,0.347826086956522,0.223374439461883,0.370027978371547,0.832932720911968,0.115038837499089,0.2834658761326,0.0496080139372822,0.131287297527707,0.725072658827331,0.534637385147296,14.6127497621313,1.36584741423451,73,74,2.07506947993134,4.86741542588981,0.669120835252805,0.807775541859739,76.0841857759565,101.48454525131,2.82606378902248,1.05838880779697,21.4038656279855,3.31575749558117
"45",0.145833333333333,-0.623529411764706,1.89411764705882,3,1.30122613100965,0.0942028985507246,13.3767916421495,34.6523169960968,0.500510062116795,11.6531695420408,-0.0938360462974769,0.308743641332337,11.629050997055,0.136812364671235,259.828130070147,4.95858502209256,0.707692408697924,0.844524839643213,0.256339856045428,16,69,1.46666666666667,0.683290707587383,0.335218041203613,0.213845291479821,0.323750061694882,0.827785125362298,0.108128705457182,0.288376632664316,0.0460344827586207,0.125069351412062,0.733469790634419,0.543541438314456,13.5487154629181,1.22397313355722,76,83,1.96059392412145,4.87161202530061,0.660865517441221,0.805909611013761,78.8324935650589,102.454214184793,2.78402180953525,1.01634682830974,20.1363812501798,3.12172074393012
"46",0.151268115942029,-0.623529411764706,1.96470588235294,1,NA,0.108695652173913,13.3299371104824,35.8060239242404,0.593118103778036,10.7788756295051,-0.0985354436990487,0.31369049349898,12.1549723296844,0.142999674466875,302.020936728191,5.01458389304091,0.715684603182689,0.8704329798255,0.215365527921628,16,69,1.79166666666667,0.687553282182438,0.332683434067719,0.235145739910314,0.336069042316258,0.818205327126972,0.13156298398371,0.277917022062638,0.0568053197509904,0.117254102728048,0.641543719041574,0.547423874139028,12.7224096385542,1.63640836408364,79,83,1.94713039045975,5.06099782780988,0.655937377974315,0.80771284095577,75.193404511602,96.4085363604636,2.8400206804836,1.0723456992581,20.8704407028856,3.43950395648326
"47",0.153985507246377,-0.623529411764706,2,2,1.11792470380388,0.108695652173913,13.7783766067423,36.1229646266143,0.549320936145591,11.1672680072923,-0.066947540837847,0.311280748831572,11.9880167126188,0.141035490736692,326.770419057678,5.00996284733608,0.715025084600073,0.82614611884948,0.218746743288618,16,69,1.725,0.739556692242114,0.347696107103399,0.232062780269058,0.336652698530511,0.853675750745623,0.132689858414693,0.296783810896682,0.0548127177700348,0.129875319693095,0.689710457334891,0.525375313772852,13.7359550561798,1.40865265760198,82,80,2.21072536981765,5.18021392307746,0.682318606083313,0.814610500613549,76.3108868952821,103.26572624458,2.83539963477878,1.06772465355327,20.6677736129831,3.30825981225457
"48",0.151268115942029,-0.623529411764706,1.96470588235294,2,1.11792470380388,0.115942028985507,15.6583961185178,33.5374864389463,0.452246703421092,12.1134880258968,-0.0673517454767455,0.306793853309188,11.9626636526602,0.140737219443061,302.020936728191,4.99805047894538,0.71332494380544,0.848917323005625,0.227463013508111,16,69,1.625,0.705029838022165,0.340612205108208,0.226177130044843,0.37538329076748,0.847978950233634,0.112330345193517,0.283021573411656,0.0515138154027043,0.125576800768617,0.712740182436611,0.553590508667235,13.1021276595745,1.31013916500994,80,86,2.0531679564651,5.1262400330616,0.668192548953982,0.810173605918897,75.9822063532201,105.026025313461,2.82348726638807,1.05581228516256,20.6414401563023,3.28388714901813
"49",0.154891304347826,-0.623529411764706,2.01176470588235,1,NA,0.108695652173913,12.7128244083695,36.921686555912,0.60890442859933,10.5177927191309,-0.0779992944904071,0.306020106623654,12.3204190675657,0.144946106677244,335.665369802859,5.02505279502687,0.717178731533793,0.838996433551044,0.207705440891224,16,69,1.91666666666667,0.746376811594203,0.34776109702996,0.241031390134529,0.341309085025811,0.841185297909665,0.158403982227197,0.29469440847822,0.0622126436781609,0.128443361040068,0.565393720322887,0.527023302074453,14.0270783847981,1.75953728771843,76,77,1.87319046147598,4.97362825531102,0.649099311436733,0.808018340419764,74.667233938525,100.627010862531,2.85048958246957,1.08281460124406,21.1556575219423,3.48518061318911
"50",0.153079710144928,-0.623529411764706,1.98823529411765,1,NA,0.108695652173913,10.2992152934016,38.0037777847997,0.645598718327068,11.4695530206479,-0.093982428810015,0.309214595840486,12.4381227020479,0.146330855318211,318.209962152038,5.02783967237909,0.71757647644234,0.868127152137806,0.20566628500939,16,69,1.85833333333333,0.727621483375959,0.343796711509716,0.23822869955157,0.323352328453505,0.796733371283444,0.161655283184738,0.301663784362525,0.0603591954022989,0.127491576340681,0.560039251643418,0.516889341082649,13.7707036859741,1.71750433275563,84,82,2.02766643692038,5.13474681545504,0.6640689317112,0.812149762158766,72.2343509691529,97.4319321527985,2.85327645982178,1.08560147859627,21.3736607199403,3.50258468415552
"51",0.154891304347826,-0.623529411764706,2.01176470588235,1,NA,0.115942028985507,17.8843827908523,31.2943652724675,0.499384113963015,8.77143436450006,-0.0525103034325639,0.296626702892279,11.5051240702545,0.135354400826524,335.665369802859,4.9975297140525,0.71325061990865,0.781508115172171,0.227844056754785,16,69,1.61666666666667,0.705029838022165,0.332878403847404,0.220571748878924,0.375826893660979,0.784608284296758,0.105426509022942,0.262118618858999,0.0484427609427609,0.125333225077471,0.700259889140841,0.584919907576557,12.1373449701424,1.12139423076923,84,88,2.14174254066975,5.26179229052263,0.676186805969321,0.815043766038649,78.7549081006151,100.734793280496,2.82296650149519,1.05529152026968,19.8519404462509,3.15830769425816
"52",0.151268115942029,-0.623529411764706,1.96470588235294,1,NA,0.101449275362319,12.5589391328753,36.6049856469565,0.571826250784735,13.5947740418543,-0.0769842260088804,0.304715997018316,12.372626114548,0.145560307229976,302.020936728191,5.0127497246883,0.71542282950862,0.87204166742108,0.216707587406784,16,69,1.66666666666667,0.735720375106564,0.348021056736206,0.228419282511211,0.335020033925682,0.829853305833005,0.124431463450756,0.300889094619198,0.0524250440917108,0.129369138959932,0.665886288791337,0.521683116483308,14.2589073634204,1.42130566801619,78,85,2.05059142543092,4.79434335588568,0.669045506305884,0.803338880410894,75.4267914278785,101.812606681272,2.83818651213099,1.07051153090548,21.3690896552955,3.37616257380047
"53",0.157608695652174,-0.623529411764706,2.04705882352941,1,NA,0.101449275362319,14.2736892283054,38.9131641990523,0.564823049920033,10.8078577650759,-0.0733936948899635,0.299561838099013,13.1674052322218,0.154910649790844,364.561744502125,5.06952147051903,0.723525329188252,0.884737304912553,0.175167747362961,16,69,1.99166666666667,0.800511508951407,0.362058880873465,0.244394618834081,0.388858409137604,0.847733105218135,0.137897665204285,0.311200953030813,0.0621252204585538,0.135683077578858,0.655118824424332,0.499160303815568,15.2926829268293,1.82169390787519,74,76,2.11267802388762,5.11658712813788,0.672854761518291,0.812441456640743,72.5453207693167,97.1494307035242,2.89495825796172,1.12728327673621,22.6754042590027,3.6594062054408
"54",0.160326086956522,-0.623529411764706,2.08235294117647,1,NA,0.115942028985507,12.6422238767907,39.9264593881382,0.600897468648048,10.7457218369627,-0.0602720717916796,0.299540830606284,12.6761653533886,0.14913135709869,397.279695405502,5.06134920159298,0.722358977768435,0.834849633269626,0.181147389859696,16,69,1.98333333333333,0.805626598465473,0.363423669331254,0.245515695067265,0.357303401428568,0.805255586108936,0.145589096074513,0.307209030711418,0.0633560606060606,0.13889903787602,0.591597664246528,0.495050361529475,14.6778338687471,1.66279069767442,86,84,2.15104354803098,5.57701495638093,0.67509558094869,0.820381330630784,73.6679663023033,97.7339684617135,2.88678598903567,1.11911100781016,21.7974355284303,3.55489517834699
"55",0.155797101449275,-0.623529411764706,2.02352941176471,1,NA,0.108695652173913,12.2649670046579,37.4695408927928,0.576157706864236,13.126943813657,-0.0690031950807813,0.303917150949892,12.4511550850179,0.146484177470799,344.914468073645,5.0364829350258,0.718810048385588,0.85600693596022,0.19934201679203,16,69,1.75833333333333,0.750213128729753,0.350230714239293,0.232343049327354,0.340008444261399,0.83809139060957,0.14556059776882,0.308383744499668,0.0561067019400353,0.133202073099771,0.65554595889417,0.517232803749519,13.6645041705283,1.39456947162427,82,79,2.07138560134911,5.44172013653794,0.667828688843705,0.816681276628717,72.5278485836213,101.320153689112,2.86191972246849,1.09424474124299,21.4979809021752,3.40432926786067
"56",0.154891304347826,-0.623529411764706,2.01176470588235,2,1.11792470380388,0.101449275362319,12.9552994649389,37.2439678461576,0.546156415650534,10.9493036926127,-0.0812844283749456,0.305605633270689,12.3871069501158,0.145730670001362,335.665369802859,5.03248270967113,0.718239133678273,0.845893554710953,0.202268978416002,16,69,1.76666666666667,0.747229326513214,0.347501137323715,0.232062780269058,0.376606191023881,0.838744588744589,0.123423767157307,0.289116480763933,0.0544181034482759,0.129568947144075,0.676566349647935,0.522509057971015,13.8211116300794,1.45456784043339,75,84,2.07070564206373,5.40711139688429,0.670262034769001,0.815678740789959,75.1653569199354,96.4492859790811,2.85791949711382,1.09024451588832,21.3652649691876,3.408948931044
"57",0.153079710144928,-0.623529411764706,1.98823529411765,1,NA,0.115942028985507,14.8466466098165,33.8181182893179,0.523754214208248,11.2912891673603,-0.0643913860059693,0.311164864544966,11.6838445503422,0.137456994709908,318.209962152038,4.99683713094292,0.713151774006672,0.824694248705069,0.228350819250249,16,69,1.65833333333333,0.705029838022165,0.339052446870735,0.225336322869955,0.33318204897642,0.826163980238535,0.135631206097936,0.287776508919722,0.0533117816091954,0.124540441176471,0.675939422348756,0.552312370600414,12.6677585400094,1.2905669599218,79,84,2.27295228237731,5.59407684789824,0.687718002813734,0.820691206599955,76.3336023169699,100.296129964577,2.82227391838561,1.0545989371601,20.1053045934076,3.26238450727682
"58",0.153079710144928,-0.623529411764706,1.98823529411765,2,1.11792470380388,0.108695652173913,14.2651646335433,36.1902655137607,0.512544162692858,12.2573976794859,-0.0649661805273825,0.288839972498242,12.7536271200769,0.150042672000904,318.209962152038,5.02936343055662,0.717793948178759,0.880997982879741,0.204551352395743,16,69,1.7,0.772804774083546,0.357769545720413,0.230100896860987,0.35783742119098,0.834920493320547,0.132975882423584,0.304080117259622,0.0528771615980918,0.138141246836899,0.689168485746605,0.516978545041205,15.119417019276,1.43046020849225,78,81,2.09051974996606,5.4626993853924,0.672508643881207,0.818329060631136,73.7994514426916,100.066754023859,2.85480021799932,1.08712523677381,22.0817518483322,3.42550239182149
"59",0.155797101449275,-0.623529411764706,2.02352941176471,1,NA,0.108695652173913,12.7159243293057,36.718404961714,0.581326710882698,11.3021203361836,-0.0755269503129938,0.321076781008099,11.7323410899166,0.138027542234313,344.914468073645,5.00597539269279,0.71445599253681,0.753622266499255,0.221664360593508,16,69,1.84166666666667,0.731031543052003,0.344251640995646,0.232062780269058,0.361228939230568,0.850101341153133,0.124867083905754,0.296439921092568,0.0586494252873563,0.125619405370844,0.643673128467352,0.524454183243346,13.1188026192703,1.54633438180498,79,84,2.02812702776981,5.19087644637016,0.666087082825247,0.811979639804537,79.0861726471116,108.406201997639,2.83141218013548,1.06373719890997,20.1199472070407,3.34473497279253
"60",0.155797101449275,-0.623529411764706,2.02352941176471,2,1.11792470380388,0.115942028985507,15.4274758759394,37.8551416142657,0.489439990608661,10.0409572854828,-0.0735750573123022,0.303517595285958,12.2226279047292,0.143795622408578,344.914468073645,5.01744253315255,0.716092590117913,0.799836550128726,0.213273863287348,16,69,1.81666666666667,0.77536231884058,0.357899525573536,0.231502242152466,0.365555948510995,0.846684088149962,0.121029664727547,0.295394885094531,0.0587731481481482,0.135847575745274,0.700407570508896,0.512219301569259,14.634328358209,1.53487217671879,79,83,2.23838217498473,5.22410395562074,0.68362155187935,0.811609080224629,76.8140582877989,111.656642984054,2.84287932059524,1.07520433936974,21.0552590546067,3.38999675485164
"61",0.153985507246377,-0.623529411764706,2,1,NA,0.108695652173913,13.070623399393,37.2221391805651,0.576678809017494,12.6805842601357,-0.0881898794698452,0.305364939683588,12.4842190972859,0.146873165850423,326.770419057678,5.03640264325301,0.718798589092698,0.870026776500733,0.199400766216588,16,69,1.85833333333333,0.728900255754476,0.345226489894066,0.241031390134529,0.349260480499471,0.788315430966728,0.137983730464723,0.2948451926967,0.059581881533101,0.126483443618993,0.623992571870806,0.528061114945173,13.56463878327,1.67125307125307,80,83,2.13384663825803,5.12108233459704,0.674538198935297,0.811823445839386,73.6000031454213,100.261566320664,2.8618394306957,1.0941644494702,21.4818216976851,3.4866164968868
"62",0.155797101449275,-0.623529411764706,2.02352941176471,1,NA,0.115942028985507,16.201216866725,33.9234486789231,0.531328178634604,10.5652680652681,-0.0668869766485285,0.30987782253946,11.9584276351817,0.140687383943314,344.914468073645,5.0270170263245,0.717459067874113,0.833022366293914,0.206268214455461,16,69,1.76666666666667,0.707161125319693,0.335023071423929,0.23262331838565,0.35982992743201,0.862447543554745,0.126746601103815,0.273092607223496,0.0546171171171171,0.121410112958227,0.695599923573,0.560859238622985,12.178107606679,1.37741704464073,84,88,2.00717235819205,5.34804951961664,0.663460958974782,0.815290038721317,75.0309933509517,96.7196944007249,2.85245381376719,1.08477883254168,20.5539738832715,3.36288138709182
"63",0.153985507246377,-0.623529411764706,2,2,1.11792470380388,0.108695652173913,14.5085328384898,35.8384956712207,0.540965085826657,8.14725443070942,-0.0868045014895059,0.310712718404039,12.3850561188209,0.145706542574364,326.770419057678,5.01396307269076,0.715595999307388,0.844041101559187,0.215819781664646,16,69,1.975,0.73998294970162,0.344381620848768,0.244955156950673,0.357356913511034,0.856794301680375,0.152751144252978,0.281862423502357,0.0631125356125356,0.125113224637681,0.607002159614825,0.531015967432208,14.1483622350674,1.92087042532146,77,76,2.07016465728282,5.11141914955833,0.669457842282632,0.8101025363051,75.4108619293895,99.9532765608415,2.83939986013345,1.07172487890795,21.1970466783614,3.57306555928047
"64",0.151268115942029,-0.623529411764706,1.96470588235294,1,NA,0.115942028985507,15.7675018560197,34.4627361014222,0.503321167782712,10.3325336464023,-0.0828918811145065,0.305990859085861,11.8623930817991,0.139557565668225,302.020936728191,4.99162355758578,0.712407689500589,0.824947159553026,0.232165586616359,16,69,1.68333333333333,0.709292412617221,0.339897315916033,0.228699551569507,0.331419808485809,0.849852440408627,0.114643939145438,0.275892725376071,0.0528890824622532,0.12523850119758,0.700485376117887,0.544216396703609,13.3417420276059,1.43373193821624,82,79,2.05050944997542,5.08567996968949,0.667625780121168,0.81310097305927,77.4398322710838,102.970648283034,2.81706034502847,1.04938536380297,20.4767127845574,3.24807337904088
"65",0.154891304347826,-0.623529411764706,2.01176470588235,1,NA,0.108695652173913,14.1952023919409,38.4428936046102,0.580994226551907,12.0440531213247,-0.0657620912722953,0.30229863669837,12.5148794304612,0.147233875652485,335.665369802859,5.03139942461368,0.718084526545755,0.851296153384331,0.203061617207533,16,69,1.75,0.769820971867008,0.353545200493923,0.232343049327354,0.361562134176512,0.831220185789606,0.122002288514598,0.301297969743249,0.0524066091954023,0.136030257513633,0.685077288469439,0.505322341496985,14.586013986014,1.43937125748503,83,82,2.03693765279057,5.10639870685221,0.666619407807561,0.810879287816379,74.7605204710717,98.5993307771149,2.85683621205637,1.08916123083086,21.6323040401296,3.3974548207929
"66",0.154891304347826,-0.623529411764706,2.01176470588235,1,NA,0.101449275362319,13.3421708508171,38.6723783968486,0.578327371515155,12.7019744917943,-0.0845710673887106,0.302969373746705,12.5340348846229,0.14745923393674,335.665369802859,5.03222207066827,0.718201935113982,0.850591528759017,0.202459687761462,16,69,1.79166666666667,0.76385336743393,0.353545200493923,0.233744394618834,0.35424730388536,0.849650497775895,0.128114593437605,0.307214450188557,0.0563932980599647,0.13487327298069,0.672446817021037,0.506289083266157,14.4444964871194,1.52013923421183,76,80,2.16444075598917,5.09683004006187,0.677174220793601,0.811024642581682,74.6454484434005,102.071471575282,2.85765885811096,1.08998387688545,21.6543947466711,3.41367502257476
"67",0.151268115942029,-0.623529411764706,1.96470588235294,2,1.11792470380388,0.115942028985507,14.2333102853225,35.4019979456349,0.544919945527143,13.535534425728,-0.0926764523355432,0.319187993041733,12.1632378493998,0.143096915875292,302.020936728191,5.01071373063124,0.715132251141624,0.864634616308888,0.218197322594993,16,69,1.75833333333333,0.701193520886615,0.339247416650419,0.231502242152466,0.33718103248549,0.888219115287646,0.130039573327391,0.29968613690931,0.0576655052264808,0.121689844416027,0.711711524047914,0.53096839943707,13.1651464234277,1.58095710389288,76,83,1.89488925405533,5.12472871395785,0.653517110292946,0.809887807090206,74.8082507823059,100.956771021721,2.83615051807394,1.06847553684843,20.9250113325212,3.40146436627836
"68",0.151268115942029,-0.623529411764706,1.96470588235294,1,NA,0.101449275362319,14.5766466386674,37.3338072355844,0.527566822665031,12.368107179913,-0.0600839724959443,0.283634694467602,12.4607435355467,0.146596982771138,302.020936728191,4.99613601881997,0.713051710838481,0.84623595604779,0.228863822417825,16,69,1.56666666666667,0.774083546462063,0.358159485279782,0.219730941704036,0.309992972813409,0.823478985010287,0.0979596338160489,0.307574859833645,0.0475606060606061,0.138094096334186,0.732840793807642,0.501838708913517,15.4509159229685,1.24003107198343,73,81,2.01673789932378,4.81219414840337,0.66223892825375,0.803844413199781,77.8611196338858,101.110627246332,2.82157280626266,1.05389782503716,21.6971920453443,3.22429502574903
"69",0.15036231884058,-0.623529411764706,1.95294117647059,1,NA,0.108695652173913,12.9229336376215,35.933203612644,0.570308130618403,11.5928066931717,-0.0865276124249318,0.303047093260493,12.060308752477,0.141885985323259,294.359708728254,4.99644642899504,0.713096012776131,0.850289399390743,0.228636695546316,16,69,1.675,0.714407502131287,0.343666731656593,0.228699551569507,0.33172572866429,0.748668996411567,0.13022132000987,0.290516577561778,0.0534611992945326,0.126842041164292,0.611871217727278,0.536542420510877,13.7605363984674,1.46622983870968,76,81,2.1047273368366,5.21814476842457,0.67337345000301,0.814592332670979,76.4537552039854,102.030879620083,2.82188321643774,1.05420823521223,20.7848499822374,3.33576752271668
"70",0.151268115942029,-0.623529411764706,1.96470588235294,1,NA,0.108695652173913,13.1019684558753,35.764740981286,0.518715784396399,9.52172865433206,-0.0961257126089873,0.321962825155388,11.3647115001737,0.133702488237338,302.020936728191,4.96828104919614,0.709076231854161,0.779208917278025,0.249245280935046,16,69,1.76666666666667,0.69309462915601,0.335088061350491,0.231782511210762,0.359550906783477,0.851661974198428,0.112158729365034,0.267430229732149,0.0557264957264957,0.118539535379369,0.678621690818894,0.550033187187919,12.8856319077367,1.59057255676209,79,83,2.14388884401347,5.14140732552142,0.677010446204724,0.80896092944542,80.1711007327117,103.129969549794,2.79371783663884,1.02604285541333,19.4901316418749,3.2392913584726
"71",0.156702898550725,-0.623529411764706,2.03529411764706,2,1.11792470380388,0.108695652173913,15.0151899213378,37.2852054451811,0.49885238311664,11.4959281504294,-0.0538509257259257,0.284699042953113,12.5725574583789,0.147912440686811,354.53894003017,5.03323359296629,0.718346300219824,0.840829447780809,0.201719557722377,16,69,1.71666666666667,0.792412617220801,0.361668941314096,0.224495515695067,0.393813458268361,0.862572151241974,0.111662738470735,0.305995183813079,0.0523181276088253,0.148451264563797,0.729418149718075,0.50625035521455,14.8085203847916,1.2970420084514,73,78,2.19994577390316,5.37937117535184,0.681134641859809,0.816448766067809,73.4700918763212,99.4583913409339,2.85867038040898,1.09099539918348,21.8123373384906,3.33277757826722
"72",0.155797101449275,-0.623529411764706,2.02352941176471,2,1.11792470380388,0.108695652173913,12.7633263549302,39.6944303706266,0.579458284253228,12.0785463972812,-0.0650353286570541,0.294945629050349,12.8582389251416,0.151273399119313,344.914468073645,5.04117574349006,0.719479808994881,0.861179422517604,0.195908292672593,16,69,1.85833333333333,0.79923273657289,0.362903749918763,0.237948430493274,0.353919932172853,0.846590106363655,0.130326504874034,0.31655157800794,0.0575029394473839,0.138440430520034,0.650506554741088,0.483926186416596,15.5426429240862,1.64334256229549,74,80,2.12744172462776,4.90719263163025,0.675883326279801,0.803929318469548,74.8376723696694,95.5424070276392,2.86661253093275,1.09893754970725,22.235572965875,3.4809048844083
"73",0.155797101449275,-0.623529411764706,2.02352941176471,1,NA,0.101449275362319,13.89259364545,38.9811626629304,0.561030738861166,11.9148243208065,-0.0733634679572343,0.295902977672133,12.4999562072628,0.147058308320739,344.914468073645,5.03139942461368,0.718084526545755,0.833653608673633,0.203061617207533,16,69,1.75833333333333,0.784313725490196,0.359914213296939,0.230661434977578,0.346628043143297,0.839891594361226,0.113174389729303,0.313267194336502,0.0544722719141324,0.139108783610062,0.694207628883194,0.49393349368733,14.8507877664504,1.42240518962076,78,89,2.20682377490001,5.48711992467921,0.681160217832448,0.819919941704862,75.748179750102,100.783216537577,2.85683621205637,1.08916123083086,21.6462076863621,3.35370472816352
"74",0.16213768115942,-0.623529411764706,2.10588235294118,1,NA,0.101449275362319,12.5526920773717,41.33873590889,0.618298045833367,11.7970371072561,-0.0555677083552259,0.301798173788929,13.3468020107429,0.157021200126387,421.60044440248,5.09059786644933,0.726533365822924,0.861256377480226,0.159746165679434,16,69,2.15,0.843989769820972,0.369922661987392,0.254204035874439,0.392513565286369,0.864815758193242,0.1566468575172,0.327105240882075,0.0663980836236934,0.144135915235659,0.573744658641314,0.46905341165891,15.7597971415399,1.93789576229907,76,79,2.23334829634513,5.25764703332767,0.683836461319396,0.812640261347523,72.4428751640503,94.2409688965037,2.91603465389202,1.14835967266652,22.9308115335955,3.76279248789025
"75",0.156702898550725,-0.623529411764706,2.03529411764706,1,NA,0.108695652173913,12.0456473194755,40.1310264035325,0.595686141058105,10.5500328274051,-0.0906569288280698,0.303350877991141,12.7295523543593,0.149759439463051,354.53894003017,5.04496561412693,0.720020701743056,0.835331943167036,0.193135247423787,16,69,2.01666666666667,0.786018755328218,0.357834535646975,0.245515695067265,0.378558226314092,0.84885501496485,0.133466782466634,0.303673221939769,0.0629115226337449,0.13164029198636,0.615785770625123,0.504000489084523,15.0862150639507,1.90737989103517,74,75,2.05350625468594,5.30447520408801,0.667695155389399,0.817098291414056,74.4011553844025,98.4614225036989,2.87040240156962,1.10272742034412,21.8902238691225,3.56888083959609
"76",0.158514492753623,-0.623529411764706,2.05882352941176,1,NA,0.108695652173913,13.4202224608433,38.5796041392148,0.574922362324217,11.3144346416852,-0.0761268114601448,0.296552843200565,12.8762508231966,0.151485303802313,375.00775444807,5.06279266799772,0.722564990211964,0.861254389483342,0.180091206670607,16,69,1.94166666666667,0.780903665814152,0.357639565867291,0.242993273542601,0.392317319946465,0.853536085837532,0.135462406485137,0.300308849609286,0.0613148479427549,0.132286338448423,0.657605538154787,0.509856586354348,14.2654006484484,1.6517727051967,79,86,2.25510381326546,5.2257063644471,0.686510048781998,0.812861882438736,72.5599986052198,97.9363851342592,2.88822945544041,1.12055447421491,22.1978506134136,3.55465103297965
"77",0.152173913043478,-0.623529411764706,1.97647058823529,1,NA,0.115942028985507,15.6261048427982,34.205948147554,0.490402873376676,12.3694114752509,-0.0810785696365634,0.308254320566241,11.8070792725711,0.138906814971425,309.965774924889,4.99949394535012,0.713530956248969,0.806505157129822,0.226406830319022,16,69,1.69166666666667,0.71227621483376,0.340742184961331,0.229540358744395,0.363370999305599,0.847712572791542,0.112661545358429,0.285126075565765,0.0521479885057471,0.123348252344416,0.728035336102644,0.551685044790863,13.2147587511826,1.4083147735709,78,81,2.03051963615799,5.04510667270471,0.665574260723135,0.806433123389108,78.1830266467422,108.704013544772,2.82493073279281,1.05725575156731,20.3485017654642,3.26565677967796
"78",0.153985507246377,-0.623529411764706,2,1,NA,0.108695652173913,14.0230168666932,36.4631641244886,0.565895075928986,10.1367339635614,-0.0781216937601465,0.298227862375738,12.3377910112622,0.145150482485438,326.770419057678,5.02557355991975,0.717253055430584,0.860856686265034,0.20732439764455,16,69,1.79166666666667,0.728900255754476,0.345746409306557,0.23262331838565,0.344468056151664,0.80633011486599,0.130596079890641,0.281056218738349,0.0565696649029982,0.126713487327298,0.646816251763621,0.538320562524527,13.4622641509434,1.53562653562654,82,84,1.93855733063226,5.23435530439985,0.654383641851892,0.814426454149255,74.2561610601469,96.4934639904147,2.85101034736245,1.08333536613694,21.2373661926419,3.43821582988256
"79",0.153079710144928,-0.623529411764706,1.98823529411765,1,NA,0.115942028985507,13.1040012989648,37.39075284061,0.558423874875304,12.7577859567704,-0.0814720959809372,0.308929079944066,12.2714776409256,0.14437032518736,318.209962152038,5.01396307269076,0.715595999307388,0.852834177164844,0.215819781664646,16,69,1.73333333333333,0.745098039215686,0.350750633651784,0.231782511210762,0.342737051887855,0.820426734991386,0.116412601258563,0.30596662503628,0.0566893939393939,0.132336026197919,0.679213426861895,0.506356975962688,14.1949032562529,1.47623811905953,73,82,1.8567783950121,4.93969855659366,0.647878292820353,0.806823448886015,75.7883338291561,99.6478549491458,2.83939986013345,1.07172487890795,21.1912362550901,3.35171902676115
"80",0.153985507246377,-0.623529411764706,2,1,NA,0.108695652173913,10.973588642434,38.2693572535422,0.615595135682158,12.2462427632744,-0.0747342269602543,0.311526301935979,12.1937275909602,0.143455618717179,326.770419057678,5.0127497246883,0.71542282950862,0.819709827854085,0.216707587406784,16,69,1.83333333333333,0.757033248081841,0.352310391889257,0.23542600896861,0.329997432605905,0.833471797114123,0.135502055175983,0.302194116701469,0.059428277483833,0.133743352413429,0.618332249448083,0.498921505800388,14.5270142180095,1.6471028971029,77,86,2.09447238885601,5.20269969693546,0.672082192463416,0.813243405850006,76.7411322100169,99.7555000214828,2.83818651213099,1.07051153090548,20.9617242788556,3.4257309030649
"81",0.153079710144928,-0.623529411764706,1.98823529411765,1,NA,0.101449275362319,13.5005432477929,38.1069126872047,0.574965002059462,10.5355822874071,-0.0773098078832711,0.302840470912008,12.1064628096401,0.14242897423106,318.209962152038,5.00640309510149,0.714517034496658,0.824963942303524,0.221351411090474,16,69,1.675,0.752344416027281,0.351530512770521,0.223374439461883,0.352500857927248,0.78734962230719,0.117067858986479,0.297030940945776,0.0518004115226337,0.141062801932367,0.672132254980469,0.509885502510183,14.356774496015,1.36121577493092,74,80,2.14467912624533,5.1244608634614,0.678199294911613,0.8128087145682,77.5590067781778,106.99677333124,2.83183988254419,1.06416490131868,20.9333555650387,3.27957005424157
"82",0.14945652173913,-0.623529411764706,1.94117647058824,1,NA,0.108695652173913,13.7971628712174,33.7400228527384,0.562414073628261,11.7609871948442,-0.0843220390720391,0.299590819811709,11.9495383234272,0.140582803805026,286.967447019529,4.99162355758578,0.712407689500589,0.850089374153657,0.232165586616359,16,69,1.58333333333333,0.701619778346121,0.339702346136349,0.223094170403587,0.330552752150187,0.777942947945767,0.136410815243497,0.287972087567836,0.0507476771196283,0.126936765044182,0.660798649284602,0.549659832532047,13.4066825775656,1.30928355196771,79,80,2.07179265800627,5.1008966412196,0.670799569265354,0.809381640759117,76.4547233646409,99.4500379712877,2.81706034502847,1.04938536380297,20.6549027098356,3.24417393701877
"83",0.152173913043478,-0.623529411764706,1.97647058823529,1,NA,0.115942028985507,17.0652432209264,33.324414538932,0.449687234623359,8.96196643763554,-0.0804233287341665,0.306165599872683,11.5469064201351,0.135845957883942,309.965774924889,4.98248953753392,0.711104076348289,0.800965322055156,0.23884894162613,16,69,1.71666666666667,0.697783461210571,0.336322869955157,0.230381165919283,0.347382434687379,0.834306396363401,0.106664448962045,0.260792812556648,0.053454415954416,0.122139677126889,0.722377518972396,0.566437192429307,12.7362428842505,1.44736196319018,77,84,2.03020251740972,5.44737564356259,0.664891438774914,0.814570228190947,78.5577350802352,110.196043504542,2.80792632497661,1.04025134375111,19.8890031000884,3.20480974018184
"84",0.15036231884058,-0.623529411764706,1.95294117647059,2,1.11792470380388,0.0869565217391304,13.4086120414298,38.2068385941054,0.535972920512239,15.3091335086469,-0.0746516893068617,0.297715771948444,12.5935020873061,0.148158848085954,294.359708728254,5.00540010181684,0.71437388665703,0.869272271684196,0.222085300457447,16,69,1.59166666666667,0.766410912190963,0.356079807629817,0.223094170403587,0.337694825972213,0.845076533686875,0.108519543597833,0.327184302503613,0.04836860670194,0.139135847575745,0.736724045104727,0.489844384613749,15.4819734345351,1.33333333333333,73,83,2.10978210801353,4.85885434709964,0.673943719627995,0.805817569595049,76.6587929472866,105.223658568154,2.83083688925953,1.06316190803402,21.8902262571413,3.29677791747087
"85",0.155797101449275,-0.623529411764706,2.02352941176471,3,1.24904719698369,0.115942028985507,12.9140136244359,38.7074077585026,0.535810004964433,13.9183984439459,-0.0730753759855819,0.3138091873753,12.8013902746434,0.150604591466393,344.914468073645,5.04496561412693,0.720020701743056,0.87203234161183,0.193135247423787,16,69,1.94166666666667,0.776641091219096,0.358679404692273,0.243834080717489,0.372560003767664,0.903792407421784,0.137003492487104,0.325015474705709,0.0659104938271605,0.135509276174238,0.679529128444307,0.493354001899398,14.887417218543,1.79309488325882,77,83,2.25795886820868,5.20231302356369,0.686248234881335,0.810352665091405,73.2534844679714,98.0555885745024,2.87040240156962,1.10272742034412,22.0136848889218,3.58909566036505
"86",0.14945652173913,-0.623529411764706,1.94117647058824,2,1.11792470380388,0.108695652173913,14.4052102694246,33.2409070608584,0.497731995373939,9.46554256773235,-0.0759004096486439,0.305999518061578,11.4918618569619,0.135198374787788,286.967447019529,4.96993487031869,0.709312266256829,0.822871034899565,0.248035181370792,16,69,1.575,0.683290707587383,0.333528303113017,0.214966367713004,0.330784068720848,0.839725773577914,0.117783130149936,0.272467423505134,0.0495797720797721,0.128971298664393,0.707007607065299,0.565431822487449,12.7377205531712,1.27801347641627,82,81,2.17159689272367,4.95452794640318,0.678429659762081,0.805355801751886,77.2779163547603,103.088027808866,2.79537165776138,1.02769667653588,19.7886245657036,3.19509914822028
"87",0.154891304347826,-0.623529411764706,2.01176470588235,2,1.11792470380388,0.115942028985507,12.8932694080693,39.1399105085236,0.557059173096379,12.4657742905918,-0.0657462657462657,0.29499646200907,12.8346701673855,0.1509961196163,335.665369802859,5.03710375537595,0.718898652260889,0.86471624715908,0.198887763049012,16,69,1.83333333333333,0.794970161977835,0.363098719698447,0.236266816143498,0.335284473192238,0.850530035335689,0.133195922849581,0.315873183253322,0.0631528046421663,0.141077687113493,0.664762410728976,0.485809099807395,15.6117647058824,1.63560395036718,75,82,1.9973857227803,5.01208631769089,0.661104931990633,0.806464378533053,73.4036854822757,96.4876930007166,2.86254054281865,1.09486556159314,22.2021222429268,3.46721809184414
"88",0.151268115942029,-0.623529411764706,1.96470588235294,1,NA,0.115942028985507,12.9221169770347,34.9752138208184,0.578509988001004,12.6652391592093,-0.0850660135319226,0.318518191583209,11.8350987805092,0.139236456241284,302.020936728191,4.99918353517504,0.713486654311318,0.852299285281142,0.226633957190531,16,69,1.70833333333333,0.681159420289855,0.332618444141158,0.231782511210762,0.308724240554237,0.778186872134985,0.136306642733439,0.289940670804968,0.0556054131054131,0.118799286018755,0.611935174440137,0.548403789857328,12.3718377088305,1.46127450980392,79,84,2.08775129745089,5.39849506098111,0.671502190483323,0.818256996795057,75.5137565876908,106.044154635193,2.82462032261774,1.05694534139223,20.3388065982238,3.33139096279451
"89",0.155797101449275,-0.623529411764706,2.02352941176471,1,NA,0.108695652173913,12.8759586690646,38.7026951151039,0.531912807825055,9.90532437734384,-0.0697198261714391,0.30473303165546,12.0490531959712,0.141753567011426,344.914468073645,5.01009291028109,0.715043647266323,0.775331679956753,0.218651576338011,16,69,1.80833333333333,0.775788576300085,0.356989666601677,0.234585201793722,0.383115760850779,0.858208043026525,0.123940373281914,0.291580504892714,0.0572152653548002,0.136808346527017,0.673731723219175,0.507498905359245,14.6356011183597,1.51812313803376,74,81,2.00134063159805,5.43283296618604,0.66199094521337,0.816603934186751,78.6046297146308,110.040345892303,2.83552969772378,1.06785471649828,20.7909644494489,3.30714194249343
"90",0.148550724637681,-0.623529411764706,1.92941176470588,2,1.11792470380388,0.108695652173913,15.0336480434719,33.8956608634224,0.527427710813166,12.803448578996,-0.0628150120171397,0.30067239551508,11.7730691757223,0.138506696184968,279.830489245155,4.97653360989499,0.710254042566868,0.837577086559379,0.243206889013753,16,69,1.46666666666667,0.706308610400682,0.339962305842594,0.214125560538117,0.312215969120059,0.800924644261115,0.107831475590079,0.294897322866784,0.0442025862068966,0.128824476650564,0.717714387464387,0.540965219421102,13.6394686907021,1.11099770349579,78,80,2.13768671912634,4.79605433534748,0.67607372846093,0.796658427493836,78.719757795707,105.809639893639,2.80197039733768,1.03429541611218,20.4217245158749,3.12441383556968
"91",0.146739130434783,-0.623529411764706,1.90588235294118,1,NA,0.108695652173913,13.9152540393918,32.9981879434434,0.542987898000512,9.63297741278276,-0.0946880876625402,0.324193895770108,11.3093578743875,0.133051269110441,266.27235688743,4.95148699609775,0.706679373912621,0.82636587366139,0.261533475866989,16,69,1.625,0.643222506393862,0.319945408461688,0.220011210762332,0.307672092627804,0.84766796151941,0.114112206048048,0.262444283309768,0.0525042087542088,0.114074615353388,0.696555697507621,0.567872798878005,12.0764705882353,1.48087021755439,78,84,1.93152689893371,5.43665446705023,0.655597749834799,0.82112562843588,79.2636207299588,106.282025911041,2.77692378354044,1.00924880231494,19.415629824128,3.20308592464703
"92",0.151268115942029,-0.623529411764706,1.96470588235294,2,1.11792470380388,0.108695652173913,14.4195284531551,35.3464430045939,0.498265518418053,11.7228787028057,-0.0752115756514583,0.299686513571605,11.9262071524465,0.140308319440547,302.020936728191,4.99410002476292,0.712761132471485,0.83944576373331,0.230353557606034,16,69,1.625,0.726342710997442,0.346136348865926,0.224775784753363,0.353275553058877,0.791289566775394,0.114848842947591,0.279930861379492,0.0515131186642815,0.127950500852515,0.674709121926499,0.535468883205456,13.8586288416076,1.32662304982386,78,87,2.15531263481507,5.52741346412293,0.680226428873008,0.819794091977124,76.7680723886846,103.634132515997,2.81953681220561,1.0518618309801,20.595754396695,3.25665990819801
"93",0.154891304347826,-0.623529411764706,2.01176470588235,1,NA,0.101449275362319,13.8058796716167,36.1489679555373,0.559791366110764,10.2326313183977,-0.070338447857214,0.304543492283739,11.9331612856026,0.140390132771795,335.665369802859,5.00761644310395,0.714690204295427,0.807787723894272,0.220463605348336,16,69,1.70833333333333,0.734015345268542,0.346656268278417,0.225896860986547,0.367366832520571,0.819898132427844,0.117621148934617,0.28627167002085,0.0540196942974721,0.136693662972435,0.668806249141071,0.532096239461968,13.2709976798144,1.32551319648094,83,86,2.06966464533477,5.34118194864182,0.670032087787805,0.812904163091836,76.9610363613109,100.79095765661,2.83305323054665,1.06537824932114,20.6061543315818,3.26016823962329
"94",0.153985507246377,-0.623529411764706,2,1,NA,0.101449275362319,14.4124568668654,36.4406100943003,0.55301045855484,11.6448002599665,-0.0666016454809558,0.297114852603491,12.3061098724807,0.144777763205655,326.770419057678,5.01966740345304,0.716410125022523,0.847950915578876,0.211645927506124,16,69,1.75833333333333,0.751065643648764,0.350880613504907,0.232903587443946,0.333086668007239,0.814112394010464,0.137218449306648,0.301332897798405,0.0562095825984715,0.131413842710997,0.673733008705727,0.520091061787034,14.1936090225564,1.4868093578895,76,86,2.30329428948152,5.22691559535689,0.69331129318094,0.813715996089031,75.1014287494804,103.556496128992,2.84510419089573,1.07742920967022,21.2394509143576,3.37276883060384
"95",0.148550724637681,-0.623529411764706,1.92941176470588,2,1.11792470380388,0.101449275362319,15.7970951726038,32.0438665146694,0.44965477240824,11.7209432902864,-0.0919712617419587,0.301191451837947,12.014741790381,0.141349903416247,279.830489245155,4.99593419311553,0.713022906145554,0.873001780633799,0.229011498120878,16,69,1.60833333333333,0.681585677749361,0.333593293039579,0.226177130044843,0.371878238550633,0.795419137309615,0.119285015792773,0.268416914366669,0.0497222222222222,0.120718818928538,0.716588952891838,0.578648369170535,12.9681774349084,1.38974101081217,80,84,2.08060458150079,5.35085157402886,0.669902601985295,0.816637560608005,76.0287822987183,101.082145602932,2.82137098055822,1.05369599933272,20.7048715890325,3.32461199172954
"96",0.154891304347826,-0.623529411764706,2.01176470588235,2,1.11792470380388,0.115942028985507,11.9066778630751,37.0759833942567,0.533076252659501,11.7145150577066,-0.0767180706835879,0.305604434023233,12.4731019647209,0.14674237605554,335.665369802859,5.03057677855909,0.717967117977527,0.852001365530801,0.203663546653604,16,69,1.825,0.754049445865303,0.350165724312732,0.235706278026906,0.377428416136371,0.839576447545599,0.130700120482652,0.298609972511231,0.056867816091954,0.132336026197919,0.647986755465949,0.522502604906697,14.1527973671838,1.57972805933251,71,84,2.14611349993465,5.5562307960575,0.674896697791631,0.82211272016153,74.9959013154708,100.401262610702,2.85601356600178,1.08833858477627,21.5089534129782,3.43725051646355
"97",0.153079710144928,-0.623529411764706,1.98823529411765,1,NA,0.108695652173913,11.4576268180869,38.0294106632306,0.592557210670658,12.2303928386653,-0.0870186106006558,0.31427914547273,12.3325298992647,0.145088587050173,318.209962152038,5.01934846426459,0.716364605818659,0.843827953625003,0.211879295049745,16,69,1.76666666666667,0.750213128729753,0.349775784753363,0.233464125560538,0.360316921510237,0.841327347083926,0.138306466615019,0.307250975717059,0.0558797909407666,0.131087489343564,0.63325864210219,0.509739077998349,14.4306016106111,1.54992473657802,74,80,2.06714860339928,4.92913882657243,0.669320293048781,0.808152131053196,75.6450773288987,100.845635474839,2.84478525170729,1.07711027048178,21.2815672157304,3.38349258279905
"98",0.153079710144928,-0.623529411764706,1.98823529411765,1,NA,0.115942028985507,11.8109101548038,37.8944186389442,0.583202410846481,9.72123915554572,-0.0820952971919084,0.305027447773667,11.8408980692364,0.139304683167487,318.209962152038,4.99492267081751,0.712878541039713,0.806306872347053,0.229751628159963,16,69,1.73333333333333,0.732736572890026,0.347241177617469,0.226457399103139,0.340937360464375,0.824147161781866,0.122365716418635,0.285779712466551,0.0556951793062904,0.130042355106294,0.638278974266474,0.521692648073722,13.7569608305805,1.46560715172585,82,82,2.16208303509796,5.21633077825833,0.676641515023445,0.817643364662906,77.1605130000405,106.233844740316,2.8203594582602,1.0526844770347,20.4093069225857,3.27248921588707
"99",0.152173913043478,-0.623529411764706,1.97647058823529,1,NA,0.108695652173913,15.0979579445011,35.828059590225,0.511963789649755,11.2477983402558,-0.0644001318648496,0.30305428601409,11.8407516552334,0.139302960649805,309.965774924889,4.98814409712398,0.711911098690064,0.819757936767966,0.234711504993657,16,69,1.55833333333333,0.730605285592498,0.346916227984662,0.217488789237668,0.355574504939908,0.829395096710607,0.103939927512697,0.290428013490435,0.0479791299235744,0.138697073032111,0.734827531037285,0.530509732878659,13.6589002795899,1.14732366183092,79,88,1.94420647388072,4.99294970315183,0.657456075448677,0.806441591914223,78.2074708898524,102.87713770014,2.81358088456668,1.04590590334117,20.5154194968308,3.16608381363609
