"","Id","site","name","Descript","Type","Comment","Symbol","DateTimeS","Elevation","y","x","Site","Species","Height","N.flowers","Time","NN","NN.id","dist.lar","LT","AS","EC","SD","SM","SC","PP","HH","EL","LOTUS","BW","uniID","Quantity","density","shrub.density","cactus.density"
"1","0","L","163",NA,"WPT",NA,"Flag, Blue","2018-04-28T17:33:23Z",1295.03125,3849298.28343,622387.432871,"","LT",250,119,"10:21",60,"LT",173,2,0,0,0,0,0,0,0,0,0,0,"LT 163",3,2,2,0
"2","0","L","164",NA,"WPT",NA,"Flag, Blue","2018-04-28T17:34:22Z",1296.61792,3849305.31421,622390.634003,"","SC",54,10,"10:21",443,"LT",137,0,0,0,0,0,0,0,0,0,0,0,"SC 164",1,0,0,0
"3","0","L","165",NA,"WPT",NA,"Flag, Blue","2018-04-28T17:46:48Z",1297.238647,3849304.64268,622373.528407,"","AS",69,46,"10:40",270,"AS",218,0,1,0,0,0,0,0,0,0,0,0,"AS 165",0,1,1,0
"4","0","L","166",NA,"WPT",NA,"Flag, Blue","2018-04-28T17:50:21Z",1297.500488,3849308.82286,622370.910094,"","AS",65,45,"10:40",440,"AS",178,0,0,0,0,0,0,0,0,0,0,0,"AS 166",0,0,0,0
"5","0","L","167",NA,"WPT",NA,"Flag, Blue","2018-04-28T17:55:23Z",1294.587036,3849267.57208,622330.183009,"","SC",67,15,"10:57",140,"SC",124,0,1,0,0,0,0,0,0,0,0,0,"SC 167",2,1,1,0
"6","0","L","168",NA,"WPT",NA,"Flag, Blue","2018-04-28T18:12:39Z",1296.847778,3849282.59141,622341.880898,"","PP",38,9,"10:57",149,"AS",209,0,2,0,0,0,0,0,0,0,0,0,"PP 168",0,2,2,0
"7","0","L","169",NA,"WPT",NA,"Flag, Blue","2018-04-28T18:13:47Z",1295.378784,3849251.65074,622359.041356,"","LT",185,69,"11:16",135,"LT",26,1,1,0,0,0,0,0,0,0,0,0,"LT 169",3,2,2,0
"8","0","L","170",NA,"WPT",NA,"Flag, Blue","2018-04-28T18:14:04Z",1295.417603,3849251.74449,622357.758819,"","AS",47,85,"11:16",125,"LT",21,2,1,0,0,0,0,0,0,0,0,0,"AS 170",0,3,3,0
"9","0","L","171",NA,"WPT",NA,"Flag, Blue","2018-04-28T18:35:06Z",1292.463623,3849205.52119,622385.098931,"","AS",43,11,"11:38",20,"LT",201,0,2,0,0,0,0,0,0,0,0,0,"AS 171",0,2,2,0
"10","0","L","172",NA,"WPT",NA,"Flag, Blue","2018-04-28T18:35:29Z",1293.947144,3849211.45142,622380.626907,"","EC",49,225,"11:38",149,"SC",176,0,0,0,0,0,1,0,0,0,0,0,"EC 172",2,1,0,1
"11","0","L","173",NA,"WPT",NA,"Flag, Blue","2018-04-28T18:56:54Z",1291.917358,3849148.78894,622422.921418,"","LT",165,112,"11:57",570,"LT",166,0,0,0,0,0,0,0,0,0,0,0,"LT 173",4,0,0,0
"12","0","L","174",NA,"WPT",NA,"Flag, Blue","2018-04-28T18:57:11Z",1291.432373,3849152.85955,622428.724706,"","LT",122,105,"11:57",179,"SC",166,0,0,0,0,0,1,0,0,0,0,0,"LT 174",0,1,0,1
"13","0","L","175",NA,"WPT",NA,"Flag, Blue","2018-04-28T19:11:55Z",1289.576782,3849150.66844,622455.753296,"","SC",66,4,"12:14",0,"AS",106,0,2,0,0,0,0,0,0,0,0,0,"SC 175",1,2,2,0
"14","0","L","176",NA,"WPT",NA,"Flag, Blue","2018-04-28T19:12:12Z",1289.598267,3849148.5869,622457.703031,"","AS",37,24,"12:14",0,"SC",106,0,1,0,0,0,1,0,0,0,0,0,"AS 176",1,2,1,1
"15","0","L","177",NA,"WPT",NA,"Flag, Blue","2018-04-28T19:12:31Z",1289.915161,3849145.3475,622456.007255,"","AS",68,130,"12:14",74,"AS",111,0,6,0,0,0,0,0,0,0,0,0,"AS 177",1,6,6,0
"16","0","L","179",NA,"WPT",NA,"Flag, Blue","2018-04-28T19:33:03Z",1288.57959,3849198.12439,622579.134521,"","EC",30,175,"12:37",10,"LT",3,4,0,0,0,0,0,0,0,0,0,0,"EC 179",0,4,4,0
"17","0","L","178",NA,"WPT",NA,"Flag, Blue","2018-04-28T19:34:43Z",1287.696777,3849200.76003,622560.520177,"","SC",45,5,"12:37",20,"AS",117,0,2,1,0,0,0,0,0,0,0,0,"SC 178",0,3,3,0
"18","0","L","180",NA,"WPT",NA,"Flag, Blue","2018-04-28T20:33:27Z",1299.829834,3849379.61096,622472.287988,"","SC",50,4,"1:34",190,"SC",65,0,0,0,0,0,1,0,0,0,0,0,"SC 180",1,1,0,1
"19","0","L","181",NA,"WPT",NA,"Flag, Blue","2018-04-28T20:46:00Z",1298.035034,3849367.34712,622475.929244,"","PP",16,1,"1:34",60,"AS",72,0,0,2,0,0,0,0,0,0,0,0,"PP 181",0,2,2,0
"20","0","L","182",NA,"WPT",NA,"Flag, Blue","2018-04-28T20:46:25Z",1297.553345,3849369.85522,622472.69259,"","LT",220,177,"1:49",270,"PP",146,0,0,0,0,0,0,1,0,0,0,0,"LT 182",3,1,0,1
"21","0","L","183",NA,"WPT",NA,"Flag, Blue","2018-04-28T21:02:04Z",1297.142944,3849362.41895,622505.647871,"","SM",100,22,"2:05",30,"SM",201,0,0,0,0,12,0,0,0,0,0,0,"SM 183",2,12,12,0
"23","0","L","184",NA,"WPT",NA,"Flag, Blue","2018-04-28T21:02:25Z",1297.301758,3849358.14731,622501.403284,"","SC",70,7,"2:05",230,"AS",205,0,3,0,0,0,0,0,0,0,0,0,"SC 184",2,3,3,0
"24","0","L","185",NA,"WPT",NA,"Flag, Blue","2018-04-28T21:19:25Z",1292.088135,3849295.61473,622553.39766,"","AS",56,14,"2:22",190,"AS",51,0,1,0,0,0,0,0,0,0,0,0,"AS 185",1,1,1,0
"25","0","L","186",NA,"WPT",NA,"Flag, Blue","2018-04-28T21:19:47Z",1292.424561,3849300.31401,622548.118244,"","SC",45,7,"2:22",165,"AS",62,0,2,0,0,0,0,0,0,0,0,0,"SC 186",0,2,2,0
"26","0","L","188",NA,"WPT",NA,"Flag, Blue","2018-04-28T21:53:32Z",1297.566406,3849305.20963,622549.242795,"","AS",81,80,"2:42",167,"SC",67,0,1,0,0,0,1,0,0,0,0,0,"AS 188",0,2,1,1
"27","0","L","189",NA,"WPT",NA,"Flag, Blue","2018-04-28T22:00:15Z",1295.829102,3849267.29692,622559.266664,"","EC",60,130,"2:58",30,"LT",93,1,0,2,0,0,0,0,0,0,0,0,"EC 189",0,3,3,0
"28","0","L","190",NA,"WPT",NA,"Flag, Blue","2018-04-28T22:09:34Z",1293.979736,3849253.92754,622554.868889,"","EC",43,110,"2:58",20,"LT",53,1,1,0,0,0,0,0,0,0,0,0,"EC 190",1,2,2,0
"29","0","L","192",NA,"WPT",NA,"Flag, Blue","2018-04-28T22:14:16Z",1295.64978,3849230.30023,622546.489358,"","EC",53,360,"3:16",95,"EC",113,1,0,2,0,0,0,0,0,0,0,0,"EC 192",2,3,3,0
"30","0","L","193",NA,"WPT",NA,"Flag, Blue","2018-04-28T22:33:18Z",1295.332153,3849213.20303,622462.150295,"","LT",205,89,"3:35",100,"LT",10,1,1,0,0,0,0,0,0,0,0,0,"LT 193",1,2,2,0
"31","0","L","194",NA,"WPT",NA,"Flag, Blue","2018-04-28T22:33:38Z",1295.017456,3849211.70645,622458.05169,"","SC",68,2,"3:35",120,"SM",31,3,0,1,0,1,0,0,0,0,0,0,"SC 194",0,5,5,0
"32","0","L","195",NA,"WPT",NA,"Flag, Blue","2018-04-28T22:56:49Z",1303.97168,3849396.34593,622404.614051,"","SD",78,23,"3:58",120,"SM",59,0,0,0,0,1,0,0,0,0,0,0,"SD 195",1,1,1,0
"33","0","L","196",NA,"WPT",NA,"Flag, Blue","2018-04-28T23:10:08Z",1301.212158,3849358.656,622406.397387,"","SC",72,9,"3:58",163,"SC",11,0,0,0,1,0,1,1,0,0,0,0,"SC 196",3,3,1,2
"34","0","L","197",NA,"WPT",NA,"Flag, Blue","2018-04-30T17:53:24Z",1307.693481,3849358.77918,622432.296307,"","AS",48,36,"10:56",65,"AS",138,0,6,0,0,0,0,0,0,0,0,0,"AS 197",0,6,6,0
"35","0","L","198",NA,"WPT",NA,"Flag, Blue","2018-04-30T17:53:47Z",1308.623291,3849356.43324,622431.046206,"","SC",73,2,"10:56",70,"AS",99,0,9,0,0,0,0,0,0,0,0,0,"SC 198",2,9,9,0
"36","0","L","199",NA,"WPT",NA,"Flag, Blue","2018-04-30T18:12:43Z",1301.939209,3849369.76878,622482.852569,"","LT",185,55,"11:17",65,"AS",142,0,1,0,0,0,1,0,0,0,0,0,"LT 199",5,2,1,1
"37","0","L","200",NA,"WPT",NA,"Flag, Blue","2018-04-30T18:13:05Z",1301.847046,3849368.10029,622482.508707,"","AS",42,39,"11:17",83,"AS",128,0,3,0,0,0,0,0,0,0,0,0,"AS 200",0,3,3,0
"38","0","L","201",NA,"WPT",NA,"Flag, Blue","2018-04-30T18:28:40Z",1300.483276,3849374.60734,622504.66165,"","SM",80,20,"11:32",30,"SM",206,0,0,0,0,11,0,0,0,0,0,1,"SM 201",0,12,12,0
"39","0","L","202",NA,"WPT",NA,"Flag, Blue","2018-04-30T18:29:02Z",1299.526367,3849368.97309,622498.055737,"","SC",48,9,"11:32",192,"LT",50,1,0,0,0,0,0,0,0,0,0,0,"SC 202",1,1,1,0
"40","0","L","204",NA,"WPT",NA,"Flag, Blue","2018-04-30T18:46:50Z",1296.927124,3849346.52243,622528.007939,"","AS",66,12,"11:49",40,"AS",103,0,2,0,0,0,0,0,0,0,0,0,"AS 204",0,2,2,0
"41","0","L","205",NA,"WPT",NA,"Flag, Blue","2018-04-30T18:47:02Z",1296.944336,3849347.53759,622529.27568,"","AS",68,29,"11:49",40,"AS",105,0,2,0,0,0,0,0,0,0,0,0,"AS 205",0,2,2,0
"42","0","L","203",NA,"WPT",NA,"Flag, Blue","2018-04-30T18:47:24Z",1296.477905,3849343.92651,622524.656267,"","BW",61,150,"11:49",133,"SC",98,0,1,0,0,0,1,0,0,0,0,0,"BW 203",0,2,1,1
"43","0","L","206",NA,"WPT",NA,"Flag, Blue","2018-04-30T19:03:32Z",1294.647949,3849333.14357,622539.53504,"","EC",54,90,"12:06",2,"EC",149,0,0,3,0,0,0,0,0,0,0,0,"EC 206",1,3,3,0
"44","0","L","207",NA,"WPT",NA,"Flag, Blue","2018-04-30T19:04:18Z",1295.106689,3849338.96391,622526.827447,"","SC",32,7,"12:06",200,"AS",116,0,0,0,0,0,0,0,0,0,0,0,"SC 207",3,0,0,0
"45","0","L","208",NA,"WPT",NA,"Flag, Blue","2018-04-30T19:19:15Z",1294.067017,3849313.82236,622554.619165,"","PP",38,6,"12:22",125,"SM",84,0,0,0,0,4,0,0,0,0,0,1,"PP 208",2,5,5,0
"46","0","L","209",NA,"WPT",NA,"Flag, Blue","2018-04-30T19:20:33Z",1293.071289,3849310.5661,622559.970857,"","SM",65,32,"12:22",30,"SM",107,0,1,1,0,9,0,0,0,0,0,0,"SM 209",4,11,11,0
"47","0","L","211",NA,"WPT",NA,"Flag, Blue","2018-04-30T19:42:19Z",1294.156738,3849276.62704,622543.583483,"","LT",275,165,"12:43",0,"AS",99,0,2,0,0,0,1,0,0,0,0,0,"LT 211",2,3,2,1
"48","0","L","210",NA,"WPT",NA,"Flag, Blue","2018-04-30T19:43:14Z",1294.278198,3849286.04405,622542.725693,"","SC",78,14,"12:43",70,"AS",154,0,2,0,0,0,0,0,0,0,0,0,"SC 210",0,2,2,0
"49","0","L","213",NA,"WPT",NA,"Flag, Blue","2018-04-30T20:18:21Z",1293.46875,3849281.99243,622505.072612,"","SC",55,7,"1:21",0,"AS",162,0,3,0,0,0,0,0,0,0,0,0,"SC 213",0,3,3,0
"50","0","L","212",NA,"WPT",NA,"Flag, Blue","2018-04-30T20:18:46Z",1293.786743,3849279.09327,622512.249986,"","AS",54,80,"1:21",38,"AS",145,2,4,0,0,0,0,0,0,0,0,0,"AS 212",1,6,6,0
"51","0","L","214",NA,"WPT",NA,"Flag, Blue","2018-04-30T20:35:04Z",1291.114014,3849272.46483,622522.588902,"","LT",90,10,"1:38",0,"EC",96,0,3,1,0,0,0,0,0,0,0,0,"LT 214",0,4,4,0
"52","0","L","215",NA,"WPT",NA,"Flag, Blue","2018-04-30T20:35:16Z",1291.108765,3849272.13088,622522.501828,"","EC",49,34,"1:38",0,"LT",2,1,3,0,0,0,0,0,0,0,0,0,"EC 215",1,4,4,0
"53","0","L","216",NA,"WPT",NA,"Flag, Blue","2018-04-30T20:35:33Z",1291.258789,3849270.48566,622523.896578,"","AS",52,145,"1:38",10,"AS",17,2,3,1,0,0,0,0,0,0,0,0,"AS 216",1,6,6,0
"54","0","L","217",NA,"WPT",NA,"Flag, Blue","2018-04-30T20:35:47Z",1291.250366,3849270.14074,622522.985913,"","AS",43,100,"1:38",10,"AS",19,2,0,1,0,0,0,0,0,0,0,0,"AS 217",0,3,3,0
"55","0","L","218",NA,"WPT",NA,"Flag, Blue","2018-04-30T20:50:44Z",1290.807739,3849259.71872,622548.293517,"","EC",64,115,"1:54",53,"AS",141,0,4,0,0,0,0,0,0,0,0,0,"EC 218",2,4,4,0
"56","0","L","219",NA,"WPT",NA,"Flag, Blue","2018-04-30T20:51:05Z",1291.445435,3849262.42298,622543.132215,"","LT",210,77,"1:54",55,"AS",133,0,2,1,0,0,0,0,0,0,0,0,"LT 219",1,3,3,0
"57","0","L","220",NA,"WPT",NA,"Flag, Blue","2018-04-30T21:07:33Z",1292.153809,3849257.03521,622555.010497,"","AS",63,165,"2:09",38,"AS",156,0,1,0,0,0,0,0,0,0,0,0,"AS 220",1,1,1,0
"58","0","L","221",NA,"WPT",NA,"Flag, Blue","2018-04-30T21:07:55Z",1291.746338,3849259.22291,622561.021744,"","LT",120,58,"2:09",70,"LT",190,1,0,0,0,0,0,0,0,0,0,0,"LT 221",0,1,1,0
"59","0","L","222",NA,"WPT",NA,"Flag, Blue","2018-04-30T21:24:38Z",1291.950195,3849235.63463,622555.570406,"","EC",43,60,"2:24",210,"EC",192,0,0,2,0,0,0,0,0,0,0,0,"EC 222",2,2,2,0
"60","0","L","223",NA,"WPT",NA,"Flag, Blue","2018-04-30T21:25:26Z",1290.595947,3849236.99726,622557.931847,"","EC",65,120,"2:29",135,"EC",167,0,0,2,0,0,0,0,0,0,0,0,"EC 223",0,2,2,0
"61","0","L","225",NA,"WPT",NA,"Flag, Blue","2018-04-30T21:45:17Z",1291.654541,3849201.00536,622578.913037,"","LT",195,70,"2:46",0,"LT",2,2,0,0,0,0,1,0,0,0,0,0,"LT 225",0,3,2,1
"62","0","L","224",NA,"WPT",NA,"Flag, Blue","2018-04-30T21:45:39Z",1292.352173,3849206.72233,622575.084333,"","SC",52,7,"2:46",116,"AS",153,0,1,0,0,0,0,0,0,0,0,0,"SC 224",0,1,1,0
"63","0","L","227",NA,"WPT",NA,"Flag, Blue","2018-04-30T22:00:06Z",1292.307373,3849190.16007,622580.796637,"","EC",50,240,"3:01",95,"AS",140,0,1,1,0,0,0,0,0,0,0,0,"EC 227",2,2,2,0
"64","0","L","226",NA,"WPT",NA,"Flag, Blue","2018-04-30T22:00:34Z",1291.14502,3849180.94562,622588.515908,"","AS",58,160,"3:01",93,"AS",139,0,1,0,0,0,1,0,0,0,0,0,"AS 226",0,2,1,1
"65","0","L","228",NA,"WPT",NA,"Flag, Blue","2018-04-30T22:13:56Z",1290.671387,3849162.97341,622596.626694,"","SC",62,9,"3:17",13,"LT",23,3,0,0,0,0,0,0,0,0,0,0,"SC 228",2,3,3,0
"66","0","L","229",NA,"WPT",NA,"Flag, Blue","2018-04-30T22:14:13Z",1291.194458,3849164.75394,622597.060578,"","LT",103,120,"3:17",13,"SC",38,2,0,0,0,0,1,0,0,0,0,0,"LT 229",0,3,2,1
"67","0","L","230",NA,"WPT",NA,"Flag, Blue","2018-04-30T22:15:00Z",1289.298096,3849150.96806,622603.010488,"","EC",49,200,"3:17",20,"AS",91,0,1,0,0,0,0,0,0,0,0,0,"EC 230",2,1,1,0
"68","0","L","231",NA,"WPT",NA,"Flag, Blue","2018-04-30T22:15:13Z",1289.241577,3849150.7438,622602.830424,"","AS",49,18,"3:17",20,"EC",83,0,0,2,0,0,0,0,0,0,0,0,"AS 231",0,2,2,0
"69","0","L","233",NA,"WPT",NA,"Flag, Blue","2018-04-30T22:34:10Z",1283.116455,3849093.46419,622599.567529,"","SC",43,8,"3:39",640,"SC",199,0,0,0,0,0,0,0,0,0,0,0,"SC 233",0,0,0,0
"70","0","L","232",NA,"WPT",NA,"Flag, Blue","2018-04-30T22:34:37Z",1283.60437,3849104.0793,622605.374997,"","SC",54,8,"3:39",227,"SC",214,0,0,0,0,0,1,0,0,0,0,0,"SC 232",0,1,0,1
"71","0","L","234",NA,"WPT",NA,"Flag, Blue","2018-04-30T22:52:02Z",1280.113647,3849078.51534,622593.177244,"","SC",52,4,"3:55",171,"LT",42,1,0,0,0,0,0,0,0,0,0,2,"SC 234",0,3,3,0
"72","0","L","235",NA,"WPT",NA,"Flag, Blue","2018-04-30T22:52:49Z",1279.73645,3849064.58897,622588.603703,"","BW",34,4,"3:55",45,"AS",176,0,2,0,0,0,0,0,0,0,0,0,"BW 235",1,2,2,0
"73","0","L","137",NA,"WPT",NA,"Flag, Blue","2018-04-27T17:35:10Z",1295.359131,3849331.38788,622491.051994,"","SC",54,3,"10:38",0,"AS",82,0,4,0,0,0,0,0,0,0,0,0,"SC 137",0,4,4,0
"74","0","L","136",NA,"WPT",NA,"Flag, Blue","2018-04-27T17:35:30Z",1295.370117,3849331.41106,622492.790593,"","AS",48,40,"10:38",0,"SC",82,0,3,0,0,0,1,0,0,0,0,0,"AS 136",0,4,3,1
"75","0","L","138",NA,"WPT",NA,"Flag, Blue","2018-04-27T17:53:41Z",1294.537964,3849339.23775,622497.445352,"","SC",46,10,"10:54",25,"AS",76,0,2,0,0,0,1,0,0,0,0,0,"SC 138",0,3,2,1
"76","0","L","139",NA,"WPT",NA,"Flag, Blue","2018-04-27T17:54:04Z",1295.516724,3849338.2164,622495.720061,"","SC",58,8,"10:54",110,"SC",NA,0,1,0,0,0,2,0,0,0,0,0,"SC 139",2,3,1,2
"77","0","L","140",NA,"WPT",NA,"Flag, Blue","2018-04-27T18:09:52Z",1294.302124,3849345.82747,622509.163823,"","PP",22,1,"11:19",16,"SC",NA,0,0,0,0,0,0,0,0,0,0,0,"PP 140",3,0,0,0
"78","0","L","141",NA,"WPT",NA,"Flag, Blue","2018-04-27T18:10:49Z",1295.212402,3849335.76452,622503.166003,"","AS",54,80,"11:19",200,"AS",87,0,1,0,0,0,0,0,0,0,0,0,"AS 141",2,1,1,0
"79","0","L","142",NA,"WPT",NA,"Flag, Blue","2018-04-27T18:40:27Z",1289.731323,3849269.85097,622542.850107,"","AS",22,155,"11:40",140,"SM",57,1,3,0,0,1,0,0,0,0,0,0,"AS 142",1,5,5,0
"80","0","L","143",NA,"WPT",NA,"Flag, Blue","2018-04-27T18:40:44Z",1289.467285,3849267.97174,622543.3328,"","EC",60,375,"",105,"AS",88,2,5,0,0,1,0,0,0,0,0,0,"EC 143",4,8,8,0
"81","0","L","145",NA,"WPT",NA,"Flag, Blue","2018-04-27T19:03:59Z",1290.343872,3849251.36062,622537.056254,"","LT",170,85,"12:09",160,"EC",178,0,1,3,0,0,0,0,0,0,0,0,"LT 145",1,4,4,0
"82","0","L","144",NA,"WPT",NA,"Flag, Blue","2018-04-27T19:04:21Z",1289.936279,3849248.97322,622541.023571,"","HH",44,6,"12:09",130,"EC",95,0,0,2,0,0,0,0,0,0,0,0,"HH 144",3,2,2,0
"83","0","L","146",NA,"WPT",NA,"Flag, Blue","2018-04-27T19:13:52Z",1290.451294,3849252.47082,622537.132977,"","EC",58,46,"12:09",0,"LT",2,1,1,2,0,0,0,0,0,0,0,0,"EC 146",1,4,4,0
"84","0","L","147",NA,"WPT",NA,"Flag, Blue","2018-04-27T19:22:22Z",1290.824707,3849248.90244,622535.716216,"","EC",56,240,"12:26",30,"EC",79,2,0,1,0,0,0,0,0,0,0,0,"EC 147",10,3,3,0
"85","0","L","148",NA,"WPT",NA,"Flag, Blue","2018-04-27T19:23:11Z",1291.897827,3849254.51452,622532.346507,"","EC",62,225,"12:26",15,"EC",79,1,0,1,0,0,0,0,0,0,0,0,"EC 148",3,2,2,0
"86","0","L","149",NA,"WPT",NA,"Flag, Blue","2018-04-27T19:41:58Z",1287.806885,3849235.60583,622628.239782,"","LT",210,151,"12:47",300,"LT",94,2,0,0,0,0,0,0,0,0,0,0,"LT 149",4,2,2,0
"87","0","L","150",NA,"WPT",NA,"Flag, Blue","2018-04-27T19:42:38Z",1288.579224,3849247.38325,622621.401498,"","AS",53,45,"12:47",270,"AS",174,0,1,0,0,0,0,0,0,0,0,0,"AS 150",0,1,1,0
"88","0","L","151",NA,"WPT",NA,"Flag, Blue","2018-04-27T20:12:33Z",1288.12146,3849189.97025,622641.387425,"","LT",135,87,"1:14",70,"AS",41,1,1,1,0,0,0,0,0,0,0,0,"LT 151",3,3,3,0
"89","0","L","152",NA,"WPT",NA,"Flag, Blue","2018-04-27T20:12:53Z",1288.290894,3849189.70836,622646.699256,"","SC",66,10,"1:14",0,"EC",77,1,1,2,0,0,0,0,0,0,0,0,"SC 152",2,4,4,0
"90","0","L","153",NA,"WPT",NA,"Flag, Blue","2018-04-27T20:58:54Z",1283.673096,3849135.52364,622617.677191,"","EC",58,92,"2:00",60,"AS",104,0,4,1,0,0,0,0,0,0,0,0,"EC 153",5,5,5,0
"91","0","L","154",NA,"WPT",NA,"Flag, Blue","2018-04-27T20:59:13Z",1284.053833,3849134.93491,622615.122432,"","AS",34,38,"2:00",147,"EC",136,0,1,2,0,0,0,0,0,0,0,0,"AS 154",0,3,3,0
"92","0","L","155",NA,"WPT",NA,"Flag, Blue","2018-04-27T21:17:14Z",1283.800537,3849059.78547,622561.119003,"","LT",130,39,"2:19",150,"LT",32,2,0,0,0,0,0,0,0,0,0,0,"LT 155",0,2,2,0
"93","0","L","156",NA,"WPT",NA,"Flag, Blue","2018-04-27T21:17:30Z",1281.812378,3849059.26154,622563.41404,"","SC",66,15,"2:19",68,"AS",14,1,1,0,0,0,0,0,0,0,0,0,"SC 156",5,2,2,0
"94","0","L","157",NA,"WPT",NA,"Flag, Blue","2018-04-27T21:34:49Z",1282.180908,3849055.93778,622547.075576,"","AS",51,22,"2:36",125,"LT",181,0,1,0,0,0,0,0,0,0,0,0,"AS 157",0,1,1,0
"95","0","L","158",NA,"WPT",NA,"Flag, Blue","2018-04-27T21:35:08Z",1282.099976,3849058.78834,622544.566376,"","AS",54,30,"2:36",125,"AS",160,0,1,0,0,0,0,0,0,0,0,0,"AS 158",0,1,1,0
"96","0","L","159",NA,"WPT",NA,"Flag, Blue","2018-04-27T21:57:21Z",1302.016968,3849289.50778,622453.079531,"","LT",230,160,"3:00",70,"AS",161,0,2,0,0,0,0,0,0,0,0,0,"LT 159",5,2,2,0
"97","0","L","160",NA,"WPT",NA,"Flag, Blue","2018-04-27T22:12:24Z",1304.743164,3849300.27867,622437.285699,"","SD",53,12,"3:00",242,"SD",34,0,2,0,1,0,0,0,0,0,0,0,"SD 160",1,3,3,0
"98","0","L","161",NA,"WPT",NA,"Flag, Blue","2018-04-27T22:28:22Z",1309.736328,3849408.99495,622413.231542,"","SM",55,7,"3:26",710,"EL",112,0,0,0,0,0,0,0,0,0,0,0,"SM 161",0,0,0,0
"99","0","L","162",NA,"WPT",NA,"Flag, Blue","2018-04-27T22:36:45Z",1307.89978,3849405.24259,622422.982772,"","EL",78,18,"3:26",185,"EL",115,0,0,0,0,0,0,0,0,1,0,0,"EL 162",0,1,1,0
"100","0","L","121",NA,"WPT",NA,"Flag, Blue","2018-04-26T16:20:12Z",1308.532227,3849323.1246,622436.981299,"","PP",18,2,"9:09",245,"LT",72,2,0,0,0,1,0,0,0,0,0,0,"PP 121",0,3,3,0
"101","0","L","122",NA,"WPT",NA,"Flag, Blue","2018-04-26T16:25:04Z",1307.588135,3849291.86083,622404.907555,"","PP",27,2,"9:24",140,"AS",127,0,2,0,0,0,0,1,0,0,0,0,"PP 122",0,3,2,1
"102","0","L","123",NA,"WPT",NA,"Flag, Blue","2018-04-26T16:52:07Z",1304.028931,3849292.86875,622397.297872,"","AS",50,71,"9:47",125,"AS",194,0,1,0,0,0,0,1,0,0,0,0,"AS 123",0,2,1,1
"103","0","L","124",NA,"WPT",NA,"Flag, Blue","2018-04-26T17:06:36Z",1301.175537,3849276.9,622430.916105,"","PP",28,3,"10:05",300,"LT",164,0,2,0,0,0,0,0,0,0,0,0,"PP 124",9,2,2,0
"104","0","L","125",NA,"WPT",NA,"Flag, Blue","2018-04-26T17:29:14Z",1297.157227,3849312.27378,622505.035025,"","SC",52,3,"10:21",50,"AS",5,0,1,0,0,0,0,0,0,0,0,0,"SC 125",2,1,1,0
"105","0","L","126",NA,"WPT",NA,"Flag, Blue","2018-04-26T17:45:43Z",1293.957886,3849309.13827,622519.445754,"","SC",42,7,"10:41",800,"AS",201,0,1,0,0,0,0,0,0,0,0,0,"SC 126",2,1,1,0
"106","0","L","127",NA,"WPT",NA,"Flag, Blue","2018-04-26T18:13:06Z",1290.797852,3849298.24917,622526.363544,"","LT",190,156,"11:02",30,"AS",178,0,1,0,0,0,0,0,0,0,0,0,"LT 127",0,1,1,0
"107","0","L","128",NA,"WPT",NA,"Flag, Blue","2018-04-26T18:28:04Z",1289.939697,3849273.89824,622538.586168,"","AS",53,62,"11:20",0,"EC",133,0,3,1,0,0,0,0,0,0,0,0,"AS 128",0,4,4,0
"108","0","L","129",NA,"WPT",NA,"Flag, Blue","2018-04-26T18:28:35Z",1289.654419,3849273.57537,622539.322602,"","EC",42,11,"11:20",0,"AS",133,0,3,0,0,0,0,0,0,0,0,0,"EC 129",0,3,3,0
"109","0","L","130",NA,"WPT",NA,"Flag, Blue","2018-04-26T18:40:11Z",1287.678345,3849259.66029,622552.229773,"","HH",26,1,"11:33",90,"EC",157,0,0,2,0,0,0,0,0,0,0,0,"HH 130",1,2,2,0
"110","0","L","131",NA,"WPT",NA,"Flag, Blue","2018-04-26T19:04:59Z",1288.877563,3849257.66146,622543.744871,"","LT",180,50,"12:02",180,"LT",46,1,0,0,0,0,0,0,0,0,0,0,"LT 131",1,1,1,0
"111","0","L","132",NA,"WPT",NA,"Flag, Blue","2018-04-26T19:22:48Z",1288.862671,3849258.48761,622539.157773,"","EC",64,192,"12:13",320,"AS",124,0,0,0,0,0,0,0,0,0,0,0,"EC 132",8,0,0,0
"112","0","L","133",NA,"WPT",NA,"Flag, Blue","2018-04-26T19:31:51Z",1291.369019,3849247.48956,622512.945907,"","LT",165,96,"12:32",450,"LT",140,0,0,0,0,0,0,0,0,0,0,0,"LT 133",0,0,0,0
"113","0","L","134",NA,"WPT",NA,"Flag, Blue","2018-04-26T19:51:00Z",1292.28418,3849249.8477,622506.782514,"","AS",45,47,"12:45",320,"SC",161,0,0,0,0,0,0,0,0,0,0,0,"AS 134",0,0,0,0
"114","0","L","135",NA,"WPT",NA,"Flag, Blue","2018-04-26T20:10:51Z",1293.620605,3849247.84282,622497.840043,"","SM",65,12,"1:01",65,"SM",158,0,1,0,0,3,0,0,0,0,0,0,"SM 135",0,4,4,0
"115","0","L","97",NA,"WPT",NA,"Flag, Blue","2018-04-25T16:34:39Z",1311.532715,3849324.41996,622409.324555,"","PP",22,4,"9:30",300,"AS",40,0,1,0,0,0,0,0,0,0,0,0,"PP 97",2,1,1,0
"116","0","L","98",NA,"WPT",NA,"Flag, Blue","2018-04-25T16:44:05Z",1309.089722,3849326.54539,622410.669047,"","AS",64,17,"9:43",300,"PP",27,0,0,0,0,0,0,1,0,0,0,0,"AS 98",1,1,0,1
"117","0","L","99",NA,"WPT",NA,"Flag, Blue","2018-04-25T16:58:19Z",1305.357544,3849307.41529,622415.133914,"","PP",24,2,"9:57",58,"AS",66,0,5,0,0,0,0,0,0,0,0,0,"PP 99",1,5,5,0
"118","0","L","100",NA,"WPT",NA,"Flag, Blue","2018-04-25T16:58:32Z",1305.346924,3849307.75046,622415.312501,"","AS",38,6,"9:57",88,"PP",70,0,3,0,0,0,0,1,0,0,0,0,"AS 100",0,4,3,1
"119","0","L","101",NA,"WPT",NA,"Flag, Blue","2018-04-25T17:29:05Z",1301.911499,3849292.55188,622406.820317,"","LT",285,146,"",170,"PP",181,0,1,0,0,0,0,1,0,0,0,0,"LT 101",4,2,1,1
"120","0","L","102",NA,"WPT",NA,"Flag, Blue","2018-04-25T17:29:43Z",1301.150024,3849292.31421,622405.633725,"","PP",19,2,"10:32",90,"AS",32,1,1,0,0,0,0,0,0,0,0,0,"PP 102",0,2,2,0
"121","0","L","103",NA,"WPT",NA,"Flag, Blue","2018-04-25T17:57:39Z",1295.108032,3849266.0877,622451.927196,"","AS",65,53,"10:58",30,"AS",135,0,4,0,0,0,0,0,0,0,0,0,"AS 103",0,4,4,0
"122","0","L","104",NA,"WPT",NA,"Flag, Blue","2018-04-25T18:29:20Z",1287.326538,3849184.48924,622496.579518,"","EC",32,28,"11:28",330,"EC",208,0,0,0,0,0,0,0,0,0,0,0,"EC 104",0,0,0,0
"123","0","L","105",NA,"WPT",NA,"Flag, Blue","2018-04-25T18:42:32Z",1285.689575,3849170.87164,622515.157225,"","LT",136,36,"11:42",180,"LT",46,2,0,0,0,0,0,0,0,0,0,0,"LT 105",3,2,2,0
"124","0","L","106",NA,"WPT",NA,"Flag, Blue","2018-04-25T19:05:53Z",1283.234497,3849137.57782,622530.519375,"","EC",38,200,"",370,"LT",122,0,0,0,0,0,0,0,0,0,0,0,"EC 106",4,0,0,0
"125","0","L","108",NA,"WPT",NA,"Flag, Blue","2018-04-25T19:46:00Z",1284.460083,3849122.97759,622525.314147,"","AS",140,31,"12:31",140,"AS",46,0,1,0,0,0,0,0,0,0,0,0,"AS 108",1,1,1,0
"126","0","L","109",NA,"WPT",NA,"Flag, Blue","2018-04-25T20:08:46Z",1283.339478,3849118.81031,622620.371368,"","LT",200,151,"12:56",120,"LT",17,1,0,0,0,0,0,0,0,0,0,0,"LT 109",1,1,1,0
"127","0","L","110",NA,"WPT",NA,"Flag, Blue","2018-04-25T20:14:36Z",1283.048096,3849168.69524,622643.044185,"","EC",58,150,"1:13",250,"LT",74,0,0,3,0,0,0,0,0,0,0,0,"EC 110",5,3,3,0
"128","0","L","111",NA,"WPT",NA,"Flag, Blue","2018-04-25T20:40:31Z",1286.512695,3849232.02839,622609.525339,"","EC",56,109,"1:33",810,"LT",202,0,0,0,0,0,0,0,0,0,0,0,"EC 111",2,0,0,0
"129","0","L","112",NA,"WPT",NA,"Flag, Blue","2018-04-25T20:49:20Z",1286.245361,3849250.63,622623.646176,"","SC",55,3,"1:50",520,"AS",187,0,0,0,0,0,0,0,0,0,0,0,"SC 112",7,0,0,0
"130","0","L","113",NA,"WPT",NA,"Flag, Blue","2018-04-25T21:06:58Z",1286.213867,3849246.08176,622623.615342,"","AS",52,49,"",530,"LT",157,0,1,0,0,0,0,0,0,0,0,0,"AS 113",1,1,1,0
"131","0","L","115",NA,"WPT",NA,"Flag, Blue","2018-04-25T21:43:02Z",1292.605347,3849293.68251,622516.631626,"","SC",46,3,"2:42",110,"SM",175,0,0,0,1,1,0,0,0,0,0,0,"SC 115",0,2,2,0
"132","0","L","116",NA,"WPT",NA,"Flag, Blue","2018-04-25T22:21:13Z",1310.236694,3849442.93969,622405.091592,"UP","SD",39,41,"3:17",50,"SD",185,0,0,0,2,0,0,0,0,0,0,0,"SD 116",0,2,2,0
"133","0","L","117",NA,"WPT",NA,"Flag, Blue","2018-04-25T22:43:43Z",1315.647339,3849425.04543,622410.729681,"UP","SM",70,42,"3:34",80,"SM",152,0,0,0,0,1,0,0,0,2,0,0,"SM 117",0,3,3,0
"134","0","L","118",NA,"WPT",NA,"Flag, Blue","2018-04-25T22:59:30Z",1311.817017,3849370.01197,622401.212467,"","LT",195,130,"3:47",1470,"LT",30,0,0,0,0,0,0,0,0,0,0,0,"LT 118",1,0,0,0
"135","0","L","119",NA,"WPT",NA,"Flag, Blue","2018-04-25T23:04:31Z",1310.194946,3849349.47672,622391.784705,"","SC",46,7,"4:01",50,"AS",47,0,2,0,0,0,0,0,0,0,0,0,"SC 119",2,2,2,0
"136","0","L","120",NA,"WPT",NA,"Flag, Blue","2018-04-25T23:19:09Z",1298.80188,3849256.86552,622417.45471,"","AS",35,16,"4:21",160,"LT",39,1,0,0,0,0,0,0,0,0,0,0,"AS 120",0,1,1,0
"137","0","L","70",NA,"WPT",NA,"Flag, Blue","2018-04-24T15:58:50Z",1303.59436,3849678.30107,622387.221876,"UP","PP",29,25,"8:59",160,"SM",101,0,0,0,0,3,0,0,0,0,0,0,"PP 70",2,3,3,0
"138","0","L","71",NA,"WPT",NA,"Flag, Blue","2018-04-24T16:25:46Z",1319.122925,3849740.84664,622361.129922,"UP","AS",67,75,"9:17",80,"SM",121,0,2,0,0,1,0,0,0,0,0,0,"AS 71",2,3,3,0
"139","0","L","72",NA,"WPT",NA,"Flag, Blue","2018-04-24T16:33:01Z",1320.69104,3849735.95602,622360.371358,"UP","PP",19,5,"9:31",55,"SM",119,0,0,0,0,2,0,0,0,0,0,0,"PP 72",1,2,2,0
"140","0","L","73",NA,"WPT",NA,"Flag, Blue","2018-04-24T16:47:33Z",1322.803345,3849743.84958,622361.730498,"UP","AS",60,34,"9:43",130,"AS",123,0,1,0,0,0,0,0,0,0,0,0,"AS 73",1,1,1,0
"141","0","L","74",NA,"WPT",NA,"Flag, Blue","2018-04-24T17:02:22Z",1323.205933,3849725.61763,622350.350614,"UP","PP",35,16,"9:58",160,"AS",114,0,1,0,0,0,0,0,0,0,0,0,"PP 74",2,1,1,0
"142","0","L","75",NA,"WPT",NA,"Flag, Blue","2018-04-24T17:16:32Z",1320.145386,3849662.97342,622394.015331,"UP","S",72,24,"10:12",240,"SM",89,0,0,0,0,2,0,0,0,0,0,0,"S 75",0,2,2,0
"143","0","L","76",NA,"WPT",NA,"Flag, Blue","2018-04-24T17:35:17Z",1307.078125,3849428.02021,622392.568966,"UP","SD",55,30,"10:34",210,"SD",159,0,0,0,1,0,0,0,0,0,0,0,"SD 76",0,1,1,0
"144","0","L","77",NA,"WPT",NA,"Flag, Blue","2018-04-24T17:51:10Z",1301.637329,3849356.36013,622433.884389,"","PP",19,1,"10:51",0,"AS",218,0,3,0,0,0,0,0,0,0,0,0,"PP 77",2,3,3,0
"145","0","L","78",NA,"WPT",NA,"Flag, Blue","2018-04-24T17:51:23Z",1301.610107,3849355.70199,622434.442229,"","AS",30,25,"11:07",0,"PP",218,0,2,0,0,0,0,1,0,0,0,0,"AS 78",0,3,2,1
"146","0","L","79",NA,"WPT",NA,"Flag, Blue","2018-04-24T18:06:34Z",1300.429321,3849353.38648,622443.808276,"","AS",58,83,"11:24",NA,"",1,0,0,0,0,0,0,0,0,0,0,0,"AS 79",0,0,0,0
"147","0","L","80",NA,"WPT",NA,"Flag, Blue","2018-04-24T18:31:31Z",1298.613647,3849366.1709,622462.582865,"","PP",23,1,"11:39",90,"AS",16,0,5,0,0,0,0,0,0,0,0,0,"PP 80",0,5,5,0
"148","0","L","83",NA,"WPT",NA,"Flag, Blue","2018-04-24T19:40:26Z",1293.967407,3849292.62289,622470.427169,"","AS",45,32,"12:33",60,"AS",177,0,2,0,0,0,0,0,0,0,0,0,"AS 83",0,2,2,0
"149","0","L","84",NA,"WPT",NA,"Flag, Blue","2018-04-24T19:40:51Z",1293.904053,3849292.18048,622470.524591,"","AS",55,13,"12:51",60,"AS",156,0,3,0,0,0,0,0,0,0,0,0,"AS 84",0,3,3,0
"150","0","L","85",NA,"WPT",NA,"Flag, Blue","2018-04-24T20:06:31Z",1293.50647,3849297.44539,622474.389882,"","LT",245,127,"1:13",830,"LT",204,0,5,0,0,0,0,0,0,0,0,0,"LT 85",4,5,5,0
"151","0","L","87",NA,"WPT",NA,"Flag, Blue","2018-04-24T20:43:40Z",1293.514771,3849322.90734,622520.543451,"","SC",70,12,"1:53",230,"AS",45,0,1,0,0,0,0,0,0,0,0,0,"SC 87",6,1,1,0
"152","0","L","88",NA,"WPT",NA,"Flag, Blue","2018-04-24T21:12:20Z",1294.951904,3849331.53569,622510.452589,"","SC",70,9,"2:20",230,"AS",75,0,2,0,0,0,0,0,0,0,0,0,"SC 88",3,2,2,0
"153","0","L","89",NA,"WPT",NA,"Flag, Blue","2018-04-24T21:20:24Z",1292.521606,3849284.36188,622524.718269,"","AS",50,21,"2:36",240,"SC",180,0,2,0,0,0,1,0,0,0,0,0,"AS 89",0,3,2,1
"154","0","L","90",NA,"WPT",NA,"Flag, Blue","2018-04-24T21:34:08Z",1291.515747,3849265.01555,622562.86646,"","EC",50,360,"2:55",220,"EC",36,0,0,8,0,0,0,0,0,0,0,0,"EC 90",2,8,8,0
"155","0","L","91",NA,"WPT",NA,"Flag, Blue","2018-04-24T22:06:27Z",1291.487793,3849297.82377,622585.950036,"","EC",55,175,"",160,"EC",79,1,1,2,0,0,0,0,0,0,0,0,"EC 91",2,4,4,0
"156","0","L","92",NA,"WPT",NA,"Flag, Blue","2018-04-24T22:26:44Z",1292.548096,3849294.58679,622584.437354,"","LT",270,98,"3:31",260,"EC",212,0,0,3,0,0,0,0,0,0,0,0,"LT 92",0,3,3,0
"157","0","L","93",NA,"WPT",NA,"Flag, Blue","2018-04-24T22:30:29Z",1288.995483,3849261.68855,622621.119084,"","SC",57,17,"3:51",190,"SM",55,0,0,1,0,1,0,0,0,0,0,0,"SC 93",2,2,2,0
"158","0","L","94",NA,"WPT",NA,"Flag, Blue","2018-04-24T23:04:03Z",1287.549805,3849242.24241,622610.212799,"","EC",60,275,"",200,"EC",7,0,0,1,0,0,0,0,0,0,0,0,"EC 94",2,1,1,0
"159","0","L","47",NA,"WPT",NA,"Flag, Blue","2018-04-23T16:23:48Z",1321.032349,3849572.62408,622381.307965,"UP","AS",57,90,"9:23",870,"PP",52,0,0,0,0,0,0,0,0,0,0,0,"AS 47",3,0,0,0
"160","0","L","48",NA,"WPT",NA,"Flag, Blue","2018-04-23T16:56:37Z",1313.471313,3849457.49851,622407.185681,"UP","SD",54,11,"9:52",52,"SD",203,0,0,0,8,0,0,0,0,0,0,0,"SD 48",0,8,8,0
"161","0","L","51",NA,"WPT",NA,"Flag, Blue","2018-04-23T17:32:18Z",1306.717651,3849428.97818,622406.192822,"UP","SM",64,19,"10:31",35,"SM",159,0,0,0,2,0,0,0,0,0,0,0,"SM 51",0,2,2,0
"162","0","L","50",NA,"WPT",NA,"Flag, Blue","2018-04-23T17:32:53Z",1307.713135,3849431.09021,622406.530787,"UP","SM",70,24,"10:16",35,"SM",163,0,0,0,3,5,0,0,0,0,0,0,"SM 50",2,8,8,0
"163","0","L","52",NA,"WPT",NA,"Flag, Blue","2018-04-23T17:56:06Z",1304.583252,3849422.03273,622409.397024,"UP","SD",83,97,"10:43",115,"SD",144,0,0,0,3,4,0,0,0,0,0,0,"SD 52",7,7,7,0
"164","0","L","53",NA,"WPT",NA,"Flag, Blue","2018-04-23T18:09:05Z",1302.92749,3849390.15006,622422.451646,"","PP",34,3,"11:03",5,"SM",220,0,0,0,0,2,0,0,0,0,1,0,"PP 53",2,3,3,0
"165","0","L","55",NA,"WPT",NA,"Flag, Blue","2018-04-23T18:53:30Z",1298.472534,3849320.0839,622441.872521,"low","PP",23,1,"11:51",200,"LT",54,0,0,0,0,0,0,0,0,0,0,0,"PP 55",2,0,0,0
"166","0","L","56",NA,"WPT",NA,"Flag, Blue","2018-04-23T19:08:04Z",1297.020142,3849284.88142,622430.535188,"low","AS",62,33,"12:07",20,"AS",218,0,3,0,0,0,0,0,0,0,0,0,"AS 56",0,3,3,0
"167","0","L","57",NA,"WPT",NA,"Flag, Blue","2018-04-23T19:25:47Z",1297.471558,3849278.04448,622441.883519,"low","LT",250,94,"12:20",470,"AS",1,0,0,0,0,0,0,0,0,0,0,0,"LT 57",0,0,0,0
"168","0","L","58",NA,"WPT",NA,"Flag, Blue","2018-04-23T19:35:40Z",1297.241211,3849286.8558,622445.518523,"low","LT",160,53,"12:33",340,"AS",202,0,0,0,0,0,0,0,0,0,0,0,"LT 58",0,0,0,0
"169","0","L","61",NA,"WPT",NA,"Flag, Blue","2018-04-23T20:43:38Z",1283.14209,3849089.92134,622533.534447,"low","LT",170,90,"1:42",570,"LT",166,0,0,0,0,0,0,0,0,0,0,0,"LT 61",2,0,0,0
"170","0","L","62",NA,"WPT",NA,"Flag, Blue","2018-04-23T21:05:29Z",1280.409668,3849089.67778,622540.218926,"low","LT",150,55,"1:53",410,"LT",132,0,0,0,0,0,0,0,0,0,0,0,"LT 62",1,0,0,0
"171","0","L","63",NA,"WPT",NA,"Flag, Blue","2018-04-23T21:15:08Z",1280.559448,3849084.48253,622549.89826,"low","X",47,4,"2:11",155,"LT",35,2,0,0,0,0,0,0,0,0,0,0,"X 63",0,2,2,0
"172","0","L","64",NA,"WPT",NA,"Flag, Blue","2018-04-23T21:22:59Z",1279.425171,3849082.24142,622556.517855,"low","AS",43,27,"2:22",60,"LT",173,1,0,0,0,0,0,0,0,0,0,0,"AS 64",0,1,1,0
"173","0","L","65",NA,"WPT",NA,"Flag, Blue","2018-04-23T21:43:43Z",1282.726318,3849114.20976,622624.734406,"low","EC",48,175,"2:40",550,"LT",161,0,0,0,0,0,0,0,0,0,0,0,"EC 65",5,0,0,0
"174","0","L","66",NA,"WPT",NA,"Flag, Blue","2018-04-23T21:49:41Z",1284.570068,3849150.96723,622619.576182,"low","EC",44,84,"2:52",120,"EC",41,1,0,3,0,0,0,0,0,0,0,0,"EC 66",0,4,4,0
"175","0","L","67",NA,"WPT",NA,"Flag, Blue","2018-04-23T22:19:21Z",1292.554199,3849218.72281,622568.334568,"low","EC",39,120,"3:06",230,"EC",207,0,0,1,0,0,0,0,0,0,0,0,"EC 67",0,1,1,0
"176","0","L","68",NA,"WPT",NA,"Flag, Blue","2018-04-23T22:22:48Z",1292.203125,3849230.00792,622557.842009,"low","LT",105,20,"3:21",180,"EC",169,0,0,1,0,0,0,0,0,0,0,0,"LT 68",0,1,1,0
"177","0","L","69",NA,"WPT",NA,"Flag, Blue","2018-04-23T22:59:57Z",1322.201294,3849687.72542,622386.913297,"UP","SM",60,11,"3:57",115,"SM",100,0,0,0,0,2,0,1,0,0,0,0,"SM 69",0,3,2,1
"178","0","L","21",NA,"WPT",NA,"Flag, Blue","2018-04-22T16:12:30Z",1308.307495,3849583.75094,622375.577095,"up","PP",22,1,"9:01",100,"PP",60,0,0,0,0,0,0,1,0,0,0,0,"PP 21",0,1,0,1
"179","0","L","23",NA,"WPT",NA,"Flag, Blue","2018-04-22T16:54:41Z",1314.491699,3849526.39597,622408.281303,"up","EC",45,180,"",230,"EC",33,0,0,1,0,0,0,0,0,0,0,0,"EC 23",11,1,1,0
"180","0","L","24",NA,"WPT",NA,"Flag, Blue","2018-04-22T16:57:14Z",1313.967407,3849529.55851,622420.868878,"up","PP",30,2,"9:55",495,"SD",37,0,0,0,0,0,0,0,0,0,0,0,"PP 24",0,0,0,0
"181","0","L","25",NA,"WPT",NA,"Flag, Blue","2018-04-22T17:33:32Z",1307.543823,3849371.81204,622419.767313,"low","SD",50,29,"10:18",285,"SD",155,0,0,0,1,0,0,0,0,0,0,0,"SD 25",1,1,1,0
"182","0","L","26",NA,"WPT",NA,"Flag, Blue","2018-04-22T17:46:18Z",1306.667725,3849370.96026,622430.761129,"low","AS",54,56,"10:35",245,"AS",11,0,2,0,0,0,0,0,0,0,0,0,"AS 26",3,2,2,0
"183","0","L","27",NA,"WPT",NA,"Flag, Blue","2018-04-22T17:52:08Z",1306.148071,3849376.78574,622443.404955,"low","PP",32,3,"10:50",170,"AS",71,0,2,0,0,0,0,0,0,0,0,0,"PP 27",4,2,2,0
"184","0","L","28",NA,"WPT",NA,"Flag, Blue","2018-04-22T18:11:23Z",1302.973999,3849386.67317,622436.226092,"low","EL",56,117,"11:04",160,"AS",78,0,2,0,0,0,0,0,0,0,0,0,"EL 28",1,2,2,0
"185","0","L","29",NA,"WPT",NA,"Flag, Blue","2018-04-22T18:21:33Z",1301.677246,3849371.58805,622452.900917,"low","AS",49,29,"11:19",690,"AS",64,0,1,0,0,0,0,0,0,0,0,0,"AS 29",1,1,1,0
"186","0","L","30",NA,"WPT",NA,"Flag, Blue","2018-04-22T18:43:35Z",1299.838745,3849345.46605,622432.107585,"low","LT",165,46,"11:33",80,"LT",200,2,0,0,0,0,0,0,0,0,0,0,"LT 30",1,2,2,0
"187","0","L","31",NA,"WPT",NA,"Flag, Blue","2018-04-22T19:02:27Z",1298.152954,3849291.08701,622396.772447,"low","PP",28,7,"11:57",230,"AS",166,0,4,0,0,0,0,0,0,0,0,0,"PP 31",4,4,4,0
"188","0","L","32",NA,"WPT",NA,"Flag, Blue","2018-04-22T19:11:58Z",1300.074829,3849296.75885,622397.886657,"low","AS",4,9,"12:10",40,"AS",187,0,4,0,0,0,0,0,0,0,0,0,"AS 32",0,4,4,0
"189","0","L","33",NA,"WPT",NA,"Flag, Blue","2018-04-22T19:44:10Z",1304.093872,3849302.03826,622386.193106,"low","LT",290,120,"12:25",75,"LT",195,1,0,0,0,0,0,0,0,0,0,0,"LT 33",4,1,1,0
"190","0","L","34",NA,"WPT",NA,"Flag, Blue","2018-04-22T19:46:00Z",1298.637817,3849249.88036,622484.26752,"low","EC",39,38,"12:47",90,"AS",140,0,1,0,0,0,0,0,0,0,0,0,"EC 34",0,1,1,0
"191","0","L","35",NA,"WPT",NA,"Flag, Blue","2018-04-22T20:06:25Z",1295.765381,3849236.63901,622481.149214,"low","LT",155,44,"12:58",160,"AS",188,0,1,0,0,0,0,0,0,0,0,0,"LT 35",1,1,1,0
"192","0","L","36",NA,"WPT",NA,"Flag, Blue","2018-04-22T20:31:38Z",1288.449219,3849186.58297,622495.544809,"low","EC",47,20,"1:28",200,"AS",219,0,1,1,0,0,0,0,0,0,0,0,"EC 36",0,2,2,0
"193","0","L","37",NA,"WPT",NA,"Flag, Blue","2018-04-22T20:41:46Z",1287.795532,3849184.22361,622493.288242,"low","AS",40,12,"1:39",200,"EC",15,0,0,1,0,0,0,0,0,0,0,0,"AS 37",0,1,1,0
"194","0","L","38",NA,"WPT",NA,"Flag, Blue","2018-04-22T20:55:47Z",1288.129028,3849175.43049,622482.697245,"low","LT",200,91,"1:52",95,"LT",215,2,0,0,0,0,0,0,0,0,0,0,"LT 38",2,2,2,0
"195","0","L","39",NA,"WPT",NA,"Flag, Blue","2018-04-22T21:10:05Z",1283.267212,3849135.26648,622473.622562,"low","AS",37,5,"2:07",96,"AS",26,1,2,0,0,0,0,0,0,0,0,0,"AS 39",0,3,3,0
"196","0","L","40",NA,"WPT",NA,"Flag, Blue","2018-04-22T21:25:03Z",1283.201416,3849135.51634,622475.724288,"low","LT",190,76,"2:19",0,"AS",120,1,2,0,0,0,0,0,0,0,0,0,"LT 40",0,3,3,0
"197","0","L","41",NA,"WPT",NA,"Flag, Blue","2018-04-22T21:46:43Z",1283.436523,3849089.79128,622448.876462,"low","EC",55,105,"2:34",170,"EC",172,0,0,1,0,0,0,0,0,0,0,0,"EC 41",0,1,1,0
"198","0","L","42",NA,"WPT",NA,"Flag, Blue","2018-04-22T22:01:32Z",1282.645874,3849114.15462,622612.287906,"low","EC",30,70,"2:56",300,"LT",94,1,0,0,0,0,0,0,0,0,0,0,"EC 42",0,1,1,0
"199","0","L","43",NA,"WPT",NA,"Flag, Blue","2018-04-22T22:18:40Z",1285.097534,3849122.97802,622608.509229,"low","EC",46,112,"3:08",290,"EC",171,0,0,3,0,0,0,0,0,0,0,0,"EC 43",1,3,3,0
"200","0","L","44",NA,"WPT",NA,"Flag, Blue","2018-04-22T22:37:37Z",1295.7677,3849260.84098,622540.956757,"LOW","AS",60,16,"3:35",360,"EC",148,0,0,0,0,0,0,0,0,0,0,0,"AS 44",1,0,0,0
"201","0","L","45",NA,"WPT",NA,"Flag, Blue","2018-04-22T23:01:16Z",1314.127808,3849483.76653,622380.661057,"UP","EC",59,64,"3:57",105,"SD",12,0,0,0,1,2,0,0,0,0,0,0,"EC 45",0,3,3,0
"202","0","L","46",NA,"WPT",NA,"Flag, Blue","2018-04-22T23:13:45Z",1315.293213,3849486.31366,622388.680851,"UP","SM",60,46,"4:08",430,"EC",13,0,0,0,0,0,0,0,0,0,0,0,"SM 46",0,0,0,0
"203","0","L","1",NA,"WPT",NA,"Flag, Blue","2018-04-21T17:03:26Z",1254.333618,3849592.45872,623184.947861,"low","PP",20,5,"",450,"AS",67,0,0,0,0,0,0,0,0,0,0,0,"PP 1",0,0,0,0
"204","0","L","2",NA,"WPT",NA,"Flag, Blue","2018-04-21T17:20:58Z",1305.06311,3849341.65772,622454.306468,"low","PP",19,11,"",1110,"HH",18,0,0,0,0,0,0,0,0,0,0,0,"PP 2",4,0,0,0
"205","0","L","3",NA,"WPT",NA,"Flag, Blue","2018-04-21T17:42:03Z",1302.760498,3849342.81781,622441.478074,NA,NA,NA,NA,NA,NA,NA,NA,NA,NA,NA,NA,NA,NA,NA,NA,NA,NA,NA,NA,NA,NA,NA,NA
"206","0","L","4",NA,"WPT",NA,"Flag, Blue","2018-04-21T18:00:48Z",1303.123779,3849346.91754,622441.14887,NA,NA,NA,NA,NA,NA,NA,NA,NA,NA,NA,NA,NA,NA,NA,NA,NA,NA,NA,NA,NA,NA,NA,NA
"207","0","L","5",NA,"WPT",NA,"Flag, Blue","2018-04-21T18:19:19Z",1301.646362,3849338.52666,622427.440953,"low","LT",175,72,"",160,"LT",39,2,0,0,0,0,0,0,0,0,0,0,"LT 5",0,2,2,0
"208","0","L","6",NA,"WPT",NA,"Flag, Blue","2018-04-21T18:46:19Z",1294.848022,3849288.62911,622462.060314,"low","LT",125,73,"11:34",130,"LT",24,1,2,0,0,0,0,0,0,0,0,0,"LT 6",4,3,3,0
"209","0","L","7",NA,"WPT",NA,"Flag, Blue","2018-04-21T18:57:35Z",1294.738892,3849294.68492,622467.013384,"low","AS",49,4,"11:48",55,"AS",202,0,0,0,0,0,0,0,0,0,0,0,"AS 7",0,0,0,0
"210","0","L","8",NA,"WPT",NA,"Flag, Blue","2018-04-21T19:10:40Z",1288.253662,3849221.2196,622547.617168,"low","AS",39,9,"12:08",575,"EC",193,0,0,0,0,0,0,0,0,0,0,0,"AS 8",0,0,0,0
"211","0","L","10",NA,"WPT",NA,"Flag, Blue","2018-04-21T19:51:36Z",1289.235962,3849210.08216,622569.182033,"low","EC",46,264,"12:38",270,"EC",189,0,0,1,0,0,0,0,0,0,0,0,"EC 10",2,1,1,0
"212","0","L","11",NA,"WPT",NA,"Flag, Blue","2018-04-21T20:22:18Z",1291.564453,3849221.87787,622555.387848,"low","EC",55,135,"1:09",150,"EC",178,0,0,4,0,0,0,0,0,0,0,0,"EC 11",2,4,4,0
"213","0","L","14",NA,"WPT",NA,"Flag, Blue","2018-04-21T21:26:19Z",1287.64563,3849150.54113,622521.102652,"low","AS",35,4,"2:09",200,"AS",217,0,1,0,0,0,0,0,0,0,0,0,"AS 14",0,1,1,0
"214","0","L","15",NA,"WPT",NA,"Flag, Blue","2018-04-21T21:43:40Z",1291.720581,3849239.03549,622586.002062,"low","PP",18,2,"2:38",310,"EL",20,0,0,0,0,0,0,0,0,0,0,0,"PP 15",1,0,0,0
"215","0","L","16",NA,"WPT",NA,"Flag, Blue","2018-04-21T22:11:47Z",1310.963013,3849431.51554,622388.495568,"up","SD",38,12,"3:04",68,"SD",168,0,0,0,1,0,0,0,0,0,0,0,"SD 16",0,1,1,0
"216","0","L","17",NA,"WPT",NA,"Flag, Blue","2018-04-21T22:28:42Z",1319.812256,3849547.21153,622405.441421,"up","PP",29,2,"",600,"EC",43,0,0,0,0,0,0,0,0,0,0,0,"PP 17",2,0,0,0
"217","0","L","18",NA,"WPT",NA,"Flag, Blue","2018-04-21T22:44:03Z",1321.320312,3849581.55483,622368.925394,"up","PP",28,3,"3:37",1810,"PP",60,0,0,0,0,0,0,0,0,0,0,0,"PP 18",0,0,0,0
"218","0","L","19",NA,"WPT",NA,"Flag, Blue","2018-04-21T23:07:16Z",1328.12085,3849761.69279,622360.577734,"up","EL",75,24,"3:59",595,"PP",126,0,0,0,0,0,0,0,0,0,0,0,"EL 19",0,0,0,0
"219","0","L","386",NA,"WPT",NA,"Flag, Blue","2018-05-09T16:46:23Z",1299.362671,3849320.67624,622444.701766,"","AS",58,31,"9:47",350,"LT",113,0,0,0,0,0,0,0,0,0,0,0,"AS 386",0,0,0,0
"220","0","L","387",NA,"WPT",NA,"Flag, Blue","2018-05-09T17:03:36Z",1297.505005,3849284.02707,622433.017697,"","LT",155,94,"10:02",225,"AS",194,0,1,0,0,0,0,0,0,0,0,0,"LT 387",0,1,1,0
"221","0","L","388",NA,"WPT",NA,"Flag, Blue","2018-05-09T17:18:52Z",1295.419678,3849258.8132,622438.753448,"","BW",39,3,"10:16",115,"AS",179,0,1,0,0,0,0,0,0,0,0,0,"BW 388",0,1,1,0
"222","0","L","389",NA,"WPT",NA,"Flag, Blue","2018-05-09T17:19:07Z",1295.386841,3849259.26658,622439.479537,"","AS",40,13,"10:16",115,"BW",154,0,0,0,0,0,0,0,0,0,0,1,"AS 389",0,1,1,0
"223","0","L","390",NA,"WPT",NA,"Flag, Blue","2018-05-09T17:40:33Z",1278.531738,3849051.2595,622479.04381,"","AS",33,31,"10:39",660,"AS",216,0,0,0,0,0,0,0,0,0,0,0,"AS 390",0,0,0,0
"224","0","L","391",NA,"WPT",NA,"Flag, Blue","2018-05-09T18:06:01Z",1274.924683,3849001.88274,622527.75242,"","LT",220,198,"10:58",50,"LT",151,0,0,0,0,0,0,0,0,0,0,0,"LT 391",0,0,0,0
"225","0","L","392",NA,"WPT",NA,"Flag, Blue","2018-05-09T18:22:57Z",1273.848633,3849022.50162,622568.389044,"","BW",34,5,"11:14",75,"BW",182,0,0,0,0,0,0,0,0,0,0,1,"BW 392",0,1,1,0
"226","0","L","393",NA,"WPT",NA,"Flag, Blue","2018-05-09T18:39:23Z",1276.651001,3849036.19004,622563.447232,"","LT",210,465,"11:30",470,"BW",147,0,0,0,0,0,0,0,0,0,0,0,"LT 393",0,0,0,0
"227","0","L","394",NA,"WPT",NA,"Flag, Blue","2018-05-09T18:52:47Z",1276.799561,3849037.10644,622557.30283,"","BW",41,6,"11:42",315,"LT",102,0,0,0,0,0,0,0,0,0,0,0,"BW 394",0,0,0,0
"228","0","L","395",NA,"WPT",NA,"Flag, Blue","2018-05-09T18:59:51Z",1278.196411,3849061.25032,622554.509661,"","LT",62,40,"11:56",250,"BW",188,0,0,0,0,0,0,0,0,0,0,3,"LT 395",0,3,3,0
"229","0","L","361",NA,"WPT",NA,"Flag, Blue","2018-05-08T17:00:13Z",1303.235718,3849311.12679,622485.556182,"","AS",54,43,"9:55",125,"AS",25,0,2,0,0,0,0,0,0,0,0,0,"AS 361",5,2,2,0
"230","0","L","362",NA,"WPT",NA,"Flag, Blue","2018-05-08T17:17:14Z",1286.478516,3849136.79437,622538.309352,"","BW",36,8,"10:15",250,"SC",170,0,0,0,0,0,1,0,0,0,0,0,"BW 362",0,1,0,1
"231","0","L","363",NA,"WPT",NA,"Flag, Blue","2018-05-08T17:33:03Z",1282.328979,3849128.66505,622577.498332,"","SC",70,3,"10:30",0,"HH",132,0,1,0,0,0,1,0,0,0,0,0,"SC 363",1,2,1,1
"232","0","L","364",NA,"WPT",NA,"Flag, Blue","2018-05-08T17:33:20Z",1282.325806,3849127.90212,622578.515233,"","HH",19,1,"10:30",0,"SC",132,0,1,0,0,0,0,0,1,0,0,0,"HH 364",2,2,1,1
"233","0","L","365",NA,"WPT",NA,"Flag, Blue","2018-05-08T17:44:59Z",1281.328735,3849092.02763,622550.072228,"","BW",46,13,"10:44",235,"LT",68,1,0,0,0,0,0,0,0,0,0,0,"BW 365",4,1,1,0
"234","0","L","365",NA,"WPT",NA,"Flag, Blue","2018-05-08T18:11:28Z",1281.160278,3849084.64308,622528.662545,"","BW",46,13,"10:44",235,"LT",68,1,0,0,0,0,0,0,0,0,0,0,"BW 365",4,1,1,0
"235","0","L","367",NA,"WPT",NA,"Flag, Blue","2018-05-08T18:16:37Z",1281.235229,3849083.29133,622518.795925,"","BW",54,19,"11:16",25,"SC",129,0,0,0,0,0,0,0,0,0,0,6,"BW 367",3,6,6,0
"236","0","L","368",NA,"WPT",NA,"Flag, Blue","2018-05-08T18:16:56Z",1281.258057,3849083.62771,622519.066025,"","SC",46,3,"11:16",25,"BW",146,2,1,0,0,0,0,0,0,0,0,0,"SC 368",0,3,3,0
"237","0","L","369",NA,"WPT",NA,"Flag, Blue","2018-05-08T18:31:18Z",1282.263916,3849084.43812,622513.289187,"","AS",69,81,"11:31",105,"LT",8,1,1,0,0,0,0,0,0,0,0,1,"AS 369",2,3,3,0
"238","0","L","370",NA,"WPT",NA,"Flag, Blue","2018-05-08T18:47:53Z",1281.353271,3849083.39359,622509.825202,"","LT",270,301,"11:44",105,"AS",32,2,2,0,0,0,0,0,0,0,0,0,"LT 370",2,4,4,0
"239","0","L","371",NA,"WPT",NA,"Flag, Blue","2018-05-08T19:05:15Z",1294.071411,3849224.2737,622443.881272,"","AS",59,35,"12:04",95,"AS",69,1,1,0,0,0,0,0,0,0,0,0,"AS 371",3,2,2,0
"240","0","L","372",NA,"WPT",NA,"Flag, Blue","2018-05-08T19:05:59Z",1293.857544,3849225.25958,622442.952949,"","AS",56,63,"12:04",95,"AS",39,1,1,0,0,0,0,0,0,0,0,0,"AS 372",3,2,2,0
"241","0","L","373",NA,"WPT",NA,"Flag, Blue","2018-05-08T19:52:46Z",1286.748169,3849172.02035,622468.190502,"","LT",135,87,"12:48",155,"AS",150,0,1,0,0,0,0,0,0,0,0,0,"LT 373",0,1,1,0
"242","0","L","374",NA,"WPT",NA,"Flag, Blue","2018-05-08T20:11:30Z",1277.098633,3849034.25244,622484.67042,"","SC",78,3,"1:07",35,"LT",102,0,0,0,0,0,0,0,0,0,0,0,"SC 374",3,0,0,0
"243","0","L","375",NA,"WPT",NA,"Flag, Blue","2018-05-08T20:25:46Z",1273.172119,3849013.29041,622559.725521,"","BW",53,20,"1:24",340,"LT",110,0,0,0,0,0,0,0,0,0,0,0,"BW 375",6,0,0,0
"244","0","L","376",NA,"WPT",NA,"Flag, Blue","2018-05-08T20:37:11Z",1275.559082,3849008.28999,622559.059975,"","EC",55,20,"1:36",290,"LT",90,1,0,0,0,0,0,0,0,0,0,0,"EC 376",1,1,1,0
"245","0","L","377",NA,"WPT",NA,"Flag, Blue","2018-05-08T20:53:57Z",1276.606201,3849009.32233,622561.608938,"","LT",177,122,"1:49",140,"LT",28,1,0,1,0,0,0,0,0,0,0,0,"LT 377",1,2,2,0
"246","0","L","378",NA,"WPT",NA,"Flag, Blue","2018-05-08T21:09:42Z",1281.533447,3849034.2208,622573.815755,"","BW",42,16,"2:12",110,"LT",10,1,0,0,0,0,0,0,0,0,0,2,"BW 378",4,3,3,0
"247","0","L","379",NA,"WPT",NA,"Flag, Blue","2018-05-08T21:33:18Z",1284.518555,3849102.69321,622584.617509,"","BW",54,27,"2:32",265,"LT",81,1,0,0,0,0,0,0,0,0,0,1,"BW 379",2,2,2,0
"248","0","L","380",NA,"WPT",NA,"Flag, Blue","2018-05-08T21:51:36Z",1291.480835,3849200.66621,622561.802726,"","AS",48,25,"2:51",240,"LT",69,1,0,0,0,0,0,0,0,0,0,0,"AS 380",2,1,1,0
"249","0","L","381",NA,"WPT",NA,"Flag, Blue","2018-05-08T22:09:22Z",1296.55127,3849222.57588,622424.684161,"","AS",56,62,"3:08",160,"AS",39,1,3,0,0,0,0,0,0,0,0,0,"AS 381",2,4,4,0
"250","0","L","382",NA,"WPT",NA,"Flag, Blue","2018-05-08T22:24:48Z",1295.438721,3849221.60335,622401.633421,"","SC",53,4,"3:21",50,"AS",129,0,2,0,0,0,0,0,0,0,0,0,"SC 382",1,2,2,0
"251","0","L","383",NA,"WPT",NA,"Flag, Blue","2018-05-08T22:37:01Z",1296.367065,3849239.81207,622402.946755,"","SC",52,3,"3:34",205,"LT",57,1,0,0,0,0,0,0,0,0,0,0,"SC 383",1,1,1,0
"252","0","L","384",NA,"WPT",NA,"Flag, Blue","2018-05-08T22:51:38Z",1294.49292,3849232.61321,622403.774858,"","LT",195,380,"3:48",0,"LT",2,1,1,0,0,0,1,0,0,0,0,0,"LT 384",5,3,2,1
"253","0","L","385",NA,"WPT",NA,"Flag, Blue","2018-05-08T23:02:33Z",1296.487061,3849264.56902,622396.210472,"","SC",39,3,"4:02",205,"LT",57,1,0,0,0,0,0,0,0,0,0,0,"SC 385",3,1,1,0
"254","0","L","336",NA,"WPT",NA,"Flag, Blue","2018-05-07T17:01:56Z",1281.541992,3849068.98358,622585.433279,"","BW",37,8,"10:04",285,"AS",165,0,2,0,0,0,0,0,0,0,0,0,"BW 336",3,2,2,0
"255","0","L","337",NA,"WPT",NA,"Flag, Blue","2018-05-07T17:18:09Z",1278.064697,3849057.361,622595.564435,"","AS",54,26,"10:15",56,"AS",133,0,1,0,0,0,0,0,0,0,0,0,"AS 337",2,1,1,0
"256","0","L","338",NA,"WPT",NA,"Flag, Blue","2018-05-07T17:46:19Z",1276.337646,3849029.98835,622580.828069,"","BW",44,23,"10:28",100,"AS",198,0,2,0,0,0,0,0,0,0,0,1,"BW 338",17,3,3,0
"257","0","L","339",NA,"WPT",NA,"Flag, Blue","2018-05-07T17:55:21Z",1276.361572,3849011.71556,622541.441544,"","LT",210,210,"10:52",160,"AS",79,1,1,0,0,0,0,0,0,0,0,0,"LT 339",3,2,2,0
"258","0","L","340",NA,"WPT",NA,"Flag, Blue","2018-05-07T18:15:31Z",1277.93103,3849046.8508,622531.088446,"","BW",33,5,"11:07",70,"BW",108,0,0,0,0,0,0,0,0,0,0,3,"BW 340",6,3,3,0
"259","0","L","341",NA,"WPT",NA,"Flag, Blue","2018-05-07T18:25:33Z",1278.620728,3849043.70587,622478.229194,"","SC",52,14,"11:23",70,"AS",190,1,3,0,0,0,0,0,0,0,0,0,"SC 341",6,4,4,0
"260","0","L","342",NA,"WPT",NA,"Flag, Blue","2018-05-07T18:51:16Z",1278.991821,3849046.31878,622474.533391,"","AS",39,27,"11:38",135,"AS",129,0,3,0,0,0,0,0,0,0,0,0,"AS 342",1,3,3,0
"261","0","L","343",NA,"WPT",NA,"Flag, Blue","2018-05-07T19:00:12Z",1288.891724,3849168.80035,622451.301586,"","SC",40,7,"11:57",280,"AS",122,0,1,0,0,0,0,0,0,0,0,0,"SC 343",1,1,1,0
"262","0","L","344",NA,"WPT",NA,"Flag, Blue","2018-05-07T19:15:43Z",1293.5625,3849216.48983,622459.086271,"","AS",64,60,"12:12",130,"AS",140,0,3,0,0,0,0,0,0,0,0,0,"AS 344",1,3,3,0
"263","0","L","345",NA,"WPT",NA,"Flag, Blue","2018-05-07T19:55:19Z",1297.603882,3849289.41612,622421.231038,"","LT",200,229,"12:50",125,"AS",194,0,1,0,0,0,0,0,0,0,0,0,"LT 345",1,1,1,0
"264","0","L","346",NA,"WPT",NA,"Flag, Blue","2018-05-07T20:07:52Z",1294.069702,3849252.68416,622428.310051,"","AS",69,56,"1:06",90,"AS",146,0,2,0,0,0,0,0,0,0,0,0,"AS 346",2,2,2,0
"265","0","L","347",NA,"WPT",NA,"Flag, Blue","2018-05-07T20:08:04Z",1294.0802,3849252.4405,622426.665902,"","AS",40,10,"1:06",90,"AS",177,0,2,0,0,0,0,0,0,0,0,0,"AS 347",0,2,2,0
"266","0","L","348",NA,"WPT",NA,"Flag, Blue","2018-05-07T20:22:49Z",1288.706665,3849184.1755,622423.090696,"","SC",34,2,"1:22",125,"AS",154,0,1,0,0,0,0,0,0,0,0,0,"SC 348",0,1,1,0
"267","0","L","349",NA,"WPT",NA,"Flag, Blue","2018-05-07T20:42:36Z",1287.218506,3849107.06882,622405.264037,"","LT",280,170,"1:39",400,"LT",129,0,0,0,0,0,0,0,0,0,0,0,"LT 349",1,0,0,0
"268","0","L","350",NA,"WPT",NA,"Flag, Blue","2018-05-07T21:00:29Z",1282.311035,3849039.24876,622435.08903,"","SC",68,23,"1:59",1000,"SC",220,0,0,0,0,0,0,0,0,0,0,0,"SC 350",5,0,0,0
"269","0","L","351",NA,"WPT",NA,"Flag, Blue","2018-05-07T21:18:56Z",1277.389282,3848994.80945,622538.005968,"","SC",53,11,"2:18",340,"LT",110,0,0,0,0,0,0,0,0,0,0,0,"SC 351",6,0,0,0
"270","0","L","351",NA,"WPT",NA,"Flag, Blue","2018-05-07T21:25:32Z",1278.938477,3848989.97739,622541.639872,"","SC",53,11,"2:18",340,"LT",110,0,0,0,0,0,0,0,0,0,0,0,"SC 351",6,0,0,0
"271","0","L","252",NA,"WPT",NA,"Flag, Blue","2018-05-07T21:35:07Z",1282.757568,3849049.39452,622547.162829,"","EC",36,42,"2:05",160,"EC",134,0,0,1,0,0,0,0,0,0,0,0,"EC 252",1,1,1,0
"272","0","L","353",NA,"WPT",NA,"Flag, Blue","2018-05-07T21:58:05Z",1280.840332,3849048.37692,622545.71194,"","LT",250,153,"2:49",20,"BW",96,0,1,0,0,0,0,0,0,0,0,1,"LT 353",0,2,2,0
"273","0","L","354",NA,"WPT",NA,"Flag, Blue","2018-05-07T22:04:38Z",1280.616333,3849063.30012,622550.180733,"","BW",36,7,"3:02",35,"BW",69,1,0,0,0,0,0,0,0,0,0,2,"BW 354",3,3,3,0
"274","0","L","355",NA,"WPT",NA,"Flag, Blue","2018-05-07T22:04:53Z",1280.595947,3849063.51217,622549.445677,"","BW",39,4,"3:02",35,"BW",74,1,0,0,0,0,0,0,0,0,0,2,"BW 355",2,3,3,0
"275","0","L","356",NA,"WPT",NA,"Flag, Blue","2018-05-07T22:21:52Z",1283.045166,3849118.62531,622581.567785,"","SC",34,5,"3:20",180,"LT",46,1,0,0,0,0,0,0,0,0,0,1,"SC 356",5,2,2,0
"276","0","L","357",NA,"WPT",NA,"Flag, Blue","2018-05-07T22:47:05Z",1285.056396,3849195.49498,622606.534912,"","LT",270,154,"3:37",405,"LT",131,0,0,0,0,0,0,0,0,0,0,0,"LT 357",1,0,0,0
"277","0","L","358",NA,"WPT",NA,"Flag, Blue","2018-05-07T22:51:52Z",1286.200684,3849211.70271,622607.508521,"","AS",46,46,"3:49",135,"AS",35,2,1,0,0,0,0,0,0,0,0,0,"AS 358",0,3,3,0
"278","0","L","359",NA,"WPT",NA,"Flag, Blue","2018-05-07T23:08:00Z",1290.522461,3849257.40999,622516.566072,"","SC",76,6,"4:06",150,"LT",32,3,0,0,0,0,0,0,0,0,0,0,"SC 359",3,3,3,0
"279","0","L","360",NA,"WPT",NA,"Flag, Blue","2018-05-07T23:25:55Z",1293.516357,3849254.72857,622498.480384,"","LT",230,61,"4:20",240,"SC",164,0,0,0,0,0,1,0,0,0,0,0,"LT 360",0,1,0,1
"280","0","L","312",NA,"WPT",NA,"Flag, Blue","2018-05-06T17:38:43Z",1294.549194,3849337.70044,622448.684938,"","SC",45,5,"10:37",105,"AS",29,0,1,0,0,0,0,0,0,0,0,0,"SC 312",5,1,1,0
"281","0","L","313",NA,"WPT",NA,"Flag, Blue","2018-05-06T17:50:52Z",1293.661011,3849324.49361,622481.442564,"","AS",40,43,"10:50",450,"AS",56,0,0,0,0,0,0,0,0,0,0,0,"AS 313",0,0,0,0
"282","0","L","314",NA,"WPT",NA,"Flag, Blue","2018-05-06T18:14:39Z",1296.550659,3849300.64089,622472.791348,"","SC",59,8,"11:04",320,"LT",104,0,0,0,0,0,0,0,0,0,0,0,"SC 314",2,0,0,0
"283","0","L","315",NA,"WPT",NA,"Flag, Blue","2018-05-06T18:25:24Z",1294.854248,3849291.38871,622502.659357,"","LT",155,170,"11:20",100,"SC",180,0,0,0,0,0,1,0,0,0,0,0,"LT 315",3,1,0,1
"284","0","L","316",NA,"WPT",NA,"Flag, Blue","2018-05-06T18:39:53Z",1291.0896,3849285.29782,622520.038197,"","AS",56,79,"11:37",95,"AS",74,1,1,0,0,0,0,0,0,0,0,0,"AS 316",0,2,2,0
"285","0","L","317",NA,"WPT",NA,"Flag, Blue","2018-05-06T18:40:06Z",1291.084473,3849285.96083,622519.846304,"","AS",40,55,"11:37",95,"AS",117,0,6,0,0,0,0,0,0,0,0,0,"AS 317",0,6,6,0
"286","0","L","318",NA,"WPT",NA,"Flag, Blue","2018-05-06T18:53:40Z",1285.347046,3849189.95534,622582.080668,"","BW",46,4,"11:53",365,"LT",120,0,0,0,0,0,0,0,0,0,0,0,"BW 318",0,0,0,0
"287","0","L","319",NA,"WPT",NA,"Flag, Blue","2018-05-06T19:14:53Z",1285.350708,3849184.76267,622591.942862,"","LT",240,209,"12:06",170,"LT",41,2,0,0,0,0,0,0,0,0,0,0,"LT 319",2,2,2,0
"288","0","L","320",NA,"WPT",NA,"Flag, Blue","2018-05-06T19:25:20Z",1279.863159,3849087.42804,622604.40728,"","BW",48,8,"12:24",350,"BW",186,0,0,0,0,0,0,0,0,0,0,0,"BW 320",0,0,0,0
"289","0","L","321",NA,"WPT",NA,"Flag, Blue","2018-05-06T19:41:19Z",1279.50293,3849093.47938,622567.442404,"","LT",140,110,"12:42",990,"LT",219,0,0,0,0,0,0,0,0,0,0,0,"LT 321",0,0,0,0
"290","0","L","322",NA,"WPT",NA,"Flag, Blue","2018-05-06T20:02:20Z",1282.023438,3849110.6773,622534.539006,"","SC",63,5,"12:59",0,"LT",2,3,0,0,0,0,1,0,0,0,0,0,"SC 322",8,4,3,1
"291","0","L","323",NA,"WPT",NA,"Flag, Blue","2018-05-06T20:22:54Z",1283.522095,3849137.35175,622480.275966,"","AS",49,85,"1:13",105,"AS",14,3,1,0,0,0,0,0,0,0,0,0,"AS 323",3,4,4,0
"292","0","L","324",NA,"WPT",NA,"Flag, Blue","2018-05-06T20:53:15Z",1299.634033,3849339.62951,622418.640124,"","AS",45,36,"1:52",270,"AS",86,1,1,0,0,0,0,0,0,0,0,0,"AS 324",0,2,2,0
"293","0","L","325",NA,"WPT",NA,"Flag, Blue","2018-05-06T21:10:34Z",1301.650024,3849333.86504,622418.89997,"","LT",200,173,"2:04",160,"AS",200,0,2,0,0,0,0,0,0,0,0,0,"LT 325",1,2,2,0
"294","0","L","327",NA,"WPT",NA,"Flag, Blue","2018-05-06T21:44:41Z",1299.275146,3849248.48209,622437.609727,"","AS",62,38,"2:38",160,"SC",220,0,0,0,0,0,1,0,0,0,0,0,"AS 327",1,1,0,1
"295","0","L","328",NA,"WPT",NA,"Flag, Blue","2018-05-06T22:00:26Z",1290.991943,3849137.92939,622473.678601,"","SC",52,11,"2:56",280,"LT",86,1,0,0,0,0,0,0,0,0,0,0,"SC 328",1,1,1,0
"296","0","L","329",NA,"WPT",NA,"Flag, Blue","2018-05-06T22:12:10Z",1287.139404,3849108.90487,622509.759696,"","BW",46,10,"3:11",65,"AS",204,0,1,0,0,0,0,0,0,0,0,1,"BW 329",0,2,2,0
"297","0","L","330",NA,"WPT",NA,"Flag, Blue","2018-05-06T22:12:26Z",1287.093018,3849108.68925,622510.22021,"","AS",59,24,"3:11",65,"BW",197,0,0,0,0,0,0,0,0,0,0,2,"AS 330",0,2,2,0
"298","0","L","331",NA,"WPT",NA,"Flag, Blue","2018-05-06T22:26:55Z",1284.075684,3849089.75054,622587.261333,"","BW",38,4,"3:26",200,"LT",54,0,1,0,0,0,0,0,0,0,0,1,"BW 331",0,2,2,0
"299","0","L","332",NA,"WPT",NA,"Flag, Blue","2018-05-06T22:38:01Z",1283.183105,3849098.82994,622586.041882,"","LT",245,111,"3:38",370,"LT",122,0,0,0,0,0,0,0,0,0,0,0,"LT 332",0,0,0,0
"300","0","L","333",NA,"WPT",NA,"Flag, Blue","2018-05-06T22:54:05Z",1283.098389,3849152.70466,622650.030309,"","BW",50,4,"3:53",200,"AS",65,1,1,0,0,0,0,0,0,0,0,0,"BW 333",0,2,2,0
"301","0","L","334",NA,"WPT",NA,"Flag, Blue","2018-05-06T23:04:53Z",1282.086792,3849161.44889,622648.632301,"","EC",32,90,"4:05",300,"SC",198,0,0,0,0,0,1,0,0,0,0,0,"EC 334",0,1,0,1
"302","0","L","335",NA,"WPT",NA,"Flag, Blue","2018-05-06T23:27:31Z",1296.199829,3849344.71307,622467.170293,"","SC",69,2,"4:26",750,"BW",85,0,0,0,0,0,0,0,0,0,0,0,"SC 335",1,0,0,0
"303","0","L","287",NA,"WPT",NA,"Flag, Blue","2018-05-05T17:11:48Z",1295.750854,3849289.81968,622451.519429,"","AS",48,28,"10:10",60,"AS",44,1,2,0,0,0,1,0,0,0,0,0,"AS 287",1,4,3,1
"304","0","L","288",NA,"WPT",NA,"Flag, Blue","2018-05-05T17:30:13Z",1294.222168,3849284.35911,622499.549814,"","SC",59,4,"10:29",0,"AS",132,0,2,0,0,0,0,0,0,0,0,0,"SC 288",1,2,2,0
"305","0","L","289",NA,"WPT",NA,"Flag, Blue","2018-05-05T17:30:26Z",1294.154297,3849284.92097,622500.091399,"","AS",44,12,"10:29",0,"SC",132,0,1,0,0,0,1,0,0,0,0,0,"AS 289",0,2,1,1
"306","0","L","290",NA,"WPT",NA,"Flag, Blue","2018-05-05T17:42:30Z",1293.899292,3849279.83414,622509.58601,"","LT",150,125,"10:40",140,"AS",54,1,2,0,0,0,0,0,0,0,0,0,"LT 290",0,3,3,0
"307","0","L","291",NA,"WPT",NA,"Flag, Blue","2018-05-05T18:00:18Z",1287.692993,3849258.55334,622593.978758,"","AS",63,41,"10:58",290,"AS",184,0,1,0,0,0,0,0,0,0,0,0,"AS 291",0,1,1,0
"308","0","L","292",NA,"WPT",NA,"Flag, Blue","2018-05-05T18:15:06Z",1285.499023,3849221.22137,622630.902799,"","SC",70,4,"11:14",560,"LT",164,0,0,0,0,0,0,0,0,0,0,0,"SC 292",0,0,0,0
"309","0","L","293",NA,"WPT",NA,"Flag, Blue","2018-05-05T18:31:01Z",1285.871826,3849215.00616,622638.948262,"","EC",25,11,"11:30",100,"AS",26,1,1,0,0,0,0,0,0,0,0,0,"EC 293",0,2,2,0
"310","0","L","294",NA,"WPT",NA,"Flag, Blue","2018-05-05T18:50:15Z",1284.219727,3849115.54158,622616.479443,"","LT",150,123,"11:48",30,"LT",93,3,0,0,0,0,0,0,0,0,0,0,"LT 294",2,3,3,0
"311","0","L","295",NA,"WPT",NA,"Flag, Blue","2018-05-05T19:15:14Z",1284.449463,3849112.66867,622600.684165,"","LT",310,343,"12:17",0,"LT",2,2,0,0,0,0,0,0,0,0,0,0,"LT 295",7,2,2,0
"312","0","L","296",NA,"WPT",NA,"Flag, Blue","2018-05-05T19:31:39Z",1284.772461,3849121.4722,622578.784055,"","SC",68,10,"12:31",150,"SC",63,1,1,0,0,0,1,0,0,0,0,0,"SC 296",9,3,2,1
"313","0","L","297",NA,"WPT",NA,"Flag, Blue","2018-05-05T20:16:41Z",1302.863892,3849367.8541,622472.353159,"","AS",49,21,"1:15",135,"LT",26,1,1,0,0,0,0,0,0,0,0,0,"AS 297",0,2,2,0
"314","0","L","298",NA,"WPT",NA,"Flag, Blue","2018-05-05T20:35:24Z",1298.734009,3849362.40299,622496.129844,"","SC",39,2,"1:29",0,"AS",129,0,1,0,0,0,0,0,0,0,0,0,"SC 298",3,1,1,0
"315","0","L","299",NA,"WPT",NA,"Flag, Blue","2018-05-05T20:35:37Z",1298.723755,3849362.08856,622497.506835,"","AS",33,33,"1:29",0,"SC",129,0,0,0,0,0,2,0,0,0,0,0,"AS 299",1,2,0,2
"316","0","L","300",NA,"WPT",NA,"Flag, Blue","2018-05-05T20:45:17Z",1298.79541,3849355.46775,622525.051533,"","BW",45,4,"1:45",185,"AS",73,0,3,0,0,0,0,0,0,0,0,0,"BW 300",1,3,3,0
"317","0","L","301",NA,"WPT",NA,"Flag, Blue","2018-05-05T21:01:16Z",1299.115234,3849348.79418,622532.004611,"","BW",50,39,"1:59",110,"BW",109,0,0,0,0,0,0,0,0,0,0,1,"BW 301",7,1,1,0
"318","0","L","302",NA,"WPT",NA,"Flag, Blue","2018-05-05T21:18:11Z",1299.340088,3849284.24021,622532.224718,"","LT",105,49,"2:19",150,"LT",32,1,1,0,0,0,1,0,0,0,0,0,"LT 302",0,3,2,1
"319","0","L","303",NA,"WPT",NA,"Flag, Blue","2018-05-05T21:39:58Z",1299.220093,3849274.21049,622553.683119,"","SC",56,12,"2:31",0,"AS",94,1,3,0,0,0,0,0,0,0,0,0,"SC 303",13,4,4,0
"320","0","L","304",NA,"WPT",NA,"Flag, Blue","2018-05-05T21:40:16Z",1299.140015,3849275.61691,622551.010262,"","AS",41,16,"2:34",0,"SC",94,1,2,0,0,0,1,0,0,0,0,0,"AS 304",0,4,3,1
"321","0","L","305",NA,"WPT",NA,"Flag, Blue","2018-05-05T21:53:11Z",1296.532471,3849295.06374,622603.559066,"","BW",48,20,"2:51",45,"BW",11,0,0,0,0,1,0,0,0,0,0,2,"BW 305",3,3,3,0
"322","0","L","306",NA,"WPT",NA,"Flag, Blue","2018-05-05T22:14:19Z",1289.859497,3849211.90727,622647.775806,"","LT",145,47,"3:12",490,"LT",148,0,0,0,0,0,0,0,0,0,0,0,"LT 306",1,0,0,0
"323","0","L","307",NA,"WPT",NA,"Flag, Blue","2018-05-05T22:29:55Z",1286.416748,3849174.42918,622640.496502,"","EC",52,87,"3:28",50,"AS",166,0,1,0,0,0,2,0,0,0,0,0,"EC 307",0,3,1,2
"324","0","L","308",NA,"WPT",NA,"Flag, Blue","2018-05-05T22:47:48Z",1279.278076,3849064.55741,622594.553231,"","BW",30,4,"3:47",230,"LT",65,1,1,0,0,0,0,0,0,0,0,0,"BW 308",0,2,2,0
"325","0","L","309",NA,"WPT",NA,"Flag, Blue","2018-05-05T23:01:36Z",1277.414185,3849056.69067,622595.207345,"","LT",140,38,"4:00",120,"LT",17,1,1,0,0,0,0,0,0,0,0,1,"LT 309",0,3,3,0
"326","0","L","310",NA,"WPT",NA,"Flag, Blue","2018-05-05T23:13:49Z",1278.064575,3849078.25185,622581.740207,"","BW",52,19,"4:13",300,"LT",94,0,2,0,0,0,0,0,0,0,0,0,"BW 310",4,2,2,0
"327","0","L","311",NA,"WPT",NA,"Flag, Blue","2018-05-05T23:33:16Z",1286.33374,3849148.39883,622535.134367,"","SC",59,11,"4:30",120,"LT",17,0,2,0,0,0,0,0,0,0,0,0,"SC 311",3,2,2,0
"328","0","L","236",NA,"WPT",NA,"Flag, Blue","2018-05-03T16:38:00Z",1232.177734,3849318.78787,622511.080173,"","SC",52,19,"9:44",400,"AS",213,0,1,0,0,0,0,0,0,0,0,0,"SC 236",0,1,1,0
"329","0","L","237",NA,"WPT",NA,"Flag, Blue","2018-05-03T16:58:12Z",1258.634521,3849313.54211,622558.558356,"","SM",70,27,"9:59",30,"EL",92,0,0,0,0,0,0,0,0,1,0,0,"SM 237",0,1,1,0
"330","0","L","238",NA,"WPT",NA,"Flag, Blue","2018-05-03T17:12:48Z",1266.824219,3849262.91133,622588.063167,"","SC",52,4,"10:13",270,"SC",22,0,0,0,0,0,1,0,0,0,0,0,"SC 238",0,1,0,1
"331","0","L","239",NA,"WPT",NA,"Flag, Blue","2018-05-03T17:25:52Z",1273.52356,3849261.48906,622589.546483,"","EC",36,15,"10:23",425,"SC",219,0,0,0,0,0,0,0,0,0,0,0,"EC 239",0,0,0,0
"332","0","L","240",NA,"WPT",NA,"Flag, Blue","2018-05-03T17:43:13Z",1274.445923,3849209.69631,622640.025841,"","LT",230,84,"10:46",210,"AS",155,0,1,0,0,0,0,0,0,0,0,0,"LT 240",2,1,1,0
"333","0","L","241",NA,"WPT",NA,"Flag, Blue","2018-05-03T17:58:08Z",1274.550659,3849179.10933,622650.410118,"","EC",53,41,"10:59",95,"EC",204,0,0,1,0,0,0,0,0,0,0,0,"EC 241",1,1,1,0
"334","0","L","242",NA,"WPT",NA,"Flag, Blue","2018-05-03T18:12:52Z",1276.183716,3849141.06937,622642.589123,"","LT",145,49,"11:14",170,"LT",41,1,0,0,0,0,0,0,0,0,0,0,"LT 242",7,1,1,0
"335","0","L","243",NA,"WPT",NA,"Flag, Blue","2018-05-03T18:26:32Z",1274.388428,3849094.01423,622615.851475,"","BW",45,2,"11:28",350,"LT",113,0,0,0,0,0,0,0,0,0,0,0,"BW 243",0,0,0,0
"336","0","L","244",NA,"WPT",NA,"Flag, Blue","2018-05-03T18:39:28Z",1275.211182,3849098.49635,622602.61219,"","SC",45,6,"11:40",900,"LT",211,0,0,0,0,0,1,0,0,0,0,0,"SC 244",0,1,0,1
"337","0","L","245",NA,"WPT",NA,"Flag, Blue","2018-05-03T18:54:22Z",1276.135986,3849099.4503,622590.975962,"","AS",55,49,"11:55",670,"LT",184,0,0,0,0,0,0,0,0,0,0,0,"AS 245",1,0,0,0
"338","0","L","246",NA,"WPT",NA,"Flag, Blue","2018-05-03T19:14:23Z",1280.565552,3849116.02539,622561.284158,"","SC",52,6,"12:10",340,"LT",110,0,0,0,0,0,0,0,0,0,0,0,"SC 246",0,0,0,0
"339","0","L","247",NA,"WPT",NA,"Flag, Blue","2018-05-03T19:45:38Z",1298.982666,3849325.16832,622423.866533,"","AS",55,89,"12:46",140,"AS",132,0,1,0,0,0,1,0,0,0,0,0,"AS 247",1,2,1,1
"340","0","L","248",NA,"WPT",NA,"Flag, Blue","2018-05-03T19:59:15Z",1297.07251,3849318.69824,622437.772483,"","SC",88,23,"1:01",100,"AS",32,1,1,0,0,0,0,0,0,0,0,0,"SC 248",4,2,2,0
"341","0","L","249",NA,"WPT",NA,"Flag, Blue","2018-05-03T20:18:14Z",1291.582275,3849226.77694,622440.278536,"","AS",62,31,"1:19",70,"AS",97,1,2,0,0,0,0,0,0,0,0,0,"AS 249",0,3,3,0
"342","0","L","250",NA,"WPT",NA,"Flag, Blue","2018-05-03T20:40:07Z",1295.109375,3849231.66268,622440.671073,"","LT",225,320,"1:32",0,"AS",120,0,2,0,0,0,0,0,0,0,0,0,"LT 250",1,2,2,0
"343","0","L","251",NA,"WPT",NA,"Flag, Blue","2018-05-03T20:47:33Z",1288.500854,3849134.83604,622441.320489,"","AS",45,39,"1:47",365,"AS",169,0,0,0,0,0,0,0,0,0,0,0,"AS 251",2,0,0,0
"344","0","L","252",NA,"WPT",NA,"Flag, Blue","2018-05-03T21:09:04Z",1280.389893,3849009.0138,622446.932466,"","EC",36,42,"2:05",160,"EC",134,0,0,1,0,0,0,0,0,0,0,0,"EC 252",1,1,1,0
"345","0","L","253",NA,"WPT",NA,"Flag, Blue","2018-05-03T21:26:24Z",1280.616455,3848995.89207,622469.439414,"","SD",45,12,"2:22",260,"SD",143,0,0,0,1,0,0,0,0,0,0,0,"SD 253",1,1,1,0
"346","0","L","254",NA,"WPT",NA,"Flag, Blue","2018-05-03T21:35:12Z",1278.43457,3848975.15604,622503.21392,"","BW",49,6,"2:38",180,"SD",125,0,0,0,1,0,0,0,0,0,0,0,"BW 254",1,1,1,0
"347","0","L","255",NA,"WPT",NA,"Flag, Blue","2018-05-03T21:51:00Z",1279.874268,3848975.09637,622507.058783,"","SD",75,26,"2:50",180,"BW",112,0,0,0,0,0,0,0,0,0,0,1,"SD 255",0,1,1,0
"348","0","L","256",NA,"WPT",NA,"Flag, Blue","2018-05-03T22:02:52Z",1278.845825,3848961.6457,622521.516025,"","SC",47,3,"3:04",765,"SD",98,0,0,0,0,0,0,0,0,0,0,0,"SC 256",1,0,0,0
"349","0","L","257",NA,"WPT",NA,"Flag, Blue","2018-05-03T22:20:08Z",1276.999268,3848954.45529,622522.984746,"","SD",40,19,"3:18",320,"SD",118,0,0,0,0,0,0,0,0,0,0,0,"SD 257",0,0,0,0
"350","0","L","258",NA,"WPT",NA,"Flag, Blue","2018-05-03T22:32:51Z",1277.103516,3849034.41104,622579.76226,"","EC",75,73,"3:33",320,"EC",155,0,0,1,0,0,0,0,0,0,0,0,"EC 258",0,1,1,0
"351","0","L","259",NA,"WPT",NA,"Flag, Blue","2018-05-03T22:54:24Z",1275.865967,3849036.89836,622574.969834,"","LT",215,93,"3:49",245,"EC",117,0,0,1,0,0,0,0,0,0,0,0,"LT 259",0,1,1,0
"352","0","L","260",NA,"WPT",NA,"Flag, Blue","2018-05-03T23:01:41Z",1276.743286,3849076.98818,622586.790876,"","BW",30,5,"4:02",140,"AS",184,0,1,0,0,0,0,0,0,0,0,0,"BW 260",0,1,1,0
"353","0","L","261",NA,"WPT",NA,"Flag, Blue","2018-05-04T16:39:28Z",1301.366333,3849324.94804,622473.931798,"","AS",40,41,"9:41",335,"AS",55,0,0,0,0,0,0,0,0,0,0,0,"AS 261",0,0,0,0
"354","0","L","263",NA,"WPT",NA,"Flag, Blue","2018-05-04T17:29:52Z",1282.67334,3849183.48363,622662.341243,"","BW",55,62,"10:22",210,"SC",58,0,0,0,0,0,1,0,0,0,0,0,"BW 263",1,1,0,1
"355","0","L","264",NA,"WPT",NA,"Flag, Blue","2018-05-04T17:48:47Z",1281.319336,3849170.97826,622656.193097,"","EC",48,43,"10:38",90,"EC",194,0,0,2,0,0,0,0,0,0,0,0,"EC 264",1,2,2,0
"356","0","L","265",NA,"WPT",NA,"Flag, Blue","2018-05-04T17:54:10Z",1281.036987,3849139.3226,622628.060257,"","LT",150,146,"10:55",155,"LT",35,1,0,0,0,0,0,0,0,0,0,0,"LT 265",3,1,1,0
"357","0","L","266",NA,"WPT",NA,"Flag, Blue","2018-05-04T18:08:31Z",1279.157349,3849137.43686,622611.428102,"","SC",36,4,"11:03",420,"LT",133,0,0,0,0,0,0,0,0,0,0,0,"SC 266",1,0,0,0
"358","0","L","267",NA,"WPT",NA,"Flag, Blue","2018-05-04T18:23:59Z",1276.681519,3849095.4749,622592.310306,"","AS",34,25,"11:18",300,"LT",94,1,0,0,0,0,0,0,0,0,0,0,"AS 267",0,1,1,0
"359","0","L","268",NA,"WPT",NA,"Flag, Blue","2018-05-04T18:34:35Z",1276.747803,3849056.97163,622566.373411,"","SC",65,11,"11:35",120,"LT",17,1,1,0,0,0,0,0,0,0,0,0,"SC 268",2,2,2,0
"360","0","L","269",NA,"WPT",NA,"Flag, Blue","2018-05-04T18:52:14Z",1284.802368,3849135.8766,622536.033477,"","SC",46,18,"11:50",90,"AS",220,0,2,0,0,0,0,0,0,0,0,0,"SC 269",0,2,2,0
"361","0","L","270",NA,"WPT",NA,"Flag, Blue","2018-05-04T19:05:23Z",1292.203857,3849238.19221,622522.771283,"","AS",50,24,"12:06",35,"SC",124,0,0,0,0,0,1,0,0,0,0,0,"AS 270",1,1,0,1
"362","0","L","271",NA,"WPT",NA,"Flag, Blue","2018-05-04T19:20:30Z",1294.055664,3849234.94792,622520.709505,"","LT",230,312,"12:17",0,"LT",2,1,0,0,0,0,0,0,0,0,0,0,"LT 271",6,1,1,0
"363","0","L","272",NA,"WPT",NA,"Flag, Blue","2018-05-04T20:00:26Z",1304.831055,3849407.83841,622401.349276,"","HH",25,2,"1:01",1810,"SC",105,0,0,0,0,0,0,0,0,0,0,0,"HH 272",0,0,0,0
"364","0","L","273",NA,"WPT",NA,"Flag, Blue","2018-05-04T20:22:32Z",1302.853027,3849352.07616,622378.754115,"","AS",53,34,"1:18",430,"AS",80,0,0,0,0,0,0,0,0,0,0,0,"AS 273",4,0,0,0
"365","0","L","274",NA,"WPT",NA,"Flag, Blue","2018-05-04T20:33:15Z",1302.737427,3849321.17569,622373.948916,"","SC",55,17,"1:33",450,"SC",61,0,0,0,0,0,0,0,0,0,0,0,"SC 274",0,0,0,0
"366","0","L","275",NA,"WPT",NA,"Flag, Blue","2018-05-04T20:49:46Z",1301.174927,3849283.16775,622401.820097,"","LT",275,351,"1:50",360,"AS",202,0,0,0,0,0,0,0,0,0,0,0,"LT 275",9,0,0,0
"367","0","L","276",NA,"WPT",NA,"Flag, Blue","2018-05-04T21:08:40Z",1298.89978,3849226.25276,622409.259414,"","LT",155,105,"2:10",410,"LT",132,0,0,0,0,0,0,0,0,0,0,0,"LT 276",5,0,0,0
"368","0","L","277",NA,"WPT",NA,"Flag, Blue","2018-05-04T21:29:20Z",1300.675659,3849221.2426,622407.861722,"","AS",50,51,"2:23",120,"AS",181,0,3,0,0,0,0,0,0,0,0,0,"AS 277",4,3,3,0
"369","0","L","278",NA,"WPT",NA,"Flag, Blue","2018-05-04T21:43:09Z",1294.66272,3849150.98287,622454.376275,"","LT",145,63,"2:42",30,"SC",154,0,0,0,0,0,0,0,0,0,0,0,"LT 278",0,0,0,0
"370","0","L","279",NA,"WPT",NA,"Flag, Blue","2018-05-04T21:56:37Z",1292.575684,3849104.75213,622439.524727,"","EC",45,23,"2:57",220,"LT",63,1,1,0,0,0,0,0,0,0,0,0,"EC 279",0,2,2,0
"371","0","L","280",NA,"WPT",NA,"Flag, Blue","2018-05-04T22:18:41Z",1289.530273,3849136.88598,622611.710035,"","EC",58,26,"3:18",280,"SC",183,0,0,0,0,0,2,0,0,0,0,0,"EC 280",1,2,0,2
"372","0","L","281",NA,"WPT",NA,"Flag, Blue","2018-05-04T22:33:50Z",1289.703857,3849197.61108,622623.804579,"","EC",46,95,"3:30",120,"LT",17,1,0,1,0,0,0,0,0,0,0,0,"EC 281",2,2,2,0
"373","0","L","282",NA,"WPT",NA,"Flag, Blue","2018-05-04T22:45:47Z",1286.731445,3849196.8333,622615.394784,"","KE",45,74,"3:43",215,"AS",106,0,2,1,0,0,0,0,0,0,0,0,"KE 282",0,3,3,0
"374","0","L","283",NA,"WPT",NA,"Flag, Blue","2018-05-04T22:59:03Z",1286.773071,3849200.17387,622616.35701,"","AS",50,68,"3:56",30,"AS",210,1,0,0,0,0,0,0,0,0,0,0,"AS 283",5,1,1,0
"375","0","L","284",NA,"WPT",NA,"Flag, Blue","2018-05-04T22:59:16Z",1286.725098,3849200.2457,622613.427264,"","AS",36,14,"3:56",30,"AS",10,1,0,0,0,0,0,0,0,0,0,0,"AS 284",0,1,1,0
"376","0","L","285",NA,"WPT",NA,"Flag, Blue","2018-05-04T23:13:13Z",1286.327393,3849224.82262,622626.461695,"","SC",55,16,"4:08",490,"SC",191,0,0,0,0,0,0,0,0,0,0,0,"SC 285",4,0,0,0
"377","0","L","286",NA,"WPT",NA,"Flag, Blue","2018-05-04T23:26:19Z",1287.197266,3849239.6366,622597.800503,"","LT",185,93,"4:22",10,"SC",181,0,0,0,0,0,1,0,0,0,0,0,"LT 286",4,1,0,1
