"","Date","Site","Waypoint","Species","Height","N.flowers","Time","NN","NN.id","dist.lar","LT","AS","EC","SD","SM","SC","PP","HH","EL","LOTUS","BW","uniID","Quantity","density","shrub.density","cactus.density","con.density","het.density","site.density","site.shrub.density","site.cactus.density"
"1","4.21.2018","low",1,"PP",20,5,NA,450,"AS",2330,0,0,0,0,0,0,0,0,0,0,0,"PP 1",0,0,0,0,0,0,0.0194444444444444,0.0194444444444444,0
"2","4.21.2018","low",2,"PP",19,11,NA,1110,"HH",1220,0,0,0,0,0,0,0,0,0,0,0,"PP 2",4,0,0,0,0,0,0.0194444444444444,0.0194444444444444,0
"3","4.21.2018","low",3,"LT",185,45,NA,95,"LT",95,1,0,0,0,0,0,0,1,0,0,0,"LT 3",3,2,1,1,1,0,0.0194444444444444,0.0194444444444444,0
"4","4.21.2018","low",4,"HH",25,2,NA,275,"LT",275,0,0,0,0,0,0,0,0,0,0,0,"HH 4",2,0,0,0,0,0,0.0194444444444444,0.0194444444444444,0
"5","4.21.2018","low",5,"LT",175,72,NA,160,"LT",160,2,0,0,0,0,0,0,0,0,0,0,"LT 5",0,2,2,0,2,0,0.0194444444444444,0.0194444444444444,0
"6","4.21.2018","low",6,"LT",125,73,NA,130,"LT",130,1,2,0,0,0,0,0,0,0,0,0,"LT 6",4,3,3,0,1,2,0.0194444444444444,0.0194444444444444,0
"7","4.21.2018","low",7,"AS",49,4,NA,55,"AS",810,0,0,0,0,0,0,0,0,0,0,0,"AS 7",0,0,0,0,0,0,0.0194444444444444,0.0194444444444444,0
"8","4.21.2018","low",8,"AS",39,9,NA,575,"EC",725,0,0,0,0,0,0,0,0,0,0,0,"AS 8",0,0,0,0,0,0,0.0194444444444444,0.0194444444444444,0
"9","4.21.2018","low",9,"PP",24,2,NA,30,"PP",560,0,0,1,0,0,0,1,0,0,0,0,"PP 9",1,2,1,1,0,1,0.0194444444444444,0.0194444444444444,0
"10","4.21.2018","low",10,"EC",46,264,NA,270,"EC",690,0,0,1,0,0,0,0,0,0,0,0,"EC 10",1,1,1,0,1,0,0.0194444444444444,0.0194444444444444,0
"11","4.21.2018","low",11,"EC",55,135,NA,150,"EC",630,0,0,4,0,0,0,0,0,0,0,0,"EC 11",2,4,4,0,4,0,0.0194444444444444,0.0194444444444444,0
"12","4.21.2018","low",12,"EC",57,185,NA,120,"EC",390,0,1,3,0,0,0,0,0,0,0,0,"EC 12",2,4,4,0,3,1,0.0194444444444444,0.0194444444444444,0
"13","4.21.2018","low",13,"LT",275,131,NA,100,"LT",100,1,0,3,0,0,0,0,0,0,0,0,"LT 13",3,4,4,0,1,3,0.0194444444444444,0.0194444444444444,0
"14","4.21.2018","low",14,"AS",35,4,NA,200,"AS",970,0,1,0,0,0,0,0,0,0,0,0,"AS 14",0,1,1,0,1,0,0.0194444444444444,0.0194444444444444,0
"15","4.21.2018","low",15,"PP",18,2,NA,310,"EL",1240,0,0,0,0,0,0,0,0,0,0,0,"PP 15",1,0,0,0,0,0,0.0194444444444444,0.0194444444444444,0
"16","4.21.2018","up",16,"SD",38,12,NA,68,"SD",5780,0,0,0,1,0,0,0,0,0,0,0,"SD 16",0,1,1,0,1,0,0.0194444444444444,0.0194444444444444,0
"17","4.21.2018","up",17,"PP",29,2,NA,600,"EC",17165,0,0,0,0,0,0,0,0,0,0,0,"PP 17",2,0,0,0,0,0,0.0194444444444444,0.0194444444444444,0
"18","4.21.2018","up",18,"PP",28,3,NA,1810,"PP",20880,0,0,0,0,0,0,0,0,0,0,0,"PP 18",0,0,0,0,0,0,0.0194444444444444,0.0194444444444444,0
"19","4.21.2018","up",19,"EL",75,24,NA,595,"PP",38845,0,0,0,0,0,0,0,0,0,0,0,"EL 19",0,0,0,0,0,0,0.0194444444444444,0.0194444444444444,0
"20","4.21.2018","up",20,"EL",68,27,NA,145,"EC",38845,0,0,0,0,0,0,0,0,3,0,0,"EL 20",0,3,3,0,3,0,0.0194444444444444,0.0194444444444444,0
"21","4.22.2018","up",21,"PP",22,1,NA,100,"PP",20880,0,0,0,0,0,0,1,0,0,0,0,"PP 21",0,1,0,1,0,0,NA,NA,NA
"22","4.22.2018","up",22,"AS",56,82,NA,965,"PP",NA,0,0,0,0,0,0,0,0,0,0,0,"AS 22",1,0,0,0,0,0,NA,NA,NA
"23","4.22.2018","up",23,"EC",45,180,NA,230,"EC",15090,0,0,1,0,0,0,0,0,0,0,0,"EC 23",11,1,1,0,1,0,NA,NA,NA
"24","4.22.2018","up",24,"PP",30,2,NA,495,"SD",15500,0,0,0,0,0,0,0,0,0,0,0,"PP 24",0,0,0,0,0,0,NA,NA,NA
"25","4.22.2018","low",25,"SD",50,29,NA,285,"SD",520,0,0,0,1,0,0,0,0,0,0,0,"SD 25",1,1,1,0,1,0,NA,NA,NA
"26","4.22.2018","low",26,"AS",54,56,1035,245,"AS",1100,0,2,0,0,0,0,0,0,0,0,0,"AS 26",3,2,2,0,2,0,NA,NA,NA
"27","4.22.2018","low",27,"PP",32,3,1050,170,"AS",2430,0,2,0,0,0,0,0,0,0,0,0,"PP 27",4,2,2,0,0,2,NA,NA,NA
"28","4.22.2018","low",28,"EL",56,117,1104,160,"AS",2570,0,2,0,0,0,0,0,0,0,0,0,"EL 28",1,2,2,0,0,2,NA,NA,NA
"29","4.22.2018","low",29,"AS",49,29,1119,690,"AS",2250,0,1,0,0,0,0,0,0,0,0,0,"AS 29",1,1,1,0,1,0,NA,NA,NA
"30","4.22.2018","low",30,"LT",165,46,1133,80,"LT",80,2,0,0,0,0,0,0,0,0,0,0,"LT 30",1,2,2,0,2,0,NA,NA,NA
"31","4.22.2018","low",31,"PP",28,7,1157,230,"AS",570,0,4,0,0,0,0,0,0,0,0,0,"PP 31",4,4,4,0,0,4,NA,NA,NA
"32","4.22.2018","low",32,"AS",4,9,1210,40,"AS",680,0,4,0,0,0,0,0,0,0,0,0,"AS 32",0,4,4,0,4,0,NA,NA,NA
"33","4.22.2018","low",33,"LT",290,120,1225,75,"LT",75,1,0,0,0,0,0,0,0,0,0,0,"LT 33",4,1,1,0,1,0,NA,NA,NA
"34","4.22.2018","low",34,"EC",39,38,1247,90,"AS",450,0,1,0,0,0,0,0,0,0,0,0,"EC 34",0,1,1,0,0,1,NA,NA,NA
"35","4.22.2018","low",35,"LT",155,44,1258,160,"AS",685,0,1,0,0,0,0,0,0,0,0,0,"LT 35",1,1,1,0,0,1,NA,NA,NA
"36","4.22.2018","low",36,"EC",47,20,128,200,"AS",990,0,1,1,0,0,0,0,0,0,0,0,"EC 36",0,2,2,0,1,1,NA,NA,NA
"37","4.22.2018","low",37,"AS",40,12,139,200,"EC",1180,0,0,1,0,0,0,0,0,0,0,0,"AS 37",0,1,1,0,0,1,NA,NA,NA
"38","4.22.2018","low",38,"LT",200,91,152,95,"LT",95,2,0,0,0,0,0,0,0,0,0,0,"LT 38",2,2,2,0,2,0,NA,NA,NA
"39","4.22.2018","low",39,"AS",37,5,207,96,"AS",135,1,2,0,0,0,0,0,0,0,0,0,"AS 39",0,3,3,0,2,1,NA,NA,NA
"40","4.22.2018","low",40,"LT",190,76,219,0,"AS",365,1,2,0,0,0,0,0,0,0,0,0,"LT 40",0,3,3,0,1,2,NA,NA,NA
"41","4.22.2018","low",41,"EC",55,105,234,170,"EC",595,0,0,1,0,0,0,0,0,0,0,0,"EC 41",0,1,1,0,1,0,NA,NA,NA
"42","4.22.2018","low",42,"EC",30,70,256,300,"LT",300,1,0,0,0,0,0,0,0,0,0,0,"EC 42",0,1,1,0,0,1,NA,NA,NA
"43","4.22.2018","low",43,"EC",46,112,308,290,"EC",590,0,0,3,0,0,0,0,0,0,0,0,"EC 43",1,3,3,0,3,0,NA,NA,NA
"44","4.22.2018","LOW",44,"AS",60,16,335,360,"EC",490,0,0,0,0,0,0,0,0,0,0,0,"AS 44",1,0,0,0,0,0,NA,NA,NA
"45","4.22.2018","UP",45,"EC",59,64,357,105,"SD",11050,0,0,0,1,2,0,0,0,0,0,0,"EC 45",0,3,3,0,0,3,NA,NA,NA
"46","4.22.2018","UP",46,"SM",60,46,408,430,"EC",11170,0,0,0,0,0,0,0,0,0,0,0,"SM 46",0,0,0,0,0,0,NA,NA,NA
"47","4.23.2018","UP",47,"AS",57,90,923,870,"PP",19825,0,0,0,0,0,0,0,0,0,0,0,"AS 47",3,0,0,0,0,0,0.05,0.05,0
"48","4.23.2018","UP",48,"SD",54,11,952,52,"SD",8200,0,0,0,8,0,0,0,0,0,0,0,"SD 48",0,8,8,0,8,0,0.05,0.05,0
"49","4.23.2018","UP",49,"SD",60,12,1001,20,"SD",NA,0,0,0,2,0,0,0,0,0,0,0,"SD 49",2,2,2,0,2,0,0.05,0.05,0
"50","4.23.2018","UP",50,"SM",70,24,1016,35,"SM",5560,0,0,0,3,5,0,0,0,0,0,0,"SM 50",2,8,8,0,5,3,0.05,0.05,0
"51","4.23.2018","UP",51,"SM",64,19,1031,35,"SM",5350,0,0,0,2,0,0,0,0,0,0,0,"SM 51",0,2,2,0,0,2,0.05,0.05,0
"52","4.23.2018","UP",52,"SD",83,97,1043,115,"SD",4690,0,0,0,3,4,0,0,0,0,0,0,"SD 52",7,7,7,0,3,4,0.05,0.05,0
"53","4.23.2018",NA,53,"PP",34,3,1103,5,"SM",NA,0,0,0,0,2,0,0,0,0,1,0,"PP 53",2,3,3,0,0,3,0.05,0.05,0
"54","4.23.2018","low",54,"AS",52,49,1115,166,"AS",1010,0,3,0,0,0,0,0,0,0,0,0,"AS 54",5,3,3,0,3,0,0.05,0.05,0
"55","4.23.2018","low",55,"PP",23,1,1151,200,"LT",200,0,0,0,0,0,0,0,0,0,0,0,"PP 55",2,0,0,0,0,0,0.05,0.05,0
"56","4.23.2018","low",56,"AS",62,33,1207,20,"AS",980,0,3,0,0,0,0,0,0,0,0,0,"AS 56",0,3,3,0,3,0,0.05,0.05,0
"57","4.23.2018","low",57,"LT",250,94,1220,470,"AS",NA,0,0,0,0,0,0,0,0,0,0,0,"LT 57",0,0,0,0,0,0,0.05,0.05,0
"58","4.23.2018","low",58,"LT",160,53,1233,340,"AS",810,0,0,0,0,0,0,0,0,0,0,0,"LT 58",0,0,0,0,0,0,0.05,0.05,0
"59","4.23.2018","low",59,"EC",40,103,111,290,"LT",290,1,0,0,0,0,0,0,0,0,0,0,"EC 59",0,1,1,0,0,1,0.05,0.05,0
"60","4.23.2018","low",60,"AS",42,9,122,415,"EC",750,0,0,0,0,0,0,0,0,0,0,0,"AS 60",0,0,0,0,0,0,0.05,0.05,0
"61","4.23.2018","low",61,"LT",170,90,142,570,"LT",570,0,0,0,0,0,0,0,0,0,0,0,"LT 61",2,0,0,0,0,0,0.05,0.05,0
"62","4.23.2018","low",62,"LT",150,55,153,410,"LT",410,0,0,0,0,0,0,0,0,0,0,0,"LT 62",1,0,0,0,0,0,0.05,0.05,0
"63","4.23.2018","low",64,"AS",43,27,222,60,"LT",60,1,0,0,0,0,0,0,0,0,0,0,"AS 64",0,1,1,0,0,1,0.05,0.05,0
"64","4.23.2018","low",65,"EC",48,175,240,550,"LT",550,0,0,0,0,0,0,0,0,0,0,0,"EC 65",5,0,0,0,0,0,0.05,0.05,0
"65","4.23.2018","low",66,"EC",44,84,252,120,"EC",170,1,0,3,0,0,0,0,0,0,0,0,"EC 66",0,4,4,0,3,1,0.05,0.05,0
"66","4.23.2018","low",67,"EC",39,120,306,230,"EC",860,0,0,1,0,0,0,0,0,0,0,0,"EC 67",0,1,1,0,1,0,0.05,0.05,0
"67","4.23.2018","low",68,"LT",105,20,321,180,"EC",580,0,0,1,0,0,0,0,0,0,0,0,"LT 68",0,1,1,0,0,1,0.05,0.05,0
"68","4.23.2018","UP",69,"SM",60,11,357,115,"SM",31260,0,0,0,0,2,0,1,0,0,0,0,"SM 69",0,3,2,1,2,0,0.05,0.05,0
"69","4.24.2018","UP",70,"PP",29,25,859,160,"SM",31315,0,0,0,0,3,0,0,0,0,0,0,"PP 70",2,3,3,0,0,3,0.0385,0.036,0.0015
"70","4.24.2018","UP",71,"AS",67,75,917,80,"SM",36770,0,2,0,0,1,0,0,0,0,0,0,"AS 71",2,3,3,0,2,1,0.0385,0.036,0.0015
"71","4.24.2018","UP",72,"PP",19,5,931,55,"SM",36290,0,0,0,0,2,0,0,0,0,0,0,"PP 72",1,2,2,0,0,2,0.0385,0.036,0.0015
"72","4.24.2018","UP",73,"AS",60,34,943,130,"AS",37060,0,1,0,0,0,0,0,0,0,0,0,"AS 73",1,1,1,0,1,0,0.0385,0.036,0.0015
"73","4.24.2018","UP",74,"PP",35,16,958,160,"AS",35400,0,1,0,0,0,0,0,0,0,0,0,"PP 74",2,1,1,0,0,1,0.0385,0.036,0.0015
"74","4.24.2018","UP",75,"SM",72,24,1012,240,"SM",28755,0,0,0,0,2,0,0,0,0,0,0,"SM 75",0,2,2,0,2,0,0.0385,0.036,0.0015
"75","4.24.2018","UP",76,"SD",55,30,1034,210,"SD",5350,0,0,0,1,0,0,0,0,0,0,0,"SD 76",0,1,1,0,1,0,0.0385,0.036,0.0015
"76","4.24.2018",NA,77,"PP",19,1,1051,0,"AS",980,0,3,0,0,0,0,0,0,0,0,0,"PP 77",2,3,3,0,0,3,0.0385,0.036,0.0015
"77","4.24.2018",NA,78,"AS",30,25,1107,0,"PP",980,0,2,0,0,0,0,1,0,0,0,0,"AS 78",0,3,2,1,2,0,0.0385,0.036,0.0015
"78","4.24.2018",NA,79,"AS",58,83,1124,NA,NA,NA,0,0,0,0,0,0,0,0,0,0,0,"AS 79",0,0,0,0,0,0,0.0385,0.036,0.0015
"79","4.24.2018",NA,80,"PP",23,1,1139,90,"AS",1190,0,5,0,0,0,0,0,0,0,0,0,"PP 80",0,5,5,0,0,5,0.0385,0.036,0.0015
"80","4.24.2018",NA,81,"SM",100,21,NA,75,"AS",420,0,2,0,0,0,0,0,0,0,0,0,"SM 81",0,2,2,0,0,2,0.0385,0.036,0.0015
"81","4.24.2018",NA,82,"LT",220,233,1233,50,"AS",530,0,2,0,0,0,0,0,0,0,0,0,"LT 82",6,2,2,0,0,2,0.0385,0.036,0.0015
"82","4.24.2018",NA,83,"AS",45,32,1233,60,"AS",620,0,2,0,0,0,0,0,0,0,0,0,"AS 83",0,2,2,0,2,0,0.0385,0.036,0.0015
"83","4.24.2018",NA,84,"AS",55,13,1251,60,"AS",525,0,3,0,0,0,0,0,0,0,0,0,"AS 84",0,3,3,0,3,0,0.0385,0.036,0.0015
"84","4.24.2018",NA,85,"LT",245,127,113,830,"LT",830,0,5,0,0,0,0,0,0,0,0,0,"LT 85",4,5,5,0,0,5,0.0385,0.036,0.0015
"85","4.24.2018",NA,86,"LT",115,135,NA,80,"AS",1050,0,3,0,0,0,0,0,0,0,0,0,"LT 86",3,3,3,0,0,3,0.0385,0.036,0.0015
"86","4.24.2018",NA,87,"SC",70,12,153,230,"AS",1780,0,1,0,0,0,0,0,0,0,0,0,"SC 87",6,1,1,0,0,1,0.0385,0.036,0.0015
"87","4.24.2018",NA,88,"SC",70,9,220,230,"AS",2500,0,2,0,0,0,0,0,0,0,0,0,"SC 88",3,2,2,0,0,2,0.0385,0.036,0.0015
"88","4.24.2018",NA,89,"AS",50,21,236,240,"SC",640,0,2,0,0,0,1,0,0,0,0,0,"AS 89",0,3,2,1,2,0,0.0385,0.036,0.0015
"89","4.24.2018",NA,90,"EC",50,360,255,220,"EC",1550,0,0,8,0,0,0,0,0,0,0,0,"EC 90",2,8,8,0,8,0,0.0385,0.036,0.0015
"90","4.24.2018",NA,91,"EC",55,175,NA,160,"EC",260,1,1,2,0,0,0,0,0,0,0,0,"EC 91",2,4,4,0,2,2,0.0385,0.036,0.0015
"91","4.24.2018",NA,92,"LT",270,98,331,260,"EC",910,0,0,3,0,0,0,0,0,0,0,0,"LT 92",0,3,3,0,0,3,0.0385,0.036,0.0015
"92","4.24.2018",NA,93,"SC",57,17,351,190,"SM",2000,0,0,1,0,1,0,0,0,0,0,0,"SC 93",2,2,2,0,0,2,0.0385,0.036,0.0015
"93","4.24.2018",NA,94,"EC",60,275,NA,200,"EC",1030,0,0,1,0,0,0,0,0,0,0,0,"EC 94",2,1,1,0,1,0,0.0385,0.036,0.0015
"94","4.24.2018",NA,95,"PP",20,10,NA,0,"LT",0,0,0,1,0,0,0,0,0,0,0,0,"PP 95",0,1,1,0,0,1,0.0385,0.036,0.0015
"95","4.24.2018",NA,96,"LT",170,102,NA,0,"PP",90,2,0,1,0,0,0,1,0,0,0,0,"LT 96",1,4,3,1,2,1,0.0385,0.036,0.0015
"96","4.25.2018",NA,97,"PP",22,4,930,300,"AS",1600,0,1,0,0,0,0,0,0,0,0,0,"PP 97",2,1,1,0,0,1,NA,NA,NA
"97","4.25.2018",NA,98,"AS",64,17,943,300,"PP",1390,0,0,0,0,0,0,1,0,0,0,0,"AS 98",1,1,0,1,0,0,NA,NA,NA
"98","4.25.2018",NA,99,"PP",24,2,957,58,"AS",2310,0,5,0,0,0,0,0,0,0,0,0,"PP 99",1,5,5,0,0,5,NA,NA,NA
"99","4.25.2018",NA,100,"AS",38,6,957,88,"PP",2400,0,3,0,0,0,0,1,0,0,0,0,"AS 100",0,4,3,1,3,0,NA,NA,NA
"100","4.25.2018",NA,101,"LT",285,146,NA,170,"PP",650,0,1,0,0,0,0,1,0,0,0,0,"LT 101",4,2,1,1,0,1,NA,NA,NA
"101","4.25.2018",NA,102,"PP",19,2,1032,90,"AS",150,1,1,0,0,0,0,0,0,0,0,0,"PP 102",0,2,2,0,0,2,NA,NA,NA
"102","4.25.2018",NA,103,"AS",65,53,1058,30,"AS",440,0,4,0,0,0,0,0,0,0,0,0,"AS 103",0,4,4,0,4,0,NA,NA,NA
"103","4.25.2018",NA,104,"EC",32,28,1128,330,"EC",880,0,0,0,0,0,0,0,0,0,0,0,"EC 104",0,0,0,0,0,0,NA,NA,NA
"104","4.25.2018",NA,105,"LT",136,36,1142,180,"LT",180,2,0,0,0,0,0,0,0,0,0,0,"LT 105",3,2,2,0,2,0,NA,NA,NA
"105","4.25.2018",NA,106,"EC",38,200,NA,370,"LT",370,0,0,0,0,0,0,0,0,0,0,0,"EC 106",4,0,0,0,0,0,NA,NA,NA
"106","4.25.2018",NA,107,"EC",35,34,1213,230,"EC",245,1,0,2,0,0,0,0,0,0,0,0,"EC 107",1,3,3,0,2,1,NA,NA,NA
"107","4.25.2018",NA,108,"AS",140,31,1231,140,"AS",180,0,1,0,0,0,0,0,0,0,0,0,"AS 108",1,1,1,0,1,0,NA,NA,NA
"108","4.25.2018",NA,109,"LT",200,151,1256,120,"LT",120,1,0,0,0,0,0,0,0,0,0,0,"LT 109",1,1,1,0,1,0,NA,NA,NA
"109","4.25.2018",NA,110,"EC",58,150,113,250,"LT",250,0,0,3,0,0,0,0,0,0,0,0,"EC 110",5,3,3,0,3,0,NA,NA,NA
"110","4.25.2018",NA,111,"EC",56,109,133,810,"LT",810,0,0,0,0,0,0,0,0,0,0,0,"EC 111",2,0,0,0,0,0,NA,NA,NA
"111","4.25.2018",NA,112,"SC",55,3,150,520,"AS",680,0,0,0,0,0,0,0,0,0,0,0,"SC 112",7,0,0,0,0,0,NA,NA,NA
"112","4.25.2018",NA,113,"AS",52,49,NA,530,"LT",530,0,1,0,0,0,0,0,0,0,0,0,"AS 113",1,1,1,0,1,0,NA,NA,NA
"113","4.25.2018",NA,114,"SC",39,3,230,190,"LT",190,1,2,0,0,0,0,0,0,0,0,0,"SC 114",4,3,3,0,0,3,NA,NA,NA
"114","4.25.2018",NA,115,"SC",46,3,242,110,"SM",610,0,0,0,1,1,0,0,0,0,0,0,"SC 115",0,2,2,0,0,2,NA,NA,NA
"115","4.25.2018","UP",116,"SD",39,41,317,50,"SD",6740,0,0,0,2,0,0,0,0,0,0,0,"SD 116",0,2,2,0,2,0,NA,NA,NA
"116","4.25.2018","UP",117,"SM",70,42,334,80,"SM",5005,0,0,0,0,1,0,0,0,2,0,0,"SM 117",0,3,3,0,1,2,NA,NA,NA
"117","4.25.2018",NA,118,"LT",195,130,347,1470,"LT",1470,0,0,0,0,0,0,0,0,0,0,0,"LT 118",1,0,0,0,0,0,NA,NA,NA
"118","4.25.2018",NA,119,"SC",46,7,401,50,"AS",1800,0,2,0,0,0,0,0,0,0,0,0,"SC 119",2,2,2,0,0,2,NA,NA,NA
"119","4.25.2018",NA,120,"AS",35,16,421,160,"LT",160,1,0,0,0,0,0,0,0,0,0,0,"AS 120",0,1,1,0,0,1,NA,NA,NA
"120","4.26.2018",NA,121,"PP",18,2,909,245,"LT",245,2,0,0,0,1,0,0,0,0,0,0,"PP 121",0,3,3,0,0,3,0.0445,0.0415,0.003
"121","4.26.2018",NA,122,"PP",27,2,924,140,"AS",390,0,2,0,0,0,0,1,0,0,0,0,"PP 122",0,3,2,1,0,2,0.0445,0.0415,0.003
"122","4.26.2018",NA,123,"AS",50,71,947,125,"AS",730,0,1,0,0,0,0,1,0,0,0,0,"AS 123",0,2,1,1,1,0,0.0445,0.0415,0.003
"123","4.26.2018",NA,124,"PP",28,3,1005,300,"LT",560,0,2,0,0,0,0,0,0,0,0,0,"PP 124",9,2,2,0,0,2,0.0445,0.0415,0.003
"124","4.26.2018",NA,125,"SC",52,3,1021,50,"AS",1000,0,1,0,0,0,0,0,0,0,0,0,"SC 125",2,1,1,0,0,1,0.0445,0.0415,0.003
"125","4.26.2018",NA,126,"SC",42,7,1041,800,"AS",800,0,1,0,0,0,0,0,0,0,0,0,"SC 126",2,1,1,0,0,1,0.0445,0.0415,0.003
"126","4.26.2018",NA,127,"LT",190,156,1102,30,"AS",630,0,1,0,0,0,0,0,0,0,0,0,"LT 127",0,1,1,0,0,1,0.0445,0.0415,0.003
"127","4.26.2018",NA,128,"AS",53,62,1120,0,"EC",420,0,3,1,0,0,0,0,0,0,0,0,"AS 128",0,4,4,0,3,1,0.0445,0.0415,0.003
"128","4.26.2018",NA,129,"EC",42,11,1120,0,"AS",420,0,3,0,0,0,0,0,0,0,0,0,"EC 129",0,3,3,0,0,3,0.0445,0.0415,0.003
"129","4.26.2018",NA,130,"HH",26,1,1133,90,"EC",530,0,0,2,0,0,0,0,0,0,0,0,"HH 130",1,2,2,0,0,2,0.0445,0.0415,0.003
"130","4.26.2018",NA,131,"LT",180,50,1202,180,"LT",180,1,0,0,0,0,0,0,0,0,0,0,"LT 131",1,1,1,0,1,0,0.0445,0.0415,0.003
"131","4.26.2018",NA,132,"EC",64,192,1213,320,"AS",380,0,0,0,0,0,0,0,0,0,0,0,"EC 132",8,0,0,0,0,0,0.0445,0.0415,0.003
"132","4.26.2018",NA,133,"LT",165,96,1232,450,"LT",450,0,0,0,0,0,0,0,0,0,0,0,"LT 133",0,0,0,0,0,0,0.0445,0.0415,0.003
"133","4.26.2018",NA,134,"AS",45,47,1245,320,"SC",550,0,0,0,0,0,0,0,0,0,0,0,"AS 134",0,0,0,0,0,0,0.0445,0.0415,0.003
"134","4.26.2018",NA,135,"SM",65,12,101,65,"SM",535,0,1,0,0,3,0,0,0,0,0,0,"SM 135",0,4,4,0,3,1,0.0445,0.0415,0.003
"135","4.27.2018",NA,136,"AS",48,40,1038,0,"SC",2720,0,3,0,0,0,1,0,0,0,0,0,"AS 136",0,4,3,1,3,0,0.043,0.0385,0.0045
"136","4.27.2018",NA,137,"SC",54,3,1038,0,"AS",2720,0,4,0,0,0,0,0,0,0,0,0,"SC 137",0,4,4,0,0,4,0.043,0.0385,0.0045
"137","4.27.2018",NA,138,"SC",46,10,1054,25,"AS",2560,0,2,0,0,0,1,0,0,0,0,0,"SC 138",0,3,2,1,1,1,0.043,0.0385,0.0045
"138","4.27.2018",NA,141,"AS",54,80,1119,200,"AS",2810,0,1,0,0,0,0,0,0,0,0,0,"AS 141",2,1,1,0,1,0,0.043,0.0385,0.0045
"139","4.27.2018",NA,143,"EC",60,375,NA,105,"AS",285,2,5,0,0,1,0,0,0,0,0,0,"EC 143",4,8,8,0,0,8,0.043,0.0385,0.0045
"140","4.27.2018",NA,145,"LT",170,85,1209,160,"EC",630,0,1,3,0,0,0,0,0,0,0,0,"LT 145",1,4,4,0,0,4,0.043,0.0385,0.0045
"141","4.27.2018",NA,146,"EC",58,46,1209,0,"LT",0,1,1,2,0,0,0,0,0,0,0,0,"EC 146",1,4,4,0,2,2,0.043,0.0385,0.0045
"142","4.27.2018",NA,147,"EC",56,240,1226,30,"EC",260,2,0,1,0,0,0,0,0,0,0,0,"EC 147",10,3,3,0,1,2,0.043,0.0385,0.0045
"143","4.27.2018",NA,149,"LT",210,151,1247,300,"LT",300,2,0,0,0,0,0,0,0,0,0,0,"LT 149",4,2,2,0,2,0,0.043,0.0385,0.0045
"144","4.27.2018",NA,151,"LT",135,87,114,70,"AS",170,1,1,1,0,0,0,0,0,0,0,0,"LT 151",3,3,3,0,1,2,0.043,0.0385,0.0045
"145","4.27.2018",NA,153,"EC",58,92,200,60,"AS",320,0,4,1,0,0,0,0,0,0,0,0,"EC 153",5,5,5,0,1,4,0.043,0.0385,0.0045
"146","4.27.2018",NA,155,"LT",130,39,219,150,"LT",150,2,0,0,0,0,0,0,0,0,0,0,"LT 155",0,2,2,0,2,0,0.043,0.0385,0.0045
"147","4.27.2018",NA,157,"AS",51,22,236,125,"LT",650,0,1,0,0,0,0,0,0,0,0,0,"AS 157",0,1,1,0,1,0,0.043,0.0385,0.0045
"148","4.27.2018",NA,159,"LT",230,160,300,70,"AS",550,0,2,0,0,0,0,0,0,0,0,0,"LT 159",5,2,2,0,0,2,0.043,0.0385,0.0045
"149","4.27.2018",NA,161,"SM",55,7,326,710,"EL",3490,0,0,0,0,0,0,0,0,0,0,0,"SM 161",0,0,0,0,0,0,0.043,0.0385,0.0045
"150","4.27.2018",NA,139,"SC",58,8,1054,110,"SC",NA,0,1,0,0,0,2,0,0,0,0,0,"SC 139",2,3,1,2,2,-1,0.043,0.0385,0.0045
"151","4.27.2018",NA,140,"PP",22,1,1119,16,"SC",NA,0,0,0,0,0,0,0,0,0,0,0,"PP 140",3,0,0,0,0,0,0.043,0.0385,0.0045
"152","4.27.2018",NA,142,"AS",22,155,1140,140,"SM",205,1,3,0,0,1,0,0,0,0,0,0,"AS 142",1,5,5,0,3,2,0.043,0.0385,0.0045
"153","4.27.2018",NA,144,"HH",44,6,1209,130,"EC",303,0,0,2,0,0,0,0,0,0,0,0,"HH 144",3,2,2,0,0,2,0.043,0.0385,0.0045
"154","4.27.2018",NA,148,"EC",62,225,1226,15,"EC",260,1,0,1,0,0,0,0,0,0,0,0,"EC 148",3,2,2,0,1,1,0.043,0.0385,0.0045
"155","4.27.2018",NA,150,"AS",53,45,1247,270,"AS",603,0,1,0,0,0,0,0,0,0,0,0,"AS 150",0,1,1,0,1,0,0.043,0.0385,0.0045
"156","4.27.2018",NA,152,"SC",66,10,114,0,"EC",257,1,1,2,0,0,0,0,0,0,0,0,"SC 152",2,4,4,0,0,4,0.043,0.0385,0.0045
"157","4.27.2018",NA,154,"AS",34,38,200,147,"EC",442,0,1,2,0,0,0,0,0,0,0,0,"AS 154",0,3,3,0,1,2,0.043,0.0385,0.0045
"158","4.27.2018",NA,156,"SC",66,15,219,68,"AS",115,1,1,0,0,0,0,0,0,0,0,0,"SC 156",5,2,2,0,0,2,0.043,0.0385,0.0045
"159","4.27.2018",NA,158,"AS",54,30,236,125,"AS",536,0,1,0,0,0,0,0,0,0,0,0,"AS 158",0,1,1,0,1,0,0.043,0.0385,0.0045
"160","4.27.2018",NA,160,"SD",53,12,300,242,"SD",1525,0,2,0,1,0,0,0,0,0,0,0,"SD 160",1,3,3,0,1,2,0.043,0.0385,0.0045
"161","4.27.2018",NA,162,"EL",78,18,326,185,"EL",3570,0,0,0,0,0,0,0,0,1,0,0,"EL 162",0,1,1,0,1,0,0.043,0.0385,0.0045
"162","4.28.2018",NA,163,"LT",250,119,1021,60,"LT",60,2,0,0,0,0,0,0,0,0,0,0,"LT 163",3,2,2,0,2,0,NA,NA,NA
"163","4.28.2018",NA,165,"AS",69,46,1040,270,"AS",980,0,1,0,0,0,0,0,0,0,0,0,"AS 165",0,1,1,0,1,0,NA,NA,NA
"164","4.28.2018",NA,167,"SC",67,15,1057,140,"SC",380,0,1,0,0,0,0,0,0,0,0,0,"SC 167",2,1,1,0,0,1,NA,NA,NA
"165","4.28.2018",NA,169,"LT",185,69,1116,135,"LT",135,1,1,0,0,0,0,0,0,0,0,0,"LT 169",3,2,2,0,1,1,NA,NA,NA
"166","4.28.2018",NA,171,"AS",43,11,1138,20,"LT",800,0,2,0,0,0,0,0,0,0,0,0,"AS 171",0,2,2,0,2,0,NA,NA,NA
"167","4.28.2018",NA,173,"LT",165,112,1157,570,"LT",570,0,0,0,0,0,0,0,0,0,0,0,"LT 173",4,0,0,0,0,0,NA,NA,NA
"168","4.28.2018",NA,175,"SC",66,4,1214,0,"AS",330,0,2,0,0,0,0,0,0,0,0,0,"SC 175",1,2,2,0,0,2,NA,NA,NA
"169","4.28.2018",NA,176,"AS",37,24,1214,0,"SC",330,0,1,0,0,0,1,0,0,0,0,0,"AS 176",1,2,1,1,1,0,NA,NA,NA
"170","4.28.2018",NA,178,"SC",45,5,1237,20,"AS",360,0,2,1,0,0,0,0,0,0,0,0,"SC 178",0,3,3,0,0,3,NA,NA,NA
"171","4.28.2018",NA,180,"SC",50,4,134,190,"SC",230,0,0,0,0,0,1,0,0,0,0,0,"SC 180",1,1,0,1,1,-1,NA,NA,NA
"172","4.28.2018",NA,182,"LT",220,177,149,270,"PP",470,0,0,0,0,0,0,1,0,0,0,0,"LT 182",3,1,0,1,0,0,NA,NA,NA
"173","4.28.2018",NA,183,"SM",100,22,205,30,"SM",800,0,0,0,0,12,0,0,0,0,0,0,"SM 183",2,12,12,0,12,0,NA,NA,NA
"174","4.28.2018",NA,185,"AS",56,14,222,190,"AS",1970,0,1,0,0,0,0,0,0,0,0,0,"AS 185",1,1,1,0,1,0,NA,NA,NA
"175","4.28.2018",NA,187,"EC",50,190,241,0,"AS",160,1,3,2,0,0,0,0,0,0,0,0,"EC 187",0,6,6,0,2,4,NA,NA,NA
"176","4.28.2018",NA,189,"EC",60,130,258,30,"LT",30,1,0,2,0,0,0,0,0,0,0,0,"EC 189",0,3,3,0,2,1,NA,NA,NA
"177","4.28.2018",NA,191,"EC",60,58,316,80,"LT",80,1,0,0,0,0,0,0,0,0,0,0,"EC 191",1,1,1,0,0,1,NA,NA,NA
"178","4.28.2018",NA,193,"LT",205,89,335,100,"LT",110,1,1,0,0,0,0,0,0,0,0,0,"LT 193",1,2,2,0,1,1,NA,NA,NA
"179","4.28.2018",NA,195,"SD",78,23,358,120,"SM",2080,0,0,0,0,1,0,0,0,0,0,0,"SD 195",1,1,1,0,0,1,NA,NA,NA
"180","4.28.2018",NA,164,"SC",54,10,1021,443,"LT",443,0,0,0,0,0,0,0,0,0,0,0,"SC 164",1,0,0,0,0,0,NA,NA,NA
"181","4.28.2018",NA,166,"AS",65,45,1040,440,"AS",630,0,0,0,0,0,0,0,0,0,0,0,"AS 166",0,0,0,0,0,0,NA,NA,NA
"182","4.28.2018",NA,168,"PP",38,9,1057,149,"AS",890,0,2,0,0,0,0,0,0,0,0,0,"PP 168",0,2,2,0,0,2,NA,NA,NA
"183","4.28.2018",NA,170,"AS",47,85,1116,125,"LT",125,2,1,0,0,0,0,0,0,0,0,0,"AS 170",0,3,3,0,1,2,NA,NA,NA
"184","4.28.2018",NA,172,"EC",49,225,1138,149,"SC",615,0,0,0,0,0,1,0,0,0,0,0,"EC 172",2,1,0,1,0,0,NA,NA,NA
"185","4.28.2018",NA,174,"LT",122,105,1157,179,"SC",570,0,0,0,0,0,1,0,0,0,0,0,"LT 174",0,1,0,1,0,0,NA,NA,NA
"186","4.28.2018",NA,177,"AS",68,130,1214,74,"AS",348,0,6,0,0,0,0,0,0,0,0,0,"AS 177",1,6,6,0,6,0,NA,NA,NA
"187","4.28.2018",NA,179,"EC",30,175,1237,10,"LT",10,4,0,0,0,0,0,0,0,0,0,0,"EC 179",0,4,4,0,0,4,NA,NA,NA
"188","4.28.2018",NA,181,"PP",16,1,134,60,"AS",245,0,0,2,0,0,0,0,0,0,0,0,"PP 181",0,2,2,0,0,2,NA,NA,NA
"189","4.28.2018",NA,183,"AS",49,52,149,39,"AS",404,0,3,0,0,0,0,0,0,0,0,0,"AS 183",0,3,3,0,3,0,NA,NA,NA
"190","4.28.2018",NA,184,"SC",70,7,205,230,"AS",842,0,3,0,0,0,0,0,0,0,0,0,"SC 184",2,3,3,0,0,3,NA,NA,NA
"191","4.28.2018",NA,186,"SC",45,7,222,165,"AS",2110,0,2,0,0,0,0,0,0,0,0,0,"SC 186",0,2,2,0,0,2,NA,NA,NA
"192","4.28.2018",NA,188,"AS",81,80,242,167,"SC",2330,0,1,0,0,0,1,0,0,0,0,0,"AS 188",0,2,1,1,1,0,NA,NA,NA
"193","4.30.2018",NA,190,"EC",43,110,258,20,"LT",20,1,1,0,0,0,0,0,0,0,0,0,"EC 190",1,2,2,0,0,2,0.035,0.0315,0.0035
"194","4.30.2018",NA,192,"EC",53,360,316,95,"EC",350,1,0,2,0,0,0,0,0,0,0,0,"EC 192",2,3,3,0,2,1,0.035,0.0315,0.0035
"195","4.30.2018",NA,194,"SC",68,2,335,120,"SM",149,3,0,1,0,1,0,0,0,0,0,0,"SC 194",0,5,5,0,0,5,0.035,0.0315,0.0035
"196","4.30.2018",NA,196,"SC",72,9,NA,163,"SC",1100,0,0,0,1,0,1,1,0,0,0,0,"SC 196",3,3,1,2,1,0,0.035,0.0315,0.0035
"197","4.30.2018",NA,197,"AS",48,36,1056,65,"AS",444,0,6,0,0,0,0,0,0,0,0,0,"AS 197",0,6,6,0,6,0,0.035,0.0315,0.0035
"198","4.30.2018",NA,199,"LT",185,55,1117,65,"AS",460,0,1,0,0,0,1,0,0,0,0,0,"LT 199",5,2,1,1,0,1,0.035,0.0315,0.0035
"199","4.30.2018",NA,201,"SM",80,20,1132,30,"SM",845,0,0,0,0,11,0,0,0,0,0,1,"SM 201",0,12,12,0,11,1,0.035,0.0315,0.0035
"200","4.30.2018",NA,204,"AS",66,12,1149,40,"AS",3180,0,2,0,0,0,0,0,0,0,0,0,"AS 204",0,2,2,0,2,0,0.035,0.0315,0.0035
"201","4.30.2018",NA,205,"AS",68,29,1149,40,"AS",3230,0,2,0,0,0,0,0,0,0,0,0,"AS 205",0,2,2,0,2,0,0.035,0.0315,0.0035
"202","4.30.2018",NA,207,"SC",32,7,1206,200,"AS",3595,0,0,0,0,0,0,0,0,0,0,0,"SC 207",3,0,0,0,0,0,0.035,0.0315,0.0035
"203","4.30.2018",NA,209,"SM",65,32,1222,30,"SM",3320,0,1,1,0,9,0,0,0,0,0,0,"SM 209",4,11,11,0,9,2,0.035,0.0315,0.0035
"204","4.30.2018",NA,211,"LT",275,165,1243,0,"AS",310,0,2,0,0,0,1,0,0,0,0,0,"LT 211",2,3,2,1,0,2,0.035,0.0315,0.0035
"205","4.30.2018",NA,213,"SC",55,7,121,0,"AS",555,0,3,0,0,0,0,0,0,0,0,0,"SC 213",0,3,3,0,0,3,0.035,0.0315,0.0035
"206","4.30.2018",NA,214,"LT",90,10,138,0,"EC",305,0,3,1,0,0,0,0,0,0,0,0,"LT 214",0,4,4,0,0,4,0.035,0.0315,0.0035
"207","4.30.2018",NA,215,"EC",49,34,138,0,"LT",0,1,3,0,0,0,0,0,0,0,0,0,"EC 215",1,4,4,0,0,4,0.035,0.0315,0.0035
"208","4.30.2018",NA,219,"LT",210,77,154,55,"AS",420,0,2,1,0,0,0,0,0,0,0,0,"LT 219",1,3,3,0,0,3,0.035,0.0315,0.0035
"209","4.30.2018",NA,221,"LT",120,58,209,70,"LT",70,1,0,0,0,0,0,0,0,0,0,0,"LT 221",0,1,1,0,1,0,0.035,0.0315,0.0035
"210","4.30.2018",NA,223,"EC",65,120,229,135,"EC",575,0,0,2,0,0,0,0,0,0,0,0,"EC 223",0,2,2,0,2,0,0.035,0.0315,0.0035
"211","4.30.2018",NA,225,"LT",195,70,246,0,"LT",0,2,0,0,0,0,1,0,0,0,0,0,"LT 225",0,3,2,1,2,0,0.035,0.0315,0.0035
"212","4.30.2018",NA,227,"EC",50,240,301,95,"AS",450,0,1,1,0,0,0,0,0,0,0,0,"EC 227",2,2,2,0,1,1,0.035,0.0315,0.0035
"213","4.30.2018",NA,230,"EC",49,200,317,20,"AS",295,0,1,0,0,0,0,0,0,0,0,0,"EC 230",2,1,1,0,0,1,0.035,0.0315,0.0035
"214","4.30.2018",NA,231,"AS",49,18,317,20,"EC",275,0,0,2,0,0,0,0,0,0,0,0,"AS 231",0,2,2,0,0,2,0.035,0.0315,0.0035
"215","4.30.2018",NA,233,"SC",43,8,339,640,"SC",775,0,0,0,0,0,0,0,0,0,0,0,"SC 233",0,0,0,0,0,0,0.035,0.0315,0.0035
"216","4.30.2018",NA,235,"BW",34,4,355,45,"AS",615,0,2,0,0,0,0,0,0,0,0,0,"BW 235",1,2,2,0,0,2,0.035,0.0315,0.0035
"217","4.30.2018",NA,198,"SC",73,2,1056,70,"AS",310,0,9,0,0,0,0,0,0,0,0,0,"SC 198",2,9,9,0,0,9,0.035,0.0315,0.0035
"218","4.30.2018",NA,200,"AS",42,39,1117,83,"AS",398,0,3,0,0,0,0,0,0,0,0,0,"AS 200",0,3,3,0,3,0,0.035,0.0315,0.0035
"219","4.30.2018",NA,202,"SC",48,9,1132,192,"LT",192,1,0,0,0,0,0,0,0,0,0,0,"SC 202",1,1,1,0,0,1,0.035,0.0315,0.0035
"220","4.30.2018",NA,203,"BW",61,150,1149,133,"SC",3090,0,1,0,0,0,1,0,0,0,0,0,"BW 203",0,2,1,1,0,1,0.035,0.0315,0.0035
"221","4.30.2018",NA,206,"EC",54,90,1206,2,"EC",4920,0,0,3,0,0,0,0,0,0,0,0,"EC 206",1,3,3,0,3,0,0.035,0.0315,0.0035
"222","4.30.2018",NA,208,"PP",38,6,1222,125,"SM",2755,0,0,0,0,4,0,0,0,0,0,1,"PP 208",2,5,5,0,0,5,0.035,0.0315,0.0035
"223","4.30.2018",NA,210,"SC",78,14,1243,70,"AS",510,0,2,0,0,0,0,0,0,0,0,0,"SC 210",0,2,2,0,0,2,0.035,0.0315,0.0035
"224","4.30.2018",NA,212,"AS",54,80,121,38,"AS",47,2,4,0,0,0,0,0,0,0,0,0,"AS 212",1,6,6,0,4,2,0.035,0.0315,0.0035
"225","4.30.2018",NA,216,"AS",52,145,138,10,"AS",120,2,3,1,0,0,0,0,0,0,0,0,"AS 216",1,6,6,0,3,3,0.035,0.0315,0.0035
"226","4.30.2018",NA,217,"AS",43,100,138,10,"AS",124,2,0,1,0,0,0,0,0,0,0,0,"AS 217",0,3,3,0,0,3,0.035,0.0315,0.0035
"227","4.30.2018",NA,218,"EC",64,115,154,53,"AS",455,0,4,0,0,0,0,0,0,0,0,0,"EC 218",2,4,4,0,0,4,0.035,0.0315,0.0035
"228","4.30.2018",NA,220,"AS",63,165,209,38,"AS",525,0,1,0,0,0,0,0,0,0,0,0,"AS 220",1,1,1,0,1,0,0.035,0.0315,0.0035
"229","4.30.2018",NA,222,"EC",43,60,224,210,"EC",705,0,0,2,0,0,0,0,0,0,0,0,"EC 222",2,2,2,0,2,0,0.035,0.0315,0.0035
"230","4.30.2018",NA,224,"SC",52,7,246,116,"AS",506,0,1,0,0,0,0,0,0,0,0,0,"SC 224",0,1,1,0,0,1,0.035,0.0315,0.0035
"231","4.30.2018",NA,226,"AS",58,160,301,93,"AS",448,0,1,0,0,0,1,0,0,0,0,0,"AS 226",0,2,1,1,1,0,0.035,0.0315,0.0035
"232","4.30.2018",NA,228,"SC",62,9,317,13,"LT",13,3,0,0,0,0,0,0,0,0,0,0,"SC 228",2,3,3,0,0,3,0.035,0.0315,0.0035
"233","4.30.2018",NA,229,"LT",103,120,317,13,"SC",156,2,0,0,0,0,1,0,0,0,0,0,"LT 229",0,3,2,1,2,0,0.035,0.0315,0.0035
"234","4.30.2018",NA,232,"SC",54,8,339,227,"SC",921,0,0,0,0,0,1,0,0,0,0,0,"SC 232",0,1,0,1,1,-1,0.035,0.0315,0.0035
"235","4.30.2018",NA,234,"SC",52,4,355,171,"LT",171,1,0,0,0,0,0,0,0,0,0,2,"SC 234",0,3,3,0,0,3,0.035,0.0315,0.0035
"236","5.3.2018",NA,236,"SC",52,19,944,400,"AS",920,0,1,0,0,0,0,0,0,0,0,0,"SC 236",0,1,1,0,0,1,0.0385,0.0335,0.005
"237","5.3.2018",NA,237,"SM",70,27,959,30,"EL",2980,0,0,0,0,0,0,0,0,1,0,0,"SM 237",0,1,1,0,0,1,0.0385,0.0335,0.005
"238","5.3.2018",NA,238,"SC",52,4,1013,270,"SC",1250,0,0,0,0,0,1,0,0,0,0,0,"SC 238",0,1,0,1,1,-1,0.0385,0.0335,0.005
"239","5.3.2018",NA,239,"EC",36,15,1023,425,"SC",990,0,0,0,0,0,0,0,0,0,0,0,"EC 239",0,0,0,0,0,0,0.0385,0.0335,0.005
"240","5.3.2018",NA,240,"LT",230,84,1046,210,"AS",520,0,1,0,0,0,0,0,0,0,0,0,"LT 240",2,1,1,0,0,1,0.0385,0.0335,0.005
"241","5.3.2018",NA,241,"EC",53,41,1059,95,"EC",830,0,0,1,0,0,0,0,0,0,0,0,"EC 241",0,1,1,0,1,0,0.0385,0.0335,0.005
"242","5.3.2018",NA,242,"LT",145,49,1114,170,"LT",170,1,0,0,0,0,0,0,0,0,0,0,"LT 242",7,1,1,0,1,0,0.0385,0.0335,0.005
"243","5.3.2018",NA,243,"BW",45,2,1128,350,"LT",350,0,0,0,0,0,0,0,0,0,0,0,"BW 243",0,0,0,0,0,0,0.0385,0.0335,0.005
"244","5.3.2018",NA,244,"SC",45,6,1140,900,"LT",900,0,0,0,0,0,1,0,0,0,0,0,"SC 244",0,1,0,1,1,-1,0.0385,0.0335,0.005
"245","5.3.2018",NA,245,"AS",55,49,1155,670,"LT",670,0,0,0,0,0,0,0,0,0,0,0,"AS 245",1,0,0,0,0,0,0.0385,0.0335,0.005
"246","5.3.2018",NA,246,"SC",52,6,1210,340,"LT",340,0,0,0,0,0,0,0,0,0,0,0,"SC 246",0,0,0,0,0,0,0.0385,0.0335,0.005
"247","5.3.2018",NA,247,"AS",55,89,1246,140,"AS",410,0,1,0,0,0,1,0,0,0,0,0,"AS 247",1,2,1,1,1,0,0.0385,0.0335,0.005
"248","5.3.2018",NA,248,"SC",88,23,101,100,"AS",150,1,1,0,0,0,0,0,0,0,0,0,"SC 248",4,2,2,0,0,2,0.0385,0.0335,0.005
"249","5.3.2018",NA,249,"AS",62,31,119,70,"AS",308,1,2,0,0,0,0,0,0,0,0,0,"AS 249",0,3,3,0,2,1,0.0385,0.0335,0.005
"250","5.3.2018",NA,250,"LT",225,320,132,0,"AS",365,0,2,0,0,0,0,0,0,0,0,0,"LT 250",1,2,2,0,0,2,0.0385,0.0335,0.005
"251","5.3.2018",NA,251,"AS",45,39,147,365,"AS",580,0,0,0,0,0,0,0,0,0,0,0,"AS 251",2,0,0,0,0,0,0.0385,0.0335,0.005
"252","5.3.2018",NA,252,"EC",36,42,205,160,"EC",4290,0,0,1,0,0,0,0,0,0,0,0,"EC 252",1,1,1,0,1,0,0.0385,0.0335,0.005
"253","5.3.2018",NA,253,"SD",45,12,222,260,"SD",4620,0,0,0,1,0,0,0,0,0,0,0,"SD 253",1,1,1,0,1,0,0.0385,0.0335,0.005
"254","5.3.2018",NA,254,"BW",49,6,238,180,"SD",3860,0,0,0,1,0,0,0,0,0,0,0,"BW 254",1,1,1,0,0,1,0.0385,0.0335,0.005
"255","5.3.2018",NA,255,"SD",75,26,250,180,"BW",3490,0,0,0,0,0,0,0,0,0,0,1,"SD 255",0,1,1,0,0,1,0.0385,0.0335,0.005
"256","5.3.2018",NA,256,"SC",47,3,304,765,"SD",3090,0,0,0,0,0,0,0,0,0,0,0,"SC 256",1,0,0,0,0,0,0.0385,0.0335,0.005
"257","5.3.2018",NA,257,"SD",40,19,318,320,"SD",3615,0,0,0,0,0,0,0,0,0,0,0,"SD 257",0,0,0,0,0,0,0.0385,0.0335,0.005
"258","5.3.2018",NA,258,"EC",75,73,333,320,"EC",520,0,0,1,0,0,0,0,0,0,0,0,"EC 258",0,1,1,0,1,0,0.0385,0.0335,0.005
"259","5.3.2018",NA,259,"LT",215,93,349,245,"EC",360,0,0,1,0,0,0,0,0,0,0,0,"LT 259",0,1,1,0,0,1,0.0385,0.0335,0.005
"260","5.3.2018",NA,260,"BW",30,5,402,140,"AS",670,0,1,0,0,0,0,0,0,0,0,0,"BW 260",0,1,1,0,0,1,0.0385,0.0335,0.005
"261","5.4.2018",NA,261,"AS",40,41,941,335,"AS",2000,0,0,0,0,0,0,0,0,0,0,0,"AS 261",0,0,0,0,0,0,0.0335,0.031,0.0025
"262","5.4.2018",NA,262,"SM",90,31,959,45,"SM",1860,0,0,0,0,4,0,0,0,0,0,0,"SM 262",4,4,4,0,4,0,0.0335,0.031,0.0025
"263","5.4.2018",NA,263,"BW",55,62,1022,210,"SC",2050,0,0,0,0,0,1,0,0,0,0,0,"BW 263",1,1,0,1,0,0,0.0335,0.031,0.0025
"264","5.4.2018",NA,264,"EC",48,43,1038,90,"EC",730,0,0,2,0,0,0,0,0,0,0,0,"EC 264",1,2,2,0,2,0,0.0335,0.031,0.0025
"265","5.4.2018",NA,265,"LT",150,146,1055,155,"LT",155,1,0,0,0,0,0,0,0,0,0,0,"LT 265",3,1,1,0,1,0,0.0335,0.031,0.0025
"266","5.4.2018",NA,266,"SC",36,4,1103,420,"LT",420,0,0,0,0,0,0,0,0,0,0,0,"SC 266",1,0,0,0,0,0,0.0335,0.031,0.0025
"267","5.4.2018",NA,267,"AS",34,25,1118,300,"LT",300,1,0,0,0,0,0,0,0,0,0,0,"AS 267",0,1,1,0,0,1,0.0335,0.031,0.0025
"268","5.4.2018",NA,268,"SC",65,11,1135,120,"LT",120,1,1,0,0,0,0,0,0,0,0,0,"SC 268",2,2,2,0,0,2,0.0335,0.031,0.0025
"269","5.4.2018",NA,269,"SC",46,18,1150,90,"AS",NA,0,2,0,0,0,0,0,0,0,0,0,"SC 269",0,2,2,0,0,2,0.0335,0.031,0.0025
"270","5.4.2018",NA,270,"AS",50,24,1206,35,"SC",380,0,0,0,0,0,1,0,0,0,0,0,"AS 270",1,1,0,1,0,0,0.0335,0.031,0.0025
"271","5.4.2018",NA,271,"LT",230,312,1217,0,"LT",0,1,0,0,0,0,0,0,0,0,0,0,"LT 271",6,1,1,0,1,0,0.0335,0.031,0.0025
"272","5.4.2018",NA,272,"HH",25,2,101,1810,"SC",3230,0,0,0,0,0,0,0,0,0,0,0,"HH 272",0,0,0,0,0,0,0.0335,0.031,0.0025
"273","5.4.2018",NA,273,"AS",53,34,118,430,"AS",2630,0,0,0,0,0,0,0,0,0,0,0,"AS 273",4,0,0,0,0,0,0.0335,0.031,0.0025
"274","5.4.2018",NA,274,"SC",55,17,133,450,"SC",2105,0,0,0,0,0,0,0,0,0,0,0,"SC 274",0,0,0,0,0,0,0.0335,0.031,0.0025
"275","5.4.2018",NA,275,"LT",275,351,150,360,"AS",810,0,0,0,0,0,0,0,0,0,0,0,"LT 275",9,0,0,0,0,0,0.0335,0.031,0.0025
"276","5.4.2018",NA,276,"LT",155,105,210,410,"LT",410,0,0,0,0,0,0,0,0,0,0,0,"LT 276",5,0,0,0,0,0,0.0335,0.031,0.0025
"277","5.4.2018",NA,277,"AS",50,51,223,120,"AS",650,0,3,0,0,0,0,0,0,0,0,0,"AS 277",4,3,3,0,3,0,0.0335,0.031,0.0025
"278","5.4.2018",NA,278,"LT",145,63,242,30,"SC",510,0,0,0,0,0,0,0,0,0,0,0,"LT 278",0,0,0,0,0,0,0.0335,0.031,0.0025
"279","5.4.2018",NA,279,"EC",45,23,257,220,"LT",220,1,1,0,0,0,0,0,0,0,0,0,"EC 279",0,2,2,0,0,2,0.0335,0.031,0.0025
"280","5.4.2018",NA,280,"EC",58,26,318,280,"SC",660,0,0,0,0,0,2,0,0,0,0,0,"EC 280",1,2,0,2,0,0,0.0335,0.031,0.0025
"281","5.4.2018",NA,281,"EC",46,95,330,120,"LT",120,1,0,1,0,0,0,0,0,0,0,0,"EC 281",2,2,2,0,1,1,0.0335,0.031,0.0025
"282","5.4.2018",NA,283,"AS",50,68,356,30,"AS",90,1,0,0,0,0,0,0,0,0,0,0,"AS 283",5,1,1,0,0,1,0.0335,0.031,0.0025
"283","5.4.2018",NA,284,"AS",36,14,356,30,"AS",110,1,0,0,0,0,0,0,0,0,0,0,"AS 284",0,1,1,0,0,1,0.0335,0.031,0.0025
"284","5.4.2018",NA,285,"SC",55,16,408,490,"SC",700,0,0,0,0,0,0,0,0,0,0,0,"SC 285",4,0,0,0,0,0,0.0335,0.031,0.0025
"285","5.4.2018",NA,286,"LT",185,93,422,10,"SC",650,0,0,0,0,0,1,0,0,0,0,0,"LT 286",4,1,0,1,0,0,0.0335,0.031,0.0025
"286","5.5.2018",NA,287,"AS",48,28,1010,60,"AS",175,1,2,0,0,0,1,0,0,0,0,0,"AS 287",1,4,3,1,2,1,0.033,0.0265,0.0065
"287","5.5.2018",NA,288,"SC",59,4,1029,0,"AS",410,0,2,0,0,0,0,0,0,0,0,0,"SC 288",1,2,2,0,0,2,0.033,0.0265,0.0065
"288","5.5.2018",NA,289,"AS",44,12,1029,0,"SC",410,0,1,0,0,0,1,0,0,0,0,0,"AS 289",0,2,1,1,1,0,0.033,0.0265,0.0065
"289","5.5.2018",NA,290,"LT",150,125,1040,140,"AS",200,1,2,0,0,0,0,0,0,0,0,0,"LT 290",0,3,3,0,1,2,0.033,0.0265,0.0065
"290","5.5.2018",NA,291,"AS",63,41,1058,290,"AS",670,0,1,0,0,0,0,0,0,0,0,0,"AS 291",0,1,1,0,1,0,0.033,0.0265,0.0065
"291","5.5.2018",NA,292,"SC",70,4,1114,560,"LT",560,0,0,0,0,0,0,0,0,0,0,0,"SC 292",0,0,0,0,0,0,0.033,0.0265,0.0065
"292","5.5.2018",NA,293,"EC",25,11,1130,100,"AS",135,1,1,0,0,0,0,0,0,0,0,0,"EC 293",0,2,2,0,0,2,0.033,0.0265,0.0065
"293","5.5.2018",NA,294,"LT",150,123,1148,30,"LT",30,3,0,0,0,0,0,0,0,0,0,0,"LT 294",2,3,3,0,3,0,0.033,0.0265,0.0065
"294","5.5.2018",NA,295,"LT",310,343,1217,0,"LT",0,2,0,0,0,0,0,0,0,0,0,0,"LT 295",7,2,2,0,2,0,0.033,0.0265,0.0065
"295","5.5.2018",NA,296,"SC",68,10,1231,150,"SC",220,1,1,0,0,0,1,0,0,0,0,0,"SC 296",9,3,2,1,1,1,0.033,0.0265,0.0065
"296","5.5.2018",NA,297,"AS",49,21,115,135,"LT",135,1,1,0,0,0,0,0,0,0,0,0,"AS 297",0,2,2,0,1,1,0.033,0.0265,0.0065
"297","5.5.2018",NA,298,"SC",39,2,129,0,"AS",400,0,1,0,0,0,0,0,0,0,0,0,"SC 298",3,1,1,0,0,1,0.033,0.0265,0.0065
"298","5.5.2018",NA,299,"AS",33,33,129,0,"SC",400,0,0,0,0,0,2,0,0,0,0,0,"AS 299",1,2,0,2,0,0,0.033,0.0265,0.0065
"299","5.5.2018",NA,300,"BW",45,4,145,185,"AS",2475,0,3,0,0,0,0,0,0,0,0,0,"BW 300",1,3,3,0,0,3,0.033,0.0265,0.0065
"300","5.5.2018",NA,301,"BW",50,39,159,110,"BW",3395,0,0,0,0,0,0,0,0,0,0,1,"BW 301",7,1,1,0,1,0,0.033,0.0265,0.0065
"301","5.5.2018",NA,302,"LT",105,49,219,150,"LT",150,1,1,0,0,0,1,0,0,0,0,0,"LT 302",0,3,2,1,1,1,0.033,0.0265,0.0065
"302","5.5.2018",NA,303,"SC",56,12,231,0,"AS",300,1,3,0,0,0,0,0,0,0,0,0,"SC 303",13,4,4,0,0,4,0.033,0.0265,0.0065
"303","5.5.2018",NA,304,"AS",41,16,234,0,"SC",300,1,2,0,0,0,1,0,0,0,0,0,"AS 304",0,4,3,1,2,1,0.033,0.0265,0.0065
"304","5.5.2018",NA,305,"BW",48,20,251,45,"BW",1100,0,0,0,0,1,0,0,0,0,0,2,"BW 305",3,3,3,0,2,1,0.033,0.0265,0.0065
"305","5.5.2018",NA,306,"LT",145,47,312,490,"LT",490,0,0,0,0,0,0,0,0,0,0,0,"LT 306",1,0,0,0,0,0,0.033,0.0265,0.0065
"306","5.5.2018",NA,307,"EC",52,87,328,50,"AS",570,0,1,0,0,0,2,0,0,0,0,0,"EC 307",0,3,1,2,0,1,0.033,0.0265,0.0065
"307","5.5.2018",NA,308,"BW",30,4,347,230,"LT",230,1,1,0,0,0,0,0,0,0,0,0,"BW 308",0,2,2,0,0,2,0.033,0.0265,0.0065
"308","5.5.2018",NA,309,"LT",140,38,400,120,"LT",120,1,1,0,0,0,0,0,0,0,0,1,"LT 309",0,3,3,0,1,2,0.033,0.0265,0.0065
"309","5.5.2018",NA,310,"BW",52,19,413,300,"LT",300,0,2,0,0,0,0,0,0,0,0,0,"BW 310",4,2,2,0,0,2,0.033,0.0265,0.0065
"310","5.5.2018",NA,311,"SC",59,11,430,120,"LT",120,0,2,0,0,0,0,0,0,0,0,0,"SC 311",3,2,2,0,0,2,0.033,0.0265,0.0065
"311","5.6.2018",NA,312,"SC",45,5,1037,105,"AS",1430,0,1,0,0,0,0,0,0,0,0,0,"SC 312",5,1,1,0,0,1,0.0265,0.024,0.0025
"312","5.6.2018",NA,313,"AS",40,43,1050,450,"AS",2030,0,0,0,0,0,0,0,0,0,0,0,"AS 313",0,0,0,0,0,0,0.0265,0.024,0.0025
"313","5.6.2018",NA,314,"SC",59,8,1104,320,"LT",320,0,0,0,0,0,0,0,0,0,0,0,"SC 314",2,0,0,0,0,0,0.0265,0.024,0.0025
"314","5.6.2018",NA,315,"LT",155,170,1120,100,"SC",640,0,0,0,0,0,1,0,0,0,0,0,"LT 315",3,1,0,1,0,0,0.0265,0.024,0.0025
"315","5.6.2018",NA,316,"AS",56,79,1137,95,"AS",250,1,1,0,0,0,0,0,0,0,0,0,"AS 316",0,2,2,0,1,1,0.0265,0.024,0.0025
"316","5.6.2018",NA,317,"AS",40,55,1137,95,"AS",360,0,6,0,0,0,0,0,0,0,0,0,"AS 317",0,6,6,0,6,0,0.0265,0.024,0.0025
"317","5.6.2018",NA,318,"BW",46,4,1153,365,"LT",365,0,0,0,0,0,0,0,0,0,0,0,"BW 318",0,0,0,0,0,0,0.0265,0.024,0.0025
"318","5.6.2018",NA,319,"LT",240,209,1206,170,"LT",170,2,0,0,0,0,0,0,0,0,0,0,"LT 319",2,2,2,0,2,0,0.0265,0.024,0.0025
"319","5.6.2018",NA,320,"BW",48,8,1224,350,"BW",675,0,0,0,0,0,0,0,0,0,0,0,"BW 320",0,0,0,0,0,0,0.0265,0.024,0.0025
"320","5.6.2018",NA,321,"LT",140,110,1242,990,"LT",990,0,0,0,0,0,0,0,0,0,0,0,"LT 321",0,0,0,0,0,0,0.0265,0.024,0.0025
"321","5.6.2018",NA,322,"SC",63,5,1259,0,"LT",0,3,0,0,0,0,1,0,0,0,0,0,"SC 322",8,4,3,1,1,2,0.0265,0.024,0.0025
"322","5.6.2018",NA,323,"AS",49,85,113,105,"AS",115,3,1,0,0,0,0,0,0,0,0,0,"AS 323",3,4,4,0,1,3,0.0265,0.024,0.0025
"323","5.6.2018",NA,324,"AS",45,36,152,270,"AS",280,1,1,0,0,0,0,0,0,0,0,0,"AS 324",0,2,2,0,1,1,0.0265,0.024,0.0025
"324","5.6.2018",NA,325,"LT",200,173,204,160,"AS",80,0,2,0,0,0,0,0,0,0,0,0,"LT 325",1,2,2,0,0,2,0.0265,0.024,0.0025
"325","5.6.2018",NA,326,"SC",85,18,220,260,"SC",470,0,0,0,0,0,1,0,0,0,0,0,"SC 326",2,1,0,1,1,-1,0.0265,0.024,0.0025
"326","5.6.2018",NA,327,"AS",62,38,238,160,"SC",NA,0,0,0,0,0,1,0,0,0,0,0,"AS 327",1,1,0,1,0,0,0.0265,0.024,0.0025
"327","5.6.2018",NA,328,"SC",52,11,256,280,"LT",280,1,0,0,0,0,0,0,0,0,0,0,"SC 328",1,1,1,0,0,1,0.0265,0.024,0.0025
"328","5.6.2018",NA,329,"BW",46,10,311,65,"AS",830,0,1,0,0,0,0,0,0,0,0,1,"BW 329",0,2,2,0,1,1,0.0265,0.024,0.0025
"329","5.6.2018",NA,330,"AS",59,24,311,65,"BW",760,0,0,0,0,0,0,0,0,0,0,2,"AS 330",0,2,2,0,0,2,0.0265,0.024,0.0025
"330","5.6.2018",NA,331,"BW",38,4,326,200,"LT",200,0,1,0,0,0,0,0,0,0,0,1,"BW 331",0,2,2,0,1,1,0.0265,0.024,0.0025
"331","5.6.2018",NA,332,"LT",245,111,338,370,"LT",370,0,0,0,0,0,0,0,0,0,0,0,"LT 332",0,0,0,0,0,0,0.0265,0.024,0.0025
"332","5.6.2018",NA,333,"BW",50,4,353,200,"AS",230,1,1,0,0,0,0,0,0,0,0,0,"BW 333",0,2,2,0,0,2,0.0265,0.024,0.0025
"333","5.6.2018",NA,334,"EC",32,90,405,300,"SC",770,0,0,0,0,0,1,0,0,0,0,0,"EC 334",0,1,0,1,0,0,0.0265,0.024,0.0025
"334","5.6.2018",NA,335,"SC",69,2,426,750,"BW",2760,0,0,0,0,0,0,0,0,0,0,0,"SC 335",1,0,0,0,0,0,0.0265,0.024,0.0025
"335","5.7.2018",NA,336,"BW",37,8,1004,285,"AS",565,0,2,0,0,0,0,0,0,0,0,0,"BW 336",3,2,2,0,0,2,0.03,0.0245,0.0055
"336","5.7.2018",NA,337,"AS",54,26,1015,56,"AS",420,0,1,0,0,0,0,0,0,0,0,0,"AS 337",2,1,1,0,1,0,0.03,0.0245,0.0055
"337","5.7.2018",NA,338,"BW",44,23,1028,100,"AS",770,0,2,0,0,0,0,0,0,0,0,1,"BW 338",17,3,3,0,1,2,0.03,0.0245,0.0055
"338","5.7.2018",NA,339,"LT",210,210,1052,160,"AS",260,1,1,0,0,0,0,0,0,0,0,0,"LT 339",3,2,2,0,1,1,0.03,0.0245,0.0055
"339","5.7.2018",NA,340,"BW",33,5,1107,70,"BW",335,0,0,0,0,0,0,0,0,0,0,3,"BW 340",6,3,3,0,3,0,0.03,0.0245,0.0055
"340","5.7.2018",NA,341,"SC",52,14,1123,70,"AS",70,1,3,0,0,0,0,0,0,0,0,0,"SC 341",6,4,4,0,0,4,0.03,0.0245,0.0055
"341","5.7.2018",NA,342,"AS",39,27,1138,135,"AS",400,0,3,0,0,0,0,0,0,0,0,0,"AS 342",1,3,3,0,3,0,0.03,0.0245,0.0055
"342","5.7.2018",NA,343,"SC",40,7,1157,280,"AS",370,0,1,0,0,0,0,0,0,0,0,0,"SC 343",1,1,1,0,0,1,0.03,0.0245,0.0055
"343","5.7.2018",NA,344,"AS",64,60,1212,130,"AS",450,0,3,0,0,0,0,0,0,0,0,0,"AS 344",1,3,3,0,3,0,0.03,0.0245,0.0055
"344","5.7.2018",NA,345,"LT",200,229,1250,125,"AS",730,0,1,0,0,0,0,0,0,0,0,0,"LT 345",1,1,1,0,0,1,0.03,0.0245,0.0055
"345","5.7.2018",NA,346,"AS",69,56,106,90,"AS",470,0,2,0,0,0,0,0,0,0,0,0,"AS 346",2,2,2,0,2,0,0.03,0.0245,0.0055
"346","5.7.2018",NA,347,"AS",40,10,106,90,"AS",620,0,2,0,0,0,0,0,0,0,0,0,"AS 347",0,2,2,0,2,0,0.03,0.0245,0.0055
"347","5.7.2018",NA,348,"SC",34,2,122,125,"AS",510,0,1,0,0,0,0,0,0,0,0,0,"SC 348",0,1,1,0,0,1,0.03,0.0245,0.0055
"348","5.7.2018",NA,349,"LT",280,170,139,400,"LT",400,0,0,0,0,0,0,0,0,0,0,0,"LT 349",1,0,0,0,0,0,0.03,0.0245,0.0055
"349","5.7.2018",NA,350,"SC",68,23,159,1000,"SC",NA,0,0,0,0,0,0,0,0,0,0,0,"SC 350",5,0,0,0,0,0,0.03,0.0245,0.0055
"350","5.7.2018",NA,351,"SC",53,11,218,340,"LT",340,0,0,0,0,0,0,0,0,0,0,0,"SC 351",6,0,0,0,0,0,0.03,0.0245,0.0055
"351","5.7.2018",NA,352,"BW",50,9,234,20,"LT",20,1,2,0,0,0,0,0,0,0,0,0,"BW 352",1,3,3,0,0,3,0.03,0.0245,0.0055
"352","5.7.2018",NA,353,"LT",250,153,249,20,"BW",305,0,1,0,0,0,0,0,0,0,0,1,"LT 353",0,2,2,0,0,2,0.03,0.0245,0.0055
"353","5.7.2018",NA,354,"BW",36,7,302,35,"BW",240,1,0,0,0,0,0,0,0,0,0,2,"BW 354",3,3,3,0,2,1,0.03,0.0245,0.0055
"354","5.7.2018",NA,355,"BW",39,4,302,35,"BW",250,1,0,0,0,0,0,0,0,0,0,2,"BW 355",2,3,3,0,2,1,0.03,0.0245,0.0055
"355","5.7.2018",NA,356,"SC",34,5,320,180,"LT",180,1,0,0,0,0,0,0,0,0,0,1,"SC 356",5,2,2,0,0,2,0.03,0.0245,0.0055
"356","5.7.2018",NA,357,"LT",270,154,337,405,"LT",405,0,0,0,0,0,0,0,0,0,0,0,"LT 357",1,0,0,0,0,0,0.03,0.0245,0.0055
"357","5.7.2018",NA,358,"AS",46,46,349,135,"AS",155,2,1,0,0,0,0,0,0,0,0,0,"AS 358",0,3,3,0,1,2,0.03,0.0245,0.0055
"358","5.7.2018",NA,359,"SC",76,6,406,150,"LT",150,3,0,0,0,0,0,0,0,0,0,0,"SC 359",3,3,3,0,0,3,0.03,0.0245,0.0055
"359","5.7.2018",NA,360,"LT",230,61,420,240,"SC",560,0,0,0,0,0,1,0,0,0,0,0,"LT 360",0,1,0,1,0,0,0.03,0.0245,0.0055
"360","5.8.2018",NA,361,"AS",54,43,955,125,"AS",1310,0,2,0,0,0,0,0,0,0,0,0,"AS 361",5,2,2,0,2,0,0.0275,0.026,0.0015
"361","5.8.2018",NA,362,"BW",36,8,1015,250,"SC",585,0,0,0,0,0,1,0,0,0,0,0,"BW 362",0,1,0,1,0,0,0.0275,0.026,0.0015
"362","5.8.2018",NA,363,"SC",70,3,1030,0,"HH",410,0,1,0,0,0,1,0,0,0,0,0,"SC 363",1,2,1,1,1,0,0.0275,0.026,0.0015
"363","5.8.2018",NA,364,"HH",19,1,1030,0,"SC",410,0,1,0,0,0,0,0,1,0,0,0,"HH 364",2,2,1,1,1,0,0.0275,0.026,0.0015
"364","5.8.2018",NA,365,"BW",46,13,1044,235,"LT",235,1,0,0,0,0,0,0,0,0,0,0,"BW 365",4,1,1,0,0,1,0.0275,0.026,0.0015
"365","5.8.2018",NA,366,"LT",225,175,1059,130,"LT",130,0,0,0,0,0,1,0,0,0,0,5,"LT 366",5,6,5,1,0,5,0.0275,0.026,0.0015
"366","5.8.2018",NA,367,"BW",54,19,1116,25,"SC",400,0,0,0,0,0,0,0,0,0,0,6,"BW 367",3,6,6,0,6,0,0.0275,0.026,0.0015
"367","5.8.2018",NA,368,"SC",46,3,1116,25,"BW",470,2,1,0,0,0,0,0,0,0,0,0,"SC 368",0,3,3,0,0,3,0.0275,0.026,0.0015
"368","5.8.2018",NA,369,"AS",69,81,1131,105,"LT",105,1,1,0,0,0,0,0,0,0,0,1,"AS 369",2,3,3,0,1,2,0.0275,0.026,0.0015
"369","5.8.2018",NA,370,"LT",270,301,1144,105,"AS",150,2,2,0,0,0,0,0,0,0,0,0,"LT 370",2,4,4,0,2,2,0.0275,0.026,0.0015
"370","5.8.2018",NA,371,"AS",59,35,1204,95,"AS",240,1,1,0,0,0,0,0,0,0,0,0,"AS 371",3,2,2,0,1,1,0.0275,0.026,0.0015
"371","5.8.2018",NA,372,"AS",56,63,1204,95,"AS",160,1,1,0,0,0,0,0,0,0,0,0,"AS 372",3,2,2,0,1,1,0.0275,0.026,0.0015
"372","5.8.2018",NA,373,"LT",135,87,1248,155,"AS",495,0,1,0,0,0,0,0,0,0,0,0,"LT 373",0,1,1,0,0,1,0.0275,0.026,0.0015
"373","5.8.2018",NA,374,"SC",78,3,107,35,"LT",315,0,0,0,0,0,0,0,0,0,0,0,"SC 374",3,0,0,0,0,0,0.0275,0.026,0.0015
"374","5.8.2018",NA,375,"BW",53,20,124,340,"LT",340,0,0,0,0,0,0,0,0,0,0,0,"BW 375",6,0,0,0,0,0,0.0275,0.026,0.0015
"375","5.8.2018",NA,376,"EC",55,20,136,290,"LT",290,1,0,0,0,0,0,0,0,0,0,0,"EC 376",1,1,1,0,0,1,0.0275,0.026,0.0015
"376","5.8.2018",NA,377,"LT",177,122,149,140,"LT",140,1,0,1,0,0,0,0,0,0,0,0,"LT 377",1,2,2,0,1,1,0.0275,0.026,0.0015
"377","5.8.2018",NA,378,"BW",42,16,212,110,"LT",110,1,0,0,0,0,0,0,0,0,0,2,"BW 378",4,3,3,0,2,1,0.0275,0.026,0.0015
"378","5.8.2018",NA,379,"BW",54,27,232,265,"LT",265,1,0,0,0,0,0,0,0,0,0,1,"BW 379",2,2,2,0,1,1,0.0275,0.026,0.0015
"379","5.8.2018",NA,380,"AS",48,25,251,240,"LT",240,1,0,0,0,0,0,0,0,0,0,0,"AS 380",2,1,1,0,0,1,0.0275,0.026,0.0015
"380","5.8.2018",NA,381,"AS",56,62,308,160,"AS",160,1,3,0,0,0,0,0,0,0,0,0,"AS 381",2,4,4,0,3,1,0.0275,0.026,0.0015
"381","5.8.2018",NA,382,"SC",53,4,321,50,"AS",400,0,2,0,0,0,0,0,0,0,0,0,"SC 382",1,2,2,0,0,2,0.0275,0.026,0.0015
"382","5.8.2018",NA,383,"SC",52,3,334,205,"LT",205,1,0,0,0,0,0,0,0,0,0,0,"SC 383",1,1,1,0,0,1,0.0275,0.026,0.0015
"383","5.8.2018",NA,384,"LT",195,380,348,0,"LT",0,1,1,0,0,0,1,0,0,0,0,0,"LT 384",5,3,2,1,1,1,0.0275,0.026,0.0015
"384","5.8.2018",NA,385,"SC",39,3,402,205,"LT",205,1,0,0,0,0,0,0,0,0,0,0,"SC 385",3,1,1,0,0,1,0.0275,0.026,0.0015
"385","5.9.2018",NA,386,"AS",58,31,947,350,"LT",350,0,0,0,0,0,0,0,0,0,0,0,"AS 386",0,0,0,0,0,0,NA,NA,NA
"386","5.9.2018",NA,387,"LT",155,94,1002,225,"AS",730,0,1,0,0,0,0,0,0,0,0,0,"LT 387",0,1,1,0,0,1,NA,NA,NA
"387","5.9.2018",NA,388,"BW",39,3,1016,115,"AS",635,0,1,0,0,0,0,0,0,0,0,0,"BW 388",0,1,1,0,0,1,NA,NA,NA
"388","5.9.2018",NA,389,"AS",40,13,1016,115,"BW",510,0,0,0,0,0,0,0,0,0,0,1,"AS 389",0,1,1,0,0,1,NA,NA,NA
"389","5.9.2018",NA,390,"AS",33,31,1039,660,"AS",950,0,0,0,0,0,0,0,0,0,0,0,"AS 390",0,0,0,0,0,0,NA,NA,NA
"390","5.9.2018",NA,391,"LT",220,198,1058,50,"LT",50,0,0,0,0,0,0,0,0,0,0,0,"LT 391",0,0,0,0,0,0,NA,NA,NA
"391","5.9.2018",NA,392,"BW",34,5,1114,75,"BW",655,0,0,0,0,0,0,0,0,0,0,1,"BW 392",0,1,1,0,1,0,NA,NA,NA
"392","5.9.2018",NA,393,"LT",210,465,1130,470,"BW",485,0,0,0,0,0,0,0,0,0,0,0,"LT 393",0,0,0,0,0,0,NA,NA,NA
"393","5.9.2018",NA,394,"BW",41,6,1142,315,"LT",315,0,0,0,0,0,0,0,0,0,0,0,"BW 394",0,0,0,0,0,0,NA,NA,NA
"394","5.9.2018",NA,395,"LT",62,40,1156,250,"BW",685,0,0,0,0,0,0,0,0,0,0,3,"LT 395",0,3,3,0,0,3,NA,NA,NA
